datetime,Tryptophan RFU,CDOM RFU,Temperature
9/19/24 0:06,51.9,1565.3,21.01
9/19/24 0:16,51.6,1563.7,21.03
9/19/24 0:26,49.4,1559.6,21.04
9/19/24 0:36,51.3,1566.1,21.05
9/19/24 0:46,50.8,1568,21.07
9/19/24 0:56,50.7,1568.1,21.08
9/19/24 1:06,51.5,1565.2,21.1
9/19/24 1:16,50.6,1566.8,21.1
9/19/24 1:26,51.1,1564.7,21.11
9/19/24 1:36,50.2,1559.6,21.12
9/19/24 1:46,50,1566.6,21.13
9/19/24 1:56,50.2,1569.9,21.14
9/19/24 2:06,49.5,1572.7,21.14
9/19/24 2:16,49.4,1565.5,21.14
9/19/24 2:26,50.2,1555.1,21.14
9/19/24 2:36,50.6,1565.2,21.14
9/19/24 2:46,51.1,1561.6,21.14
9/19/24 2:56,51.4,1553.9,21.13
9/19/24 3:06,50.7,1553.2,21.12
9/19/24 3:16,51,1563.5,21.1
9/19/24 3:26,51.8,1540.9,21.07
9/19/24 3:36,52.3,1630,21.04
9/19/24 3:46,51.5,1639.6,21.01
9/19/24 3:56,51,1642.5,20.98
9/19/24 4:06,51.4,1650.1,20.95
9/19/24 4:16,50.7,1656.1,20.91
9/19/24 4:26,52.5,1660.8,20.88
9/19/24 4:36,51.8,1649,20.85
9/19/24 4:56,50.8,1657.7,20.77
9/19/24 5:06,52.2,1662.2,20.74
9/19/24 5:16,51.2,1663.5,20.7
9/19/24 5:26,51.9,1668.4,20.67
9/19/24 5:36,51.2,1664.4,20.63
9/19/24 5:46,51,1669.8,20.6
9/19/24 5:56,50.3,1667.8,20.56
9/19/24 6:06,51.6,1668,20.53
9/19/24 6:16,50.5,1654.8,20.5
9/19/24 6:26,50.5,1655.2,20.47
9/19/24 6:36,50,1655.3,20.44
9/19/24 6:46,52,1659.6,20.41
9/19/24 6:56,51.4,1668.3,20.38
9/19/24 7:06,53.2,1671.9,20.35
9/19/24 7:16,52,1646.1,20.32
9/19/24 7:26,51,1623.1,20.29
9/19/24 7:36,51.1,1657.3,20.26
9/19/24 7:46,50.7,1635.9,20.23
9/19/24 7:56,51.5,1647.6,20.21
9/19/24 8:06,52.2,1627.1,20.19
9/19/24 8:16,49.9,1657.8,20.17
9/19/24 8:26,49.9,1654,20.15
9/19/24 8:36,51.7,1649,20.13
9/19/24 8:46,51.8,1627.3,20.12
9/19/24 8:56,51.2,1621.5,20.11
9/19/24 9:06,52.5,1623.8,20.11
9/19/24 9:16,51.5,1618.1,20.1
9/19/24 9:26,51.6,1620.4,20.1
9/19/24 9:36,52.3,1611.5,20.1
9/19/24 9:46,50.8,1602,20.11
9/19/24 9:56,51.7,1610.6,20.11
9/19/24 10:06,52.4,1607.4,20.11
9/19/24 10:16,53.4,1609,20.11
9/19/24 10:26,15.9,0.6,18.61
9/19/24 10:36,34.5,10.9,19.61
9/19/24 10:46,14,9.1,20.84
9/19/24 10:56,73.9,1900.2,20.2
9/19/24 11:06,74.4,1911.3,20.12
9/19/24 11:16,74.7,1911.7,20.09
9/19/24 11:26,74.3,1905.8,20.07
9/19/24 11:36,75,1901.8,20.07
9/19/24 11:46,75.6,1906.9,20.07
9/19/24 11:56,73.4,1904.1,20.08
9/19/24 12:06,74.2,1899.7,20.09
9/19/24 12:16,75.1,1902.3,20.12
9/19/24 12:26,73.9,1934.3,20.17
9/19/24 12:36,75,1930.2,20.24
9/19/24 12:46,75.6,1884.6,20.31
9/19/24 12:56,74.2,1920.3,20.38
9/19/24 13:06,75.4,1892,20.45
9/19/24 13:16,75.7,1921.3,20.52
9/19/24 13:26,74.1,1917.2,20.59
9/19/24 13:36,74.6,1910.1,20.67
9/19/24 13:46,75.4,1888.8,20.73
9/19/24 13:56,74.2,1906.2,20.79
9/19/24 14:06,75.2,1867.9,20.84
9/19/24 14:16,75.2,1862.7,20.87
9/19/24 14:26,73.5,1864,20.89
9/19/24 14:36,73.6,1890.3,20.88
9/19/24 14:46,74.1,1898.2,20.87
9/19/24 14:56,75,1896.4,20.87
9/19/24 15:06,75.3,1900.8,20.85
9/19/24 15:16,74.2,1899.8,20.82
9/19/24 15:26,75.7,1908.3,20.8
9/19/24 15:36,74.2,1900.3,20.79
9/19/24 15:46,74.8,1898.8,20.76
9/19/24 15:56,74.8,1900.7,20.74
9/19/24 16:06,74.8,1902.9,20.71
9/19/24 16:16,76.5,1899.4,20.7
9/19/24 16:26,76.7,1893.8,20.69
9/19/24 16:36,75.5,1891.4,20.68
9/19/24 16:46,76.3,1888.4,20.68
9/19/24 16:56,74.6,1878.9,20.68
9/19/24 17:06,75.2,1876.6,20.68
9/19/24 17:16,75.3,1872.6,20.69
9/19/24 17:26,76.2,1873.1,20.69
9/19/24 17:36,75.5,1871.5,20.7
9/19/24 17:46,74.7,1858.4,20.71
9/19/24 17:56,75.4,1863.8,20.72
9/19/24 18:06,75.2,1868.8,20.71
9/19/24 18:16,75.4,1864.1,20.72
9/19/24 18:26,74.2,1861.1,20.71
9/19/24 18:36,75.2,1852.7,20.72
9/19/24 18:46,75,1853.2,20.74
9/19/24 18:56,75.5,1847.2,20.75
9/19/24 19:06,76.1,1841.2,20.78
9/19/24 19:16,75.1,1833.2,20.81
9/19/24 19:26,75.3,1825.2,20.84
9/19/24 19:36,73,1826.1,20.87
9/19/24 19:46,74.3,1816.2,20.9
9/19/24 19:56,75,1811.2,20.94
9/19/24 20:06,77.5,1807.6,20.97
9/19/24 20:16,73.4,1809,21
9/19/24 20:26,73.5,1806.8,21.04
9/19/24 20:36,75,1804.3,21.08
9/19/24 20:46,75.9,1797.9,21.11
9/19/24 20:56,75.2,1798.9,21.15
9/19/24 21:06,75,1790.3,21.17
9/19/24 21:16,75.4,1790.4,21.2
9/19/24 21:26,73.9,1788.4,21.23
9/19/24 21:36,74,1783.2,21.26
9/19/24 21:46,76.1,1784.4,21.28
9/19/24 21:56,74.3,1787.2,21.31
9/19/24 22:06,75.1,1778.9,21.33
9/19/24 22:16,73.5,1780,21.36
9/19/24 22:26,74.2,1778.9,21.38
9/19/24 22:36,74.7,1775.3,21.41
9/19/24 22:46,74.6,1772.8,21.43
9/19/24 22:56,75.5,1777.3,21.44
9/19/24 23:06,73.5,1772,21.46
9/19/24 23:16,74.1,1773.3,21.48
9/19/24 23:26,74.7,1773.3,21.49
9/19/24 23:36,74.3,1772,21.51
9/19/24 23:46,73.9,1774.7,21.52
9/19/24 23:56,75,1778.3,21.53
9/20/24 0:06,74.3,1776.2,21.55
9/20/24 0:16,75.1,1772.5,21.56
9/20/24 0:26,74,1774.6,21.57
9/20/24 0:36,74.5,1775.2,21.58
9/20/24 0:46,76.6,1779.7,21.58
9/20/24 0:56,75.4,1785.6,21.58
9/20/24 1:06,75.6,1786.4,21.58
9/20/24 1:16,75.3,1793.4,21.58
9/20/24 1:26,75,1793.5,21.57
9/20/24 1:36,74.6,1794.2,21.56
9/20/24 1:46,73.6,1802.8,21.55
9/20/24 1:56,75,1814.3,21.53
9/20/24 2:06,74.7,1813.2,21.5
9/20/24 2:16,73.4,1815.4,21.48
9/20/24 2:26,74.2,1819,21.46
9/20/24 2:36,75.2,1827,21.43
9/20/24 2:46,76,1826.6,21.4
9/20/24 2:56,74.2,1832,21.37
9/20/24 3:06,74.9,1862.6,21.33
9/20/24 3:16,76.5,1881,21.28
9/20/24 3:26,76.3,1888.8,21.24
9/20/24 3:36,77.1,1893.3,21.19
9/20/24 3:46,76.9,1897.3,21.14
9/20/24 3:56,76.2,1900.2,21.1
9/20/24 4:06,75.2,1903.3,21.04
9/20/24 4:16,76.7,1905.6,21
9/20/24 4:26,76.6,1909.3,20.95
9/20/24 4:36,76.3,1912.9,20.9
9/20/24 4:46,75.1,1918,20.86
9/20/24 4:56,75.6,1915.6,20.81
9/20/24 5:06,77.1,1918.1,20.77
9/20/24 5:16,76.6,1920.9,20.72
9/20/24 5:26,76.2,1921.2,20.68
9/20/24 5:36,76.3,1923.8,20.64
9/20/24 5:46,76.5,1924.9,20.58
9/20/24 5:56,76.8,1930.6,20.53
9/20/24 6:06,77.4,1929.4,20.5
9/20/24 6:16,76,1933.1,20.45
9/20/24 6:26,77,1933.6,20.41
9/20/24 6:36,76.3,1933.9,20.37
9/20/24 6:46,76.6,1935,20.32
9/20/24 6:56,76.2,1932.8,20.29
9/20/24 7:06,76.2,1937.1,20.25
9/20/24 7:16,76.1,1936.4,20.21
9/20/24 7:26,76.8,1937.6,20.18
9/20/24 7:36,77,1937.4,20.14
9/20/24 7:46,76,1934.1,20.12
9/20/24 7:56,77.8,1939.6,20.09
9/20/24 8:06,76.2,1927.3,20.08
9/20/24 8:16,77.1,1932.6,20.07
9/20/24 8:26,75.5,1929.6,20.06
9/20/24 8:36,76.6,1925.1,20.05
9/20/24 8:46,76.6,1914.5,20.05
9/20/24 8:56,76.3,1908.3,20.05
9/20/24 9:06,75.2,1907.4,20.05
9/20/24 9:16,76.1,1898.7,20.05
9/20/24 9:26,76,1900.3,20.05
9/20/24 9:36,76.1,1907.9,20.05
9/20/24 9:46,75.1,1906.8,20.06
9/20/24 9:56,77.4,1907.8,20.06
9/20/24 10:06,76.2,1903.2,20.06
9/20/24 10:16,76.5,1900.6,20.07
9/20/24 10:26,75.8,1899.9,20.07
9/20/24 10:36,75.1,1886.3,20.09
9/20/24 10:46,75.1,1883.3,20.1
9/20/24 10:56,75.8,1885.1,20.11
9/20/24 11:06,75.9,1887.5,20.12
9/20/24 11:16,74.6,1892.5,20.13
9/20/24 11:26,75.6,1890.3,20.13
9/20/24 11:36,74.4,1899.5,20.13
9/20/24 11:46,75.8,1905.7,20.13
9/20/24 11:56,75,1905.6,20.12
9/20/24 12:06,74.2,1889.7,20.14
9/20/24 12:16,74.1,1876.8,20.16
9/20/24 12:26,74.4,1874.3,20.18
9/20/24 12:36,74.5,1888.1,20.19
9/20/24 12:46,74.9,1899.7,20.19
9/20/24 12:56,74.2,1896,20.19
9/20/24 13:06,75.6,1893.7,20.2
9/20/24 13:16,74,1905.6,20.19
9/20/24 13:26,75.6,1895.3,20.2
9/20/24 13:36,74.2,1883.6,20.22
9/20/24 13:46,76.4,1887.2,20.23
9/20/24 13:56,76.2,1886.5,20.24
9/20/24 14:06,76.5,1892.7,20.25
9/20/24 14:16,75.9,1895.3,20.25
9/20/24 14:26,75.5,1897.2,20.24
9/20/24 14:36,74.5,1891,20.24
9/20/24 14:46,77,1883.7,20.27
9/20/24 14:56,75.6,1880,20.28
9/20/24 15:06,75.2,1872.3,20.3
9/20/24 15:16,74.1,1873.3,20.3
9/20/24 15:26,74,1876.9,20.3
9/20/24 15:36,74.5,1874.5,20.31
9/20/24 15:46,75.4,1870.2,20.3
9/20/24 15:56,74.8,1870.9,20.3
9/20/24 16:06,75.2,1860.7,20.31
9/20/24 16:16,75,1859.4,20.32
9/20/24 16:26,74.7,1854.7,20.33
9/20/24 16:36,76.5,1847.9,20.35
9/20/24 16:46,74,1844.4,20.36
9/20/24 16:56,74.9,1841.5,20.38
9/20/24 17:06,74.5,1851.7,20.39
9/20/24 17:16,74.3,1847.4,20.39
9/20/24 17:26,74.4,1848,20.4
9/20/24 17:36,75.5,1850.1,20.4
9/20/24 17:46,75.7,1852.2,20.41
9/20/24 17:56,75.5,1847,20.41
9/20/24 18:06,75.2,1844.1,20.41
9/20/24 18:16,76.6,1840,20.42
9/20/24 18:26,75,1839.3,20.44
9/20/24 18:36,74.4,1834.2,20.45
9/20/24 18:46,74.2,1821.8,20.47
9/20/24 18:56,74.9,1821.6,20.49
9/20/24 19:06,76.2,1816.8,20.51
9/20/24 19:16,74.4,1811.5,20.53
9/20/24 19:26,76.6,1813.8,20.55
9/20/24 19:36,75.7,1807.9,20.57
9/20/24 19:46,75.5,1806.5,20.6
9/20/24 19:56,75.8,1803,20.61
9/20/24 20:06,75.1,1802.1,20.63
9/20/24 20:16,73.4,1802.4,20.66
9/20/24 20:26,74.1,1793.3,20.68
9/20/24 20:36,75.1,1793.2,20.7
9/20/24 20:46,75.8,1789.2,20.72
9/20/24 20:56,75.9,1792.8,20.73
9/20/24 21:06,75.2,1793.2,20.74
9/20/24 21:16,74.8,1793.6,20.76
9/20/24 21:26,75.1,1790.8,20.77
9/20/24 21:36,75.6,1791.7,20.78
9/20/24 21:46,75.3,1790.7,20.79
9/20/24 21:56,75.9,1787,20.8
9/20/24 22:06,75.2,1786.5,20.81
9/20/24 22:16,75.1,1783.8,20.82
9/20/24 22:26,75.5,1787,20.81
9/20/24 22:36,75.7,1791.8,20.82
9/20/24 22:46,75.9,1790.3,20.82
9/20/24 22:56,75.7,1793.4,20.81
9/20/24 23:06,76.2,1793.2,20.81
9/20/24 23:16,75.5,1795.1,20.81
9/20/24 23:26,74.6,1793,20.8
9/20/24 23:36,77.1,1783.2,20.79
9/20/24 23:46,75.1,1792.6,20.78
9/20/24 23:56,75.2,1799.2,20.77
9/21/24 0:06,76.1,1800.6,20.76
9/21/24 0:16,76.2,1799.5,20.75
9/21/24 0:26,75.9,1801.7,20.74
9/21/24 0:36,75.7,1804.1,20.73
9/21/24 0:46,74.6,1805.8,20.72
9/21/24 0:56,75.7,1806.5,20.71
9/21/24 1:06,76.7,1809.6,20.7
9/21/24 1:16,76,1813.1,20.68
9/21/24 1:26,76.8,1812.2,20.66
9/21/24 1:36,77.5,1814.3,20.65
9/21/24 1:46,75.9,1815.3,20.63
9/21/24 1:56,77.1,1821.6,20.61
9/21/24 2:06,77,1821.7,20.59
9/21/24 2:16,75.9,1822.6,20.56
9/21/24 2:26,77.4,1826.2,20.54
9/21/24 2:36,76.6,1830.2,20.52
9/21/24 2:46,76.3,1832.5,20.49
9/21/24 2:56,77.8,1852.8,20.46
9/21/24 3:06,77.4,1869,20.43
9/21/24 3:16,76.6,1879.7,20.39
9/21/24 3:26,75.9,1886,20.35
9/21/24 3:36,78,1893.8,20.31
9/21/24 3:46,78.2,1896.2,20.28
9/21/24 3:56,77,1897.7,20.24
9/21/24 4:06,77.2,1904,20.19
9/21/24 4:16,76.2,1903.9,20.16
9/21/24 4:26,77,1908.6,20.12
9/21/24 4:36,78,1911.2,20.08
9/21/24 4:46,77.4,1913.2,20.04
9/21/24 4:56,77,1913.7,19.99
9/21/24 5:06,75.9,1919.9,19.95
9/21/24 5:16,77.3,1916.6,19.92
9/21/24 5:26,78,1924.2,19.88
9/21/24 5:36,77,1927.5,19.83
9/21/24 5:46,77.5,1928.4,19.79
9/21/24 5:56,77.8,1930.3,19.75
9/21/24 6:06,78.5,1932,19.7
9/21/24 6:16,79.3,1934.5,19.66
9/21/24 6:26,77,1935.9,19.63
9/21/24 6:36,77.6,1936.7,19.59
9/21/24 6:46,78.3,1939.1,19.56
9/21/24 6:56,77.2,1942.9,19.52
9/21/24 7:06,77.7,1941.2,19.49
9/21/24 7:16,76.9,1942.2,19.46
9/21/24 7:26,76.8,1943.1,19.43
9/21/24 7:36,76,1942.3,19.4
9/21/24 7:46,77.4,1943,19.38
9/21/24 7:56,77.3,1946.1,19.36
9/21/24 8:06,79,1945,19.35
9/21/24 8:16,76.8,1942.6,19.33
9/21/24 8:26,78.6,1937.7,19.31
9/21/24 8:36,78,1938.7,19.31
9/21/24 8:46,77.6,1930.4,19.31
9/21/24 8:56,76.3,1920.7,19.31
9/21/24 9:06,78.3,1906,19.31
9/21/24 9:16,77.5,1897.8,19.32
9/21/24 9:26,76.8,1885.8,19.32
9/21/24 9:36,76.1,1881.1,19.33
9/21/24 9:46,76.1,1862.5,19.35
9/21/24 9:56,76.9,1857.4,19.37
9/21/24 10:06,75.7,1852.4,19.39
9/21/24 10:16,76.2,1851.5,19.4
9/21/24 10:26,76.8,1849.1,19.42
9/21/24 10:36,75.6,1843.5,19.44
9/21/24 10:46,76.3,1841.8,19.46
9/21/24 10:56,75.9,1842.4,19.48
9/21/24 11:06,76.2,1839.1,19.51
9/21/24 11:16,76.4,1838.7,19.54
9/21/24 11:26,74.6,1828.1,19.58
9/21/24 11:36,74.1,1844.5,19.64
9/21/24 11:46,75.6,1843.4,19.7
9/21/24 11:56,75.6,1847.8,19.77
9/21/24 12:06,75.8,1859.6,19.85
9/21/24 12:16,76.2,1834.7,19.94
9/21/24 12:26,74.4,1824.2,20.02
9/21/24 12:36,75.3,1828.7,20.09
9/21/24 12:46,76.1,1831.9,20.15
9/21/24 12:56,75.3,1825.4,20.21
9/21/24 13:06,75,1793.4,20.26
9/21/24 13:16,74,1776,20.32
9/21/24 13:26,74.3,1775.8,20.36
9/21/24 13:36,73.4,1766.1,20.4
9/21/24 13:46,74.4,1770.1,20.43
9/21/24 13:56,74.6,1764.4,20.45
9/21/24 14:06,74.7,1777.7,20.46
9/21/24 14:16,74.2,1788.3,20.47
9/21/24 14:26,75.5,1786.6,20.48
9/21/24 14:36,74.6,1780.7,20.48
9/21/24 14:46,75.3,1781.3,20.49
9/21/24 14:56,75.3,1778.8,20.49
9/21/24 15:06,76.1,1774.9,20.5
9/21/24 15:16,75.8,1770.4,20.5
9/21/24 15:26,75.4,1770.3,20.5
9/21/24 15:36,74.9,1767.6,20.5
9/21/24 15:46,75,1768.4,20.5
9/21/24 15:56,75.7,1765.1,20.5
9/21/24 16:06,77.6,1762,20.52
9/21/24 16:16,77.2,1751.1,20.53
9/21/24 16:26,76,1745.9,20.55
9/21/24 16:36,75.1,1734.1,20.58
9/21/24 16:46,76.9,1747.6,20.63
9/21/24 16:56,75,1759.3,20.68
9/21/24 17:06,76,1751.7,20.73
9/21/24 17:16,77.1,1761.6,20.78
9/21/24 17:26,78.1,1720.4,20.84
9/21/24 17:36,76.1,1709.4,20.89
9/21/24 17:46,77.6,1726.3,20.95
9/21/24 17:56,77,1698.9,21
9/21/24 18:06,76.6,1705.3,21.06
9/21/24 18:16,76.9,1705.8,21.12
9/21/24 18:26,76.9,1710.9,21.18
9/21/24 18:36,77.2,1681.6,21.24
9/21/24 18:46,77.3,1690.1,21.29
9/21/24 18:56,78.1,1701.5,21.35
9/21/24 19:06,77.1,1676.1,21.4
9/21/24 19:16,74.9,1690.3,21.46
9/21/24 19:26,75.8,1666.3,21.51
9/21/24 19:36,77.2,1698.1,21.56
9/21/24 19:46,76.7,1686.2,21.61
9/21/24 19:56,75,1690.1,21.65
9/21/24 20:06,76.5,1660.6,21.7
9/21/24 20:16,75.8,1653.8,21.74
9/21/24 20:26,76,1642.4,21.78
9/21/24 20:36,75.9,1639.8,21.81
9/21/24 20:46,76,1634.9,21.85
9/21/24 20:56,75.9,1632,21.88
9/21/24 21:06,77.1,1625.3,21.91
9/21/24 21:16,75.7,1626.2,21.94
9/21/24 21:26,74.7,1625.2,21.96
9/21/24 21:36,75.1,1621.5,21.98
9/21/24 21:46,75.7,1627.1,22.01
9/21/24 21:56,75.5,1625,22.02
9/21/24 22:06,75.2,1626,22.04
9/21/24 22:16,75.3,1629.4,22.06
9/21/24 22:26,76,1635.4,22.06
9/21/24 22:36,76.7,1635.3,22.08
9/21/24 22:46,77.1,1638.2,22.09
9/21/24 22:56,76.4,1643.1,22.09
9/21/24 23:06,76.1,1650.2,22.08
9/21/24 23:16,76.3,1650.9,22.09
9/21/24 23:26,76.2,1652.2,22.08
9/21/24 23:36,75.2,1660,22.08
9/21/24 23:46,76.7,1655.1,22.07
9/21/24 23:56,75.4,1657.9,22.06
9/22/24 0:06,76.9,1659.4,22.05
9/22/24 0:16,76.8,1664.4,22.03
9/22/24 0:26,75.3,1673.3,22.01
9/22/24 0:36,76.2,1677.9,21.99
9/22/24 0:46,77,1682,21.95
9/22/24 0:56,76.7,1687.7,21.93
9/22/24 1:06,76.7,1695.3,21.9
9/22/24 1:16,78.2,1699.7,21.86
9/22/24 1:26,77.9,1707.7,21.84
9/22/24 1:36,76.1,1729.5,21.8
9/22/24 1:46,78.5,1753.2,21.75
9/22/24 1:56,77.9,1771.7,21.71
9/22/24 2:06,77.7,1778,21.67
9/22/24 2:16,77,1785.8,21.63
9/22/24 2:26,77.8,1792.6,21.59
9/22/24 2:36,78.4,1801,21.54
9/22/24 2:46,77.7,1802.7,21.51
9/22/24 2:56,78.9,1803.2,21.47
9/22/24 3:06,78.4,1807.3,21.43
9/22/24 3:16,77.7,1811.1,21.4
9/22/24 3:26,77.9,1814.7,21.36
9/22/24 3:36,78.7,1815.2,21.32
9/22/24 3:46,79,1818.1,21.3
9/22/24 3:56,79.8,1818.6,21.27
9/22/24 4:06,78,1823.3,21.23
9/22/24 4:16,78.7,1828,21.2
9/22/24 4:26,79.3,1831.3,21.16
9/22/24 4:36,78.6,1835.6,21.13
9/22/24 4:46,78.3,1842.5,21.09
9/22/24 4:56,79.2,1846,21.06
9/22/24 5:06,79.5,1846,21.02
9/22/24 5:16,77.9,1847.6,20.99
9/22/24 5:26,78.4,1849.7,20.95
9/22/24 5:36,78.8,1855.1,20.91
9/22/24 5:46,77.9,1856.1,20.87
9/22/24 5:56,78.4,1860.2,20.83
9/22/24 6:06,78.9,1857.3,20.8
9/22/24 6:16,79.4,1859,20.76
9/22/24 6:26,77.5,1860.7,20.72
9/22/24 6:36,77.1,1860.5,20.69
9/22/24 6:46,79.1,1866.8,20.65
9/22/24 6:56,79,1870.8,20.6
9/22/24 7:06,78.2,1872.8,20.57
9/22/24 7:16,78.9,1873.2,20.53
9/22/24 7:26,77.5,1873.3,20.5
9/22/24 7:36,77,1872.2,20.47
9/22/24 7:46,79.3,1872.7,20.44
9/22/24 7:56,78,1876.2,20.39
9/22/24 8:06,79.1,1875.8,20.36
9/22/24 8:16,79.5,1878.7,20.34
9/22/24 8:26,78.2,1879.1,20.32
9/22/24 8:36,77.3,1876.6,20.29
9/22/24 8:46,79.2,1873.8,20.26
9/22/24 8:56,78.9,1873.2,20.24
9/22/24 9:06,77.8,1863,20.22
9/22/24 9:16,77.8,1864.8,20.21
9/22/24 9:26,78.3,1855.2,20.2
9/22/24 9:36,79.2,1857,20.19
9/22/24 9:46,77,1846.3,20.19
9/22/24 9:56,79.1,1839.5,20.19
9/22/24 10:06,79.6,1842.9,20.19
9/22/24 10:16,78.2,1835,20.19
9/22/24 10:26,78,1828.6,20.21
9/22/24 10:36,76.7,1821.3,20.23
9/22/24 10:46,78.9,1820.4,20.24
9/22/24 10:56,76,1813.6,20.25
9/22/24 11:06,76.3,1799.4,20.28
9/22/24 11:16,76.5,1799.7,20.32
9/22/24 11:26,76.1,1790.5,20.36
9/22/24 11:36,76.4,1780.3,20.4
9/22/24 11:46,75.5,1798.8,20.46
9/22/24 11:56,76,1789.4,20.54
9/22/24 12:06,75.8,1809.8,20.62
9/22/24 12:16,75.5,1786.4,20.71
9/22/24 12:26,74.1,1770.6,20.8
9/22/24 12:36,75,1765.5,20.88
9/22/24 12:46,75.4,1793,20.97
9/22/24 12:56,75.8,1773.2,21.06
9/22/24 13:06,75,1773.9,21.14
9/22/24 13:16,74,1741.9,21.21
9/22/24 13:26,74.2,1704.9,21.27
9/22/24 13:36,75.1,1716.3,21.33
9/22/24 13:46,73.6,1705,21.37
9/22/24 13:56,74.8,1702.8,21.42
9/22/24 14:06,73.6,1697.7,21.46
9/22/24 14:16,75.5,1703.7,21.48
9/22/24 14:26,74,1703.1,21.49
9/22/24 14:36,75,1716.9,21.49
9/22/24 14:46,75,1727,21.48
9/22/24 14:56,75.6,1741.5,21.47
9/22/24 15:06,74.9,1746.6,21.47
9/22/24 15:16,75.7,1743.4,21.47
9/22/24 15:26,76,1743.9,21.47
9/22/24 15:36,74.5,1737.7,21.46
9/22/24 15:46,75.8,1730.5,21.46
9/22/24 15:56,74.2,1729.9,21.45
9/22/24 16:06,75.2,1728.5,21.45
9/22/24 16:16,75.8,1722.3,21.44
9/22/24 16:26,75.3,1711.9,21.45
9/22/24 16:36,75.2,1709,21.47
9/22/24 16:46,73.5,1712,21.49
9/22/24 16:56,74.4,1715.8,21.51
9/22/24 17:06,72.9,1690.7,21.53
9/22/24 17:16,74.3,1678.4,21.56
9/22/24 17:26,74.6,1675.3,21.58
9/22/24 17:36,73,1664,21.62
9/22/24 17:46,72.5,1652.1,21.66
9/22/24 17:56,74.6,1646.9,21.69
9/22/24 18:06,74.1,1638.2,21.73
9/22/24 18:16,71.9,1635.6,21.77
9/22/24 18:26,73.7,1637.8,21.8
9/22/24 18:36,73.3,1632.9,21.84
9/22/24 18:46,73.4,1640.2,21.85
9/22/24 18:56,72.9,1648,21.89
9/22/24 19:06,73.3,1643,21.92
9/22/24 19:16,72.7,1643.7,21.95
9/22/24 19:26,72.8,1640.4,21.99
9/22/24 19:36,73.2,1640.6,22.03
9/22/24 19:46,72.4,1630,22.07
9/22/24 19:56,73.4,1629.9,22.11
9/22/24 20:06,73.1,1625.6,22.14
9/22/24 20:16,72.3,1617.8,22.18
9/22/24 20:26,74.6,1614,22.21
9/22/24 20:36,74.1,1617,22.24
9/22/24 20:46,74.5,1611.3,22.28
9/22/24 20:56,72.3,1611.8,22.3
9/22/24 21:06,72.6,1612.3,22.33
9/22/24 21:16,72.8,1613.7,22.35
9/22/24 21:26,73.4,1601.8,22.37
9/22/24 21:36,72.5,1598.6,22.39
9/22/24 21:46,71.7,1601.6,22.41
9/22/24 21:56,71.9,1597.6,22.42
9/22/24 22:06,71.8,1600.6,22.44
9/22/24 22:16,71.3,1596.7,22.46
9/22/24 22:26,73.3,1599.2,22.46
9/22/24 22:36,71.6,1599.6,22.48
9/22/24 22:46,73.4,1602.5,22.49
9/22/24 22:56,72.7,1601.8,22.49
9/22/24 23:06,73.3,1608.8,22.5
9/22/24 23:16,72.5,1604.9,22.51
9/22/24 23:26,73.4,1605.1,22.51
9/22/24 23:36,72.8,1608.8,22.51
9/22/24 23:46,73.2,1610,22.51
9/22/24 23:56,73.2,1610.9,22.51
9/23/24 0:06,74,1608.4,22.51
9/23/24 0:16,72.4,1606.6,22.5
9/23/24 0:26,74.6,1607.4,22.5
9/23/24 0:36,73.9,1600.6,22.49
9/23/24 0:46,71.3,1603.5,22.48
9/23/24 0:56,73.6,1607.2,22.47
9/23/24 1:06,72.6,1604.8,22.46
9/23/24 1:16,72.3,1603.8,22.45
9/23/24 1:26,71.7,1605.3,22.44
9/23/24 1:36,72.8,1614.9,22.42
9/23/24 1:46,72.2,1633.6,22.4
9/23/24 1:56,72.7,1640.6,22.38
9/23/24 2:06,73.8,1646.4,22.35
9/23/24 2:16,74.7,1654.5,22.33
9/23/24 2:26,74.8,1665.6,22.3
9/23/24 2:36,73.7,1696.2,22.26
9/23/24 2:46,75,1730,22.23
9/23/24 2:56,73.4,1743.7,22.2
9/23/24 3:06,74.7,1757.9,22.17
9/23/24 3:16,74.2,1766.8,22.14
9/23/24 3:26,74.9,1772.6,22.1
9/23/24 3:36,75.6,1778.5,22.07
9/23/24 3:46,74.7,1781.2,22.03
9/23/24 3:56,75.9,1787.5,21.99
9/23/24 4:06,76,1790.2,21.95
9/23/24 4:16,74.8,1791,21.91
9/23/24 4:26,76.5,1795.6,21.87
9/23/24 4:36,74.9,1801.6,21.82
9/23/24 4:46,74.6,1802.9,21.78
9/23/24 4:56,74.9,1802.1,21.73
9/23/24 5:06,74.1,1806,21.69
9/23/24 5:16,75.9,1805.3,21.65
9/23/24 5:26,76,1809.7,21.6
9/23/24 5:36,75.8,1812.2,21.56
9/23/24 5:46,76.9,1809.1,21.52
9/23/24 5:56,76.1,1817.2,21.47
9/23/24 6:06,75.8,1815.4,21.42
9/23/24 6:16,76,1811.3,21.39
9/23/24 6:26,74.7,1815.2,21.34
9/23/24 6:36,74.5,1815.1,21.3
9/23/24 6:46,75.6,1824.2,21.26
9/23/24 6:56,75.4,1819.3,21.22
9/23/24 7:06,74.8,1828.7,21.17
9/23/24 7:16,75.8,1830.6,21.14
9/23/24 7:26,75.9,1829.6,21.1
9/23/24 7:36,75.6,1835.5,21.06
9/23/24 7:46,75.5,1832.5,21.03
9/23/24 7:56,76.1,1836.3,20.99
9/23/24 8:06,76.6,1840.5,20.96
9/23/24 8:16,75.5,1839.6,20.92
9/23/24 8:26,75.5,1840.3,20.89
9/23/24 8:36,75.9,1844.3,20.87
9/23/24 8:46,76,1849,20.84
9/23/24 8:56,75.5,1846.8,20.81
9/23/24 9:06,75,1849.1,20.79
9/23/24 9:16,75.4,1850,20.77
9/23/24 9:26,77.1,1845.3,20.75
9/23/24 9:36,77,1846.4,20.74
9/23/24 9:46,76.2,1841.7,20.72
9/23/24 9:56,75.5,1832.5,20.72
9/23/24 10:06,76.8,1831,20.72
9/23/24 10:16,74.7,1823.8,20.72
9/23/24 10:26,75.7,1815.3,20.73
9/23/24 10:36,77.7,1814.2,20.75
9/23/24 10:46,75.3,1798.7,20.76
9/23/24 10:56,74.9,1789.1,20.78
9/23/24 11:06,74.6,1779,20.81
9/23/24 11:16,74,1773,20.84
9/23/24 11:26,74.7,1758.3,20.88
9/23/24 11:36,74.7,1751.5,20.92
9/23/24 11:46,75.4,1759.5,20.98
9/23/24 12:06,74.9,1763.5,21.12
9/23/24 12:16,73.8,1783.4,21.21
9/23/24 12:26,74,1800.8,21.29
9/23/24 12:36,75.1,1800.7,21.37
9/23/24 12:46,73.6,1722.8,21.45
9/23/24 12:56,73.9,1727.8,21.53
9/23/24 13:06,74.4,1746.4,21.6
9/23/24 13:16,74.6,1752.6,21.66
9/23/24 13:26,72.5,1726.3,21.72
9/23/24 13:36,74.7,1723.7,21.77
9/23/24 13:46,73.5,1710.4,21.82
9/23/24 13:56,73.1,1759.7,21.86
9/23/24 14:06,73.5,1707,21.9
9/23/24 14:16,75.2,1697.8,21.92
9/23/24 14:26,72.7,1711.9,21.94
9/23/24 14:36,72.7,1721.4,21.95
9/23/24 14:46,72.7,1724.7,21.95
9/23/24 14:56,73.2,1728.9,21.95
9/23/24 15:06,74.5,1732.6,21.95
9/23/24 15:16,74.5,1737.8,21.95
9/23/24 15:26,73,1731.9,21.95
9/23/24 15:36,73.9,1733.6,21.94
9/23/24 15:46,73.7,1737.3,21.94
9/23/24 15:56,74.8,1735.1,21.93
9/23/24 16:06,73.9,1734.1,21.94
9/23/24 16:16,73.1,1736.1,21.95
9/23/24 16:26,73.9,1727.3,21.96
9/23/24 16:36,74.3,1719.4,21.98
9/23/24 16:46,72.9,1712.3,22
9/23/24 16:56,73.8,1699.7,22.03
9/23/24 17:06,73.1,1695.3,22.05
9/23/24 17:16,72.4,1690.9,22.08
9/23/24 17:26,74.1,1685.3,22.11
9/23/24 17:36,74,1676.7,22.15
9/23/24 17:46,73.9,1673.5,22.19
9/23/24 17:56,72.8,1666.5,22.23
9/23/24 18:06,71.1,1663.1,22.27
9/23/24 18:16,74,1657.7,22.3
9/23/24 18:26,72.6,1660.4,22.34
9/23/24 18:36,73.2,1658.2,22.37
9/23/24 18:46,71.8,1666.3,22.4
9/23/24 18:56,73.2,1659.4,22.43
9/23/24 19:06,72.6,1658,22.46
9/23/24 19:16,73.4,1664.7,22.49
9/23/24 19:26,73.6,1654.7,22.53
9/23/24 19:36,72.1,1659.3,22.57
9/23/24 19:46,73.2,1671.1,22.61
9/23/24 19:56,73.4,1667.1,22.65
9/23/24 20:06,72.3,1654.9,22.68
9/23/24 20:16,71.1,1655.1,22.72
9/23/24 20:26,72.3,1645.1,22.75
9/23/24 20:36,73.4,1642.1,22.78
9/23/24 20:46,72.5,1635.4,22.82
9/23/24 20:56,72.4,1631.2,22.84
9/23/24 21:06,74.2,1626.6,22.87
9/23/24 21:16,73.3,1623.3,22.89
9/23/24 21:26,71.9,1628.4,22.92
9/23/24 21:36,72.5,1626.4,22.94
9/23/24 21:46,72.8,1627.9,22.96
9/23/24 21:56,71,1628.2,22.97
9/23/24 22:06,71.5,1617.3,22.99
9/23/24 22:16,71.5,1613.7,23.01
9/23/24 22:26,71.6,1609.7,23.03
9/23/24 22:36,71.1,1607.6,23.05
9/23/24 22:46,72.5,1605.2,23.06
9/23/24 22:56,70.8,1607.4,23.08
9/23/24 23:06,73.4,1609.2,23.09
9/23/24 23:16,72.6,1608.4,23.11
9/23/24 23:26,71.1,1611.5,23.12
9/23/24 23:36,72.2,1613.3,23.13
9/23/24 23:46,73,1615.9,23.14
9/23/24 23:56,71.7,1617.7,23.14
9/24/24 0:06,73.1,1620.3,23.14
9/24/24 0:16,72.9,1622.5,23.14
9/24/24 0:26,72.1,1627.6,23.13
9/24/24 0:36,72.2,1636.5,23.13
9/24/24 0:46,74,1643,23.12
9/24/24 0:56,73.1,1637,23.11
9/24/24 1:06,70.6,1638.1,23.09
9/24/24 1:16,72,1657.7,23.07
9/24/24 1:26,73.5,1666.6,23.04
9/24/24 1:36,73.7,1688,23.01
9/24/24 1:46,74.5,1753.2,22.97
9/24/24 1:56,75,1768.9,22.94
9/24/24 2:06,73.7,1771.5,22.9
9/24/24 2:16,74.9,1781.8,22.87
9/24/24 2:26,74.3,1801.1,22.82
9/24/24 2:36,75.3,1808.2,22.77
9/24/24 2:46,73.8,1817.6,22.72
9/24/24 2:56,74.8,1818.9,22.68
9/24/24 3:06,74.9,1824.5,22.64
9/24/24 3:16,74.7,1822.4,22.59
9/24/24 3:26,74.5,1825.5,22.55
9/24/24 3:36,76.3,1834.3,22.5
9/24/24 3:46,74.6,1835.3,22.45
9/24/24 3:56,75.5,1837.2,22.41
9/24/24 4:06,75.7,1834.6,22.37
9/24/24 4:16,74.6,1832,22.33
9/24/24 4:26,75.7,1829.5,22.28
9/24/24 4:36,77.5,1838.7,22.23
9/24/24 4:46,75.1,1833.2,22.18
9/24/24 4:56,77.2,1839.4,22.14
9/24/24 5:06,76.7,1839.3,22.09
9/24/24 5:16,74.5,1838.1,22.04
9/24/24 5:26,75.1,1826.9,22
9/24/24 5:36,73.3,1827.5,21.96
9/24/24 5:46,74.7,1825.6,21.92
9/24/24 5:56,76,1828,21.87
9/24/24 6:06,75.6,1817.3,21.83
9/24/24 6:16,76.1,1824,21.8
9/24/24 6:26,75.3,1821.3,21.75
9/24/24 6:36,76.2,1827.9,21.72
9/24/24 6:46,76.2,1839,21.68
9/24/24 6:56,75.8,1834.5,21.64
9/24/24 7:06,75.4,1839,21.6
9/24/24 7:16,76.2,1836.3,21.56
9/24/24 7:26,76.5,1841.9,21.53
9/24/24 7:36,75.2,1839.3,21.49
9/24/24 7:46,76.5,1840.9,21.46
9/24/24 7:56,75.3,1837.5,21.43
9/24/24 8:06,75.7,1828.7,21.4
9/24/24 8:16,76,1835.6,21.37
9/24/24 8:26,75.9,1841.9,21.35
9/24/24 8:36,76.1,1832.5,21.33
9/24/24 8:46,76.2,1835.9,21.31
9/24/24 8:56,74.3,1819.3,21.29
9/24/24 9:06,74.2,1826.2,21.28
9/24/24 9:16,75.3,1826.3,21.27
9/24/24 9:26,75.2,1825,21.27
9/24/24 9:36,74.4,1830.8,21.25
9/24/24 9:46,77.1,1818.2,21.25
9/24/24 9:56,77.5,1809.2,21.25
9/24/24 10:06,74.3,1810.8,21.25
9/24/24 10:16,73.6,1808.3,21.26
9/24/24 10:26,73.9,1805.4,21.26
9/24/24 10:36,74.9,1798.6,21.27
9/24/24 10:46,74.3,1792.5,21.28
9/24/24 10:56,73.5,1787.8,21.29
9/24/24 11:06,73.7,1781.8,21.31
9/24/24 11:16,75.1,1772,21.33
9/24/24 11:26,74.6,1762.6,21.36
9/24/24 11:36,74,1755,21.4
9/24/24 11:46,74.9,1751.8,21.46
9/24/24 11:56,73.2,1776.2,21.52
9/24/24 12:06,74.1,1779.2,21.59
9/24/24 12:16,73.7,1775,21.66
9/24/24 12:26,74.6,1795.4,21.73
9/24/24 12:36,73.5,1818.8,21.8
9/24/24 12:46,74.1,1816.3,21.87
9/24/24 12:56,72.3,1796.9,21.94
9/24/24 13:06,74.1,1788.7,22
9/24/24 13:16,75,1733.4,22.06
9/24/24 13:26,74.5,1739.6,22.11
9/24/24 13:36,73,1731,22.15
9/24/24 13:46,72,1724.4,22.19
9/24/24 13:56,72,1717.7,22.22
9/24/24 14:06,73.1,1708.3,22.25
9/24/24 14:16,72.9,1708.4,22.27
9/24/24 14:26,72.1,1709.5,22.28
9/24/24 14:36,72,1711.6,22.29
9/24/24 14:46,72.6,1720.6,22.29
9/24/24 14:56,72.5,1720.4,22.29
9/24/24 15:06,72.8,1719.3,22.29
9/24/24 15:16,74.7,1725.3,22.29
9/24/24 15:26,72.6,1722.1,22.29
9/24/24 15:36,73.8,1719.5,22.29
9/24/24 15:46,72.8,1717,22.29
9/24/24 15:56,74,1715.7,22.29
9/24/24 16:06,74,1719,22.3
9/24/24 16:16,74.8,1723.9,22.3
9/24/24 16:26,73.8,1723.8,22.31
9/24/24 16:36,73.4,1719.8,22.33
9/24/24 16:46,72.1,1701.5,22.35
9/24/24 16:56,71.5,1697.6,22.37
9/24/24 17:06,73.1,1692.2,22.39
9/24/24 17:16,73.5,1694.8,22.42
9/24/24 17:26,74.1,1688.5,22.44
9/24/24 17:36,72.3,1683.9,22.47
9/24/24 17:46,71.5,1672.2,22.49
9/24/24 17:56,73.5,1668.1,22.52
9/24/24 18:06,72.8,1661.7,22.55
9/24/24 18:16,71.3,1663.7,22.58
9/24/24 18:26,74,1667,22.6
9/24/24 18:36,73.3,1665,22.62
9/24/24 18:46,72.6,1659.4,22.64
9/24/24 18:56,73.7,1662.7,22.66
9/24/24 19:06,73.8,1664,22.69
9/24/24 19:16,72.1,1668.3,22.72
9/24/24 19:26,73.3,1660.9,22.75
9/24/24 19:36,73.4,1661.9,22.78
9/24/24 19:46,73.2,1653.8,22.81
9/24/24 19:56,73.6,1649.8,22.84
9/24/24 20:06,71.8,1647,22.87
9/24/24 20:16,72.1,1638.7,22.9
9/24/24 20:26,72.6,1640,22.93
9/24/24 20:36,72.6,1637.1,22.95
9/24/24 20:46,72.4,1631.9,22.96
9/24/24 20:56,72.7,1632.1,22.98
9/24/24 21:06,73,1632.3,22.99
9/24/24 21:16,72.4,1630.9,23
9/24/24 21:26,73.6,1630.2,23.01
9/24/24 21:36,73.6,1629.9,23.02
9/24/24 21:46,72.1,1628.7,23.03
9/24/24 21:56,75.3,1634.1,23.03
9/24/24 22:06,72.5,1633.3,23.04
9/24/24 22:16,72.8,1636,23.04
9/24/24 22:26,74,1635.4,23.05
9/24/24 22:36,73.1,1632.7,23.05
9/24/24 22:46,73.1,1630.6,23.06
9/24/24 22:56,72.9,1629.6,23.06
9/24/24 23:06,74.1,1623.8,23.07
9/24/24 23:16,79.5,1624.1,23.08
9/24/24 23:26,72.8,1632.1,23.08
9/24/24 23:36,71.2,1635.5,23.09
9/24/24 23:46,73.4,1638,23.1
9/24/24 23:56,72.4,1643.5,23.1
9/25/24 0:06,73.3,1640.2,23.09
9/25/24 0:16,74.8,1643.7,23.09
9/25/24 0:26,73.4,1645.6,23.09
9/25/24 0:36,73,1645.9,23.08
9/25/24 0:46,74,1638.1,23.07
9/25/24 0:56,72.8,1646,23.07
9/25/24 1:06,73,1642.6,23.06
9/25/24 1:16,72.1,1633.2,23.05
9/25/24 1:26,73.4,1638.6,23.03
9/25/24 1:36,73.6,1649.2,23
9/25/24 1:46,73.3,1673.8,22.97
9/25/24 1:56,73.9,1674.1,22.95
9/25/24 2:06,73.6,1690.6,22.92
9/25/24 2:16,73.9,1753.6,22.87
9/25/24 2:26,75.7,1775.1,22.83
9/25/24 2:36,74.4,1785.2,22.79
9/25/24 2:46,74.4,1790,22.76
9/25/24 2:56,75.3,1794.9,22.73
9/25/24 3:06,75.1,1794.1,22.69
9/25/24 3:16,76.7,1800.1,22.64
9/25/24 3:26,75.4,1802.7,22.6
9/25/24 3:36,75,1800.8,22.56
9/25/24 3:46,75.1,1808.5,22.51
9/25/24 3:56,74.1,1807.7,22.47
9/25/24 4:06,75,1812.2,22.43
9/25/24 4:16,74.5,1813,22.38
9/25/24 4:26,75.3,1815.7,22.33
9/25/24 4:36,74.9,1817.6,22.29
9/25/24 4:46,75.7,1821,22.24
9/25/24 4:56,75.1,1819.7,22.19
9/25/24 5:06,75,1822.4,22.14
9/25/24 5:16,75.1,1824.7,22.1
9/25/24 5:26,75,1818.1,22.05
9/25/24 5:36,76.9,1824.5,22.01
9/25/24 5:46,76,1821.5,21.95
9/25/24 5:56,75.7,1820.9,21.91
9/25/24 6:06,74.4,1812.6,21.86
9/25/24 6:16,76.2,1816.6,21.82
9/25/24 6:26,74.7,1811.8,21.78
9/25/24 6:36,75.5,1811.5,21.74
9/25/24 6:46,73,1811.7,21.69
9/25/24 6:56,75.9,1814.4,21.65
9/25/24 7:06,76.2,1825.3,21.61
9/25/24 7:16,74.1,1827.9,21.57
9/25/24 7:26,75,1830.7,21.53
9/25/24 7:36,74.9,1827.7,21.49
9/25/24 7:46,75.6,1828.8,21.45
9/25/24 7:56,74.8,1827.2,21.42
9/25/24 8:06,74.4,1827.8,21.39
9/25/24 8:16,75.2,1834.6,21.35
9/25/24 8:26,76.3,1830.7,21.32
9/25/24 8:36,77.2,1831.7,21.3
9/25/24 8:46,75.2,1843.1,21.26
9/25/24 8:56,74.3,1827.3,21.24
9/25/24 9:06,75.8,1830.3,21.21
9/25/24 9:16,76,1827.3,21.19
9/25/24 9:26,76.2,1837.4,21.17
9/25/24 9:36,75.2,1837.3,21.15
9/25/24 9:46,74.5,1830.3,21.14
9/25/24 9:56,75.4,1827.3,21.13
9/25/24 10:06,76.5,1828.2,21.12
9/25/24 10:16,77.2,1826.6,21.11
9/25/24 10:26,75.8,1817.4,21.1
9/25/24 10:36,76.4,1817.3,21.1
9/25/24 10:46,76.1,1810.2,21.11
9/25/24 10:56,74.4,1806.8,21.13
9/25/24 11:06,73.3,1804.7,21.15
9/25/24 11:16,75.4,1792.2,21.17
9/25/24 11:26,74.5,1780.5,21.21
9/25/24 11:36,74.9,1779.4,21.26
9/25/24 11:46,75.6,1768.7,21.31
9/25/24 11:56,74.6,1786,21.37
9/25/24 12:06,75.5,1766.8,21.43
9/25/24 12:16,74.3,1816,21.5
9/25/24 12:26,73.6,1801.7,21.56
9/25/24 12:36,74.7,1803.5,21.62
9/25/24 12:46,75.4,1823.6,21.67
9/25/24 12:56,73.8,1777.4,21.73
9/25/24 13:06,75.7,1766.3,21.78
9/25/24 13:16,74,1758,21.82
9/25/24 13:26,74.4,1748.9,21.86
9/25/24 13:36,73.5,1739.1,21.89
9/25/24 13:46,73.5,1744.8,21.91
9/25/24 13:56,74.1,1751.4,21.93
9/25/24 14:06,74.3,1757.6,21.93
9/25/24 14:16,74.3,1768,21.93
9/25/24 14:26,74.7,1771.9,21.92
9/25/24 14:36,75.1,1773.5,21.9
9/25/24 14:46,74.5,1779.7,21.88
9/25/24 14:56,72.5,1777.6,21.86
9/25/24 15:06,74.8,1780.8,21.83
9/25/24 15:16,74.9,1782.4,21.82
9/25/24 15:26,75.2,1779.1,21.8
9/25/24 15:36,74.4,1775.9,21.78
9/25/24 15:46,74,1773.9,21.76
9/25/24 15:56,75.5,1774.2,21.74
9/25/24 16:06,74.1,1774.1,21.73
9/25/24 16:16,74.2,1766.6,21.72
9/25/24 16:26,74.4,1764.1,21.72
9/25/24 16:36,74.6,1783.7,21.73
9/25/24 16:46,73.7,1763.4,21.75
9/25/24 16:56,75.2,1752.9,21.76
9/25/24 17:06,75.2,1748.8,21.78
9/25/24 17:16,74.3,1741.9,21.79
9/25/24 17:26,74.4,1731.8,21.81
9/25/24 17:36,73.2,1723.3,21.82
9/25/24 17:46,73,1725.2,21.83
9/25/24 17:56,74.7,1718.5,21.84
9/25/24 18:06,73.7,1714.1,21.84
9/25/24 18:16,75.2,1710.8,21.85
9/25/24 18:26,73.1,1713.2,21.85
9/25/24 18:36,74,1713.7,21.84
9/25/24 18:46,73.9,1704.9,21.84
9/25/24 18:56,72.7,1700.7,21.84
9/25/24 19:06,74.1,1698.5,21.86
9/25/24 19:16,74.4,1691.6,21.88
9/25/24 19:26,73.5,1685.6,21.9
9/25/24 19:36,74.1,1680,21.92
9/25/24 19:46,75.1,1680.9,21.94
9/25/24 19:56,74.1,1682.7,21.96
9/25/24 20:06,73.2,1676.4,21.98
9/25/24 20:16,73,1673.3,22
9/25/24 20:26,72,1672.4,22.02
9/25/24 20:36,73.4,1662.3,22.03
9/25/24 20:46,72.8,1661,22.04
9/25/24 20:56,73.8,1654.4,22.06
9/25/24 21:06,74,1649.7,22.07
9/25/24 21:16,74.9,1651,22.07
9/25/24 21:26,73.5,1646.8,22.08
9/25/24 21:36,74,1647.2,22.08
9/25/24 21:46,72.8,1645.8,22.09
9/25/24 21:56,73.2,1648.1,22.1
9/25/24 22:06,73.3,1644.8,22.11
9/25/24 22:16,73.4,1645.5,22.12
9/25/24 22:26,73.3,1644.1,22.12
9/25/24 22:36,73.5,1646.6,22.12
9/25/24 22:46,73.6,1652.7,22.13
9/25/24 22:56,73.9,1648.3,22.14
9/25/24 23:06,73.6,1647.8,22.14
9/25/24 23:16,74.6,1649.6,22.15
9/25/24 23:26,73.5,1656,22.16
9/25/24 23:36,74.4,1656.8,22.17
9/25/24 23:46,73.6,1658.6,22.18
9/25/24 23:56,73.3,1665.6,22.19
9/26/24 0:06,74,1668.9,22.19
9/26/24 0:16,74.4,1668.8,22.2
9/26/24 0:26,73.8,1674.1,22.2
9/26/24 0:36,74.1,1677.4,22.2
9/26/24 0:46,75,1682,22.2
9/26/24 0:56,74,1684.4,22.2
9/26/24 1:06,74,1690.6,22.19
9/26/24 1:16,73.9,1695.2,22.19
9/26/24 1:26,75,1697.7,22.18
9/26/24 1:36,74.8,1690,22.16
9/26/24 1:46,75.5,1699.2,22.14
9/26/24 1:56,75.9,1719.3,22.1
9/26/24 2:06,74.4,1735.9,22.06
9/26/24 2:16,75.8,1769.8,22.02
9/26/24 2:26,76.5,1786.2,21.99
9/26/24 2:36,76.8,1791.3,21.96
9/26/24 2:46,75.8,1793.6,21.93
9/26/24 2:56,75.2,1793.3,21.89
9/26/24 3:06,76.5,1795.2,21.85
9/26/24 3:16,75.7,1799,21.81
9/26/24 3:26,74.6,1799.3,21.77
9/26/24 3:36,75.9,1800.7,21.73
9/26/24 3:46,75.4,1807.1,21.69
9/26/24 3:56,77.2,1807.7,21.65
9/26/24 4:06,76.9,1813.1,21.6
9/26/24 4:16,76.4,1811,21.56
9/26/24 4:26,77.4,1810.8,21.51
9/26/24 4:36,75.6,1813,21.47
9/26/24 4:46,75.2,1816.8,21.42
9/26/24 4:56,75.1,1819.1,21.38
9/26/24 5:06,76.3,1812.5,21.34
9/26/24 5:16,76.5,1814.1,21.29
9/26/24 5:26,75.9,1815.8,21.25
9/26/24 5:36,75.3,1816.2,21.21
9/26/24 5:46,77.4,1821.3,21.17
9/26/24 5:56,76.3,1822,21.13
9/26/24 6:06,76.4,1825.4,21.09
9/26/24 6:16,75.7,1827,21.06
9/26/24 6:26,75.6,1830.5,21.01
9/26/24 6:36,77.8,1826.6,20.99
9/26/24 6:46,76,1832.3,20.95
9/26/24 6:56,75.8,1829.5,20.92
9/26/24 7:06,76.1,1837,20.89
9/26/24 7:16,75.3,1835.7,20.85
9/26/24 7:26,76.7,1838.4,20.83
9/26/24 7:36,76.1,1828.3,20.78
9/26/24 7:46,77.6,1821.3,20.76
9/26/24 7:56,75.6,1830.3,20.72
9/26/24 8:06,75.1,1827.2,20.69
9/26/24 8:16,77.3,1828.8,20.67
9/26/24 8:36,76.7,1835.5,20.62
9/26/24 8:46,75.4,1838.2,20.6
9/26/24 8:56,76,1843.2,20.58
9/26/24 9:06,76.4,1850.9,20.55
9/26/24 9:16,76.1,1848.3,20.52
9/26/24 9:26,77.5,1854.5,20.5
9/26/24 9:36,76,1853.2,20.48
9/26/24 9:46,76.4,1847.3,20.47
9/26/24 9:56,76.1,1850.2,20.45
9/26/24 10:06,75.3,1848.1,20.43
9/26/24 10:16,76.3,1854,20.41
9/26/24 10:26,77.5,1853.8,20.4
9/26/24 10:36,75.3,1849,20.39
9/26/24 10:46,75.9,1841.2,20.39
9/26/24 10:56,75.5,1839.4,20.38
9/26/24 11:06,75.9,1840.6,20.37
9/26/24 11:16,76.3,1835.4,20.37
9/26/24 11:26,76.3,1832.1,20.38
9/26/24 11:36,76.1,1823.3,20.39
9/26/24 11:46,76.2,1808.7,20.42
9/26/24 11:56,75.4,1815.1,20.45
9/26/24 12:06,74.8,1791.2,20.5
9/26/24 12:16,76.6,1789,20.54
9/26/24 12:26,74.8,1814.4,20.59
9/26/24 12:36,75.2,1809.7,20.66
9/26/24 12:46,75.5,1797.2,20.71
9/26/24 12:56,74.7,1819.3,20.77
9/26/24 13:06,74.4,1815.4,20.84
9/26/24 13:16,75.4,1793.4,20.9
9/26/24 13:26,74.4,1779.9,20.96
9/26/24 13:36,74.3,1778.5,21.02
9/26/24 13:46,73.6,1742.4,21.06
9/26/24 13:56,72.6,1735.9,21.1
9/26/24 14:06,74,1730.5,21.14
9/26/24 14:16,75,1745.5,21.16
9/26/24 14:26,73.4,1818.1,21.1
9/26/24 14:36,71.4,1781.3,21.14
9/26/24 14:46,71.2,1783.6,21.07
9/26/24 14:56,69.8,1747.3,21.03
9/26/24 15:06,69.6,1667,21.01
9/26/24 15:16,70.5,1664.4,20.96
9/26/24 15:26,68.6,1618.3,20.89
9/26/24 15:36,68.6,1624.4,20.88
9/26/24 15:46,69.1,1614.1,20.85
9/26/24 15:56,71.5,1629.7,20.76
9/26/24 16:06,70.9,1637.7,20.75
9/26/24 16:16,72.4,1653.7,20.78
9/26/24 16:26,70.8,1659.2,20.82
9/26/24 16:36,72.5,1666.5,20.87
9/26/24 16:46,74.9,1674.8,20.89
9/26/24 16:56,73.6,1678.8,20.92
9/26/24 17:06,73.3,1682.1,20.95
9/26/24 17:16,73.3,1685.2,20.98
9/26/24 17:26,74.6,1684,21
9/26/24 17:36,72.4,1688,21.02
9/26/24 17:46,74.6,1692.8,21.04
9/26/24 17:56,72.3,1702.4,21.06
9/26/24 18:06,74,1695.2,21.07
9/26/24 18:16,73.3,1690.4,21.08
9/26/24 18:26,73.9,1698.2,21.1
9/26/24 18:36,73.1,1692.4,21.11
9/26/24 18:46,72.1,1686.4,21.12
9/26/24 18:56,73.1,1676.4,21.14
9/26/24 19:06,74.1,1668.2,21.16
9/26/24 19:16,70.9,1662.7,21.19
9/26/24 19:26,71.2,1657.4,21.21
9/26/24 19:36,72,1661.2,21.25
9/26/24 19:46,73.5,1658.6,21.28
9/26/24 19:56,72.9,1653.5,21.32
9/26/24 20:06,71.6,1654.6,21.36
9/26/24 20:16,73.7,1647.5,21.4
9/26/24 20:26,72.3,1643.8,21.43
9/26/24 20:36,72.3,1636.3,21.47
9/26/24 20:46,71.6,1630.1,21.5
9/26/24 20:56,72.7,1627.8,21.53
9/26/24 21:06,72.1,1625.8,21.57
9/26/24 21:16,71.7,1624.9,21.6
9/26/24 21:26,71.5,1624.7,21.63
9/26/24 21:36,72.5,1621.6,21.66
9/26/24 21:46,73.5,1619.7,21.68
9/26/24 21:56,71.8,1615.9,21.7
9/26/24 22:06,72.4,1617.6,21.72
9/26/24 22:16,72.3,1619.5,21.74
9/26/24 22:26,72.9,1619.1,21.76
9/26/24 22:36,72.7,1619.8,21.77
9/26/24 22:46,71.6,1625.3,21.78
9/26/24 22:56,74.4,1626.4,21.8
9/26/24 23:06,73.3,1630.1,21.81
9/26/24 23:16,73,1630.8,21.82
9/26/24 23:26,72.5,1632.7,21.83
9/26/24 23:36,72,1641.7,21.83
9/26/24 23:46,72.7,1642.2,21.83
9/26/24 23:56,72.9,1654.3,21.83
9/27/24 0:06,73.3,1660.3,21.82
9/27/24 0:16,72.7,1656.7,21.82
9/27/24 0:26,72.6,1658.1,21.82
9/27/24 0:36,74.8,1654,21.81
9/27/24 0:46,72.6,1656.8,21.79
9/27/24 0:56,73.1,1671.2,21.77
9/27/24 1:06,72.1,1685,21.75
9/27/24 1:16,72.3,1694.7,21.72
9/27/24 1:26,71.9,1700.8,21.69
9/27/24 1:36,73.5,1715.3,21.66
9/27/24 1:46,74.2,1725.7,21.63
9/27/24 1:56,73.5,1736,21.61
9/27/24 2:06,74.8,1744.6,21.57
9/27/24 2:16,74.6,1745.1,21.54
9/27/24 2:26,73.8,1745.2,21.51
9/27/24 2:36,75,1749.3,21.47
9/27/24 2:46,74.4,1759.2,21.43
9/27/24 2:56,74.1,1765.8,21.4
9/27/24 3:06,73.6,1763.7,21.36
9/27/24 3:16,74.7,1767.2,21.32
9/27/24 3:26,72.5,1773.6,21.27
9/27/24 3:36,72.8,1772.8,21.24
9/27/24 3:46,74.9,1776.2,21.19
9/27/24 3:56,73.2,1769.1,21.16
9/27/24 4:06,73.5,1770.3,21.11
9/27/24 4:16,74.1,1776.9,21.06
9/27/24 4:26,74.3,1775.9,21.02
9/27/24 4:36,74.2,1781.7,20.98
9/27/24 4:46,73.1,1784.2,20.93
9/27/24 4:56,74.6,1789.2,20.89
9/27/24 5:06,73.9,1788.3,20.85
9/27/24 5:16,74.2,1794.9,20.81
9/27/24 5:26,74.8,1799.4,20.77
9/27/24 5:36,74.3,1795.2,20.73
9/27/24 5:46,75.8,1793.6,20.69
9/27/24 5:56,74.6,1793.9,20.65
9/27/24 6:06,76.6,1793.9,20.61
9/27/24 6:16,73.8,1789.4,20.57
9/27/24 6:26,74,1792.5,20.53
9/27/24 6:36,74,1789.4,20.5
9/27/24 6:46,73.9,1796.1,20.46
9/27/24 6:56,73.4,1800.6,20.43
9/27/24 7:06,74,1803.5,20.38
9/27/24 7:16,74.2,1794.1,20.35
9/27/24 7:26,75.3,1792.9,20.33
9/27/24 7:36,74,1791.9,20.3
9/27/24 7:46,73.8,1790.2,20.27
9/27/24 7:56,75.3,1798.3,20.24
9/27/24 8:06,74.7,1801.2,20.22
9/27/24 8:16,74.5,1792.4,20.19
9/27/24 8:26,75.6,1794.2,20.18
9/27/24 8:36,75.7,1794.1,20.16
9/27/24 8:46,75.2,1793.1,20.14
9/27/24 8:56,74.7,1799.8,20.12
9/27/24 9:06,73.8,1797.6,20.1
9/27/24 9:16,75.1,1795.1,20.08
9/27/24 9:26,75.1,1793.8,20.07
9/27/24 9:36,73.8,1805.7,20.05
9/27/24 9:46,73.8,1804.2,20.04
9/27/24 9:56,73.9,1806.6,20.02
9/27/24 10:06,73.6,1808,20.01
9/27/24 10:16,74.8,1807.9,20.01
9/27/24 10:26,74.7,1805.9,20
9/27/24 10:36,75.2,1810.7,19.99
9/27/24 10:46,74.4,1821.3,19.99
9/27/24 10:56,74.4,1813,19.98
9/27/24 11:06,75.5,1807.3,19.98
9/27/24 11:16,72.2,1807.7,19.98
9/27/24 11:26,74.3,1806.7,19.98
9/27/24 11:36,75.1,1808.1,19.99
9/27/24 11:46,74.5,1803.5,20
9/27/24 11:56,75.5,1793.8,20.01
9/27/24 12:06,74.7,1776.1,20.06
9/27/24 12:16,74.4,1791.2,20.11
9/27/24 12:26,74.4,1813.2,20.18
9/27/24 12:36,73.1,1747.3,20.26
9/27/24 12:46,74.4,1766.3,20.33
9/27/24 12:56,72.9,1793.5,20.39
9/27/24 13:06,73.3,1773.8,20.46
9/27/24 13:16,73.5,1770.1,20.52
9/27/24 13:26,73.8,1767,20.58
9/27/24 13:36,73,1756.4,20.64
9/27/24 13:46,73.2,1734.4,20.68
9/27/24 13:56,71.2,1727.9,20.72
9/27/24 14:06,72.3,1737.1,20.75
9/27/24 14:16,73,1728.1,20.78
9/27/24 14:26,71,1727.6,20.8
9/27/24 14:36,73.4,1735.3,20.8
9/27/24 14:46,72.6,1747,20.8
9/27/24 14:56,71.6,1760,20.79
9/27/24 15:06,73.5,1761,20.78
9/27/24 15:16,74.1,1768,20.76
9/27/24 15:26,73.6,1767.8,20.76
9/27/24 15:36,73.4,1774.3,20.74
9/27/24 15:46,73.4,1779.1,20.72
9/27/24 15:56,74,1776.5,20.71
9/27/24 16:06,73.8,1776.4,20.7
9/27/24 16:16,73.3,1772.2,20.7
9/27/24 16:26,74.5,1773.6,20.71
9/27/24 16:36,74.7,1775.8,20.71
9/27/24 16:46,73.5,1763.8,20.73
9/27/24 16:56,73.6,1756.4,20.74
9/27/24 17:06,71.9,1756.6,20.76
9/27/24 17:16,71.6,1750.6,20.77
9/27/24 17:26,72.3,1743.5,20.79
9/27/24 17:36,73.1,1742.9,20.8
9/27/24 17:46,73.2,1740.5,20.83
9/27/24 17:56,73.8,1736.3,20.85
9/27/24 18:06,72.8,1735.4,20.87
9/27/24 18:16,72.8,1732.4,20.89
9/27/24 18:26,72.7,1731.8,20.92
9/27/24 18:36,72,1733.8,20.94
9/27/24 18:46,72.1,1735.7,20.96
9/27/24 18:56,73.5,1734.5,20.98
9/27/24 19:06,73.8,1741.5,21
9/27/24 19:16,73.3,1746.4,21.01
9/27/24 19:26,73.3,1743.5,21.04
9/27/24 19:36,74.3,1737.1,21.07
9/27/24 19:46,73.2,1730.2,21.1
9/27/24 19:56,72.4,1724.7,21.12
9/27/24 20:06,73.2,1721.3,21.14
9/27/24 20:16,72.3,1719.8,21.16
9/27/24 20:26,73.5,1714.6,21.18
9/27/24 20:36,72.5,1714,21.21
9/27/24 20:46,71.9,1711.4,21.22
9/27/24 20:56,73.1,1709.9,21.24
9/27/24 21:06,73.5,1709,21.25
9/27/24 21:16,74.2,1708,21.26
9/27/24 21:26,73.9,1705.9,21.27
9/27/24 21:36,72.9,1705.2,21.28
9/27/24 21:46,74,1708.7,21.29
9/27/24 21:56,72.9,1707.2,21.3
9/27/24 22:06,73.8,1706.2,21.31
9/27/24 22:16,74.3,1705.8,21.32
9/27/24 22:26,74.2,1707.9,21.32
9/27/24 22:36,73.3,1708.8,21.32
9/27/24 22:46,73.2,1705.9,21.33
9/27/24 22:56,73.8,1707.6,21.34
9/27/24 23:06,73,1705.7,21.34
9/27/24 23:16,74.3,1704.4,21.36
9/27/24 23:26,74.9,1700.6,21.36
9/27/24 23:36,72.8,1701.3,21.37
9/27/24 23:46,73.9,1701.8,21.38
9/27/24 23:56,74.7,1705.8,21.38
9/28/24 0:06,73.8,1704.6,21.38
9/28/24 0:16,72.7,1708,21.38
9/28/24 0:26,73.7,1707.1,21.38
9/28/24 0:36,75.5,1709.7,21.38
9/28/24 0:46,73.9,1712.7,21.38
9/28/24 0:56,74.9,1715.2,21.37
9/28/24 1:06,74.3,1719.1,21.36
9/28/24 1:16,73.8,1724.1,21.35
9/28/24 1:26,73.4,1731.5,21.34
9/28/24 1:36,75.3,1730.2,21.33
9/28/24 1:46,74.5,1733.3,21.31
9/28/24 1:56,74.7,1746.8,21.28
9/28/24 2:06,73.4,1751.8,21.27
9/28/24 2:16,73.8,1750.1,21.25
9/28/24 2:26,75.6,1757.4,21.23
9/28/24 2:36,74.1,1765.9,21.2
9/28/24 2:46,74.1,1763,21.18
9/28/24 2:56,73.6,1769.5,21.15
9/28/24 3:06,73.4,1777.4,21.12
9/28/24 3:16,74.6,1782.6,21.09
9/28/24 3:26,74.4,1786.7,21.06
9/28/24 3:36,73.9,1788.8,21.02
9/28/24 3:46,75.7,1793.5,20.98
9/28/24 3:56,73,1792.1,20.95
9/28/24 4:06,75.4,1790.6,20.91
9/28/24 4:16,74.7,1790.9,20.86
9/28/24 4:26,74.5,1791.3,20.82
9/28/24 4:36,74.3,1797.3,20.77
9/28/24 4:46,74.6,1801.2,20.73
9/28/24 4:56,74,1791.4,20.69
9/28/24 5:06,76.3,1802.4,20.64
9/28/24 5:16,74.7,1801.1,20.6
9/28/24 5:26,74.7,1801.7,20.56
9/28/24 5:36,74.7,1797.3,20.52
9/28/24 5:46,73.2,1797.4,20.48
9/28/24 5:56,76.3,1796.4,20.43
9/28/24 6:06,73.8,1791.8,20.4
9/28/24 6:16,75.4,1798.9,20.36
9/28/24 6:26,74.7,1800.3,20.32
9/28/24 6:36,75,1799.2,20.28
9/28/24 6:46,74.7,1787.9,20.24
9/28/24 6:56,74.3,1797.7,20.2
9/28/24 7:06,74.2,1795.4,20.15
9/28/24 7:16,74.1,1800.3,20.11
9/28/24 7:26,74.8,1799.8,20.08
9/28/24 7:36,73.7,1799.2,20.05
9/28/24 7:46,74.8,1798.8,20.02
9/28/24 7:56,75.3,1799.9,19.98
9/28/24 8:06,74.3,1797.4,19.95
9/28/24 8:16,75.9,1799.5,19.91
9/28/24 8:26,74.8,1796.7,19.89
9/28/24 8:36,72.7,1797.7,19.86
9/28/24 8:46,75.1,1789.3,19.84
9/28/24 8:56,75.2,1785.7,19.83
9/28/24 9:06,74.9,1784.9,19.82
9/28/24 9:16,74,1786.9,19.8
9/28/24 9:26,74.8,1773.2,19.8
9/28/24 9:36,74.6,1774.9,19.79
9/28/24 9:46,74.3,1769.3,19.77
9/28/24 9:56,73.1,1759,19.78
9/28/24 10:06,76,1751.9,19.79
9/28/24 10:16,75.2,1751.9,19.8
9/28/24 10:26,74.3,1737,19.82
9/28/24 10:36,72.9,1729.9,19.84
9/28/24 10:46,72.5,1727.6,19.86
9/28/24 10:56,73.3,1719,19.88
9/28/24 11:06,73.4,1719.2,19.91
9/28/24 11:16,73.9,1715.4,19.93
9/28/24 11:26,73.2,1707.5,19.97
9/28/24 11:36,71.8,1712.8,20.02
9/28/24 11:46,72.5,1714.4,20.08
9/28/24 11:56,72.9,1727.5,20.16
9/28/24 12:06,73.8,1704.2,20.24
9/28/24 12:16,73.8,1735.7,20.32
9/28/24 12:26,73.7,1721.7,20.4
9/28/24 12:36,74.4,1732.9,20.47
9/28/24 12:46,74.5,1727.8,20.55
9/28/24 12:56,73.3,1714.2,20.62
9/28/24 13:06,75.1,1689.4,20.67
9/28/24 13:16,72.5,1692.6,20.73
9/28/24 13:26,71.1,1690.1,20.78
9/28/24 13:36,73.4,1689,20.82
9/28/24 13:46,73.8,1671.9,20.85
9/28/24 13:56,71.7,1671.5,20.87
9/28/24 14:06,74.5,1673.7,20.89
9/28/24 14:16,73.6,1682.5,20.88
9/28/24 14:26,73.9,1690.4,20.88
9/28/24 14:36,72.8,1691.9,20.87
9/28/24 14:46,74.6,1692.8,20.87
9/28/24 14:56,72.8,1691.6,20.86
9/28/24 15:06,73.8,1693.1,20.85
9/28/24 15:16,74.4,1692.7,20.85
9/28/24 15:26,74,1689.3,20.84
9/28/24 15:36,73.7,1690.1,20.83
9/28/24 15:46,74,1683.5,20.83
9/28/24 15:56,74.6,1678.8,20.83
9/28/24 16:06,74.2,1675.4,20.83
9/28/24 16:16,73.6,1670.1,20.84
9/28/24 16:26,74.1,1664.6,20.86
9/28/24 16:36,72.6,1657.3,20.89
9/28/24 16:46,73.3,1647,20.91
9/28/24 16:56,73.4,1643.3,20.95
9/28/24 17:06,72.8,1638.1,20.98
9/28/24 17:16,72.7,1638.5,21.02
9/28/24 17:26,74.5,1631.7,21.06
9/28/24 17:36,73.7,1648.3,21.11
9/28/24 17:46,74,1641.1,21.16
9/28/24 17:56,73.7,1630,21.21
9/28/24 18:06,72.6,1615.8,21.26
9/28/24 18:16,72.8,1613.8,21.29
9/28/24 18:26,72.1,1609.1,21.33
9/28/24 18:36,73,1607,21.37
9/28/24 18:46,73.4,1603,21.42
9/28/24 18:56,72.7,1602,21.46
9/28/24 19:06,73.4,1596.5,21.5
9/28/24 19:16,72.1,1595.7,21.55
9/28/24 19:26,71.8,1596.8,21.58
9/28/24 19:36,73.9,1591.7,21.61
9/28/24 19:46,73.3,1589.2,21.64
9/28/24 19:56,72.5,1585.3,21.67
9/28/24 20:06,73.4,1583.7,21.69
9/28/24 20:16,73.6,1581.5,21.71
9/28/24 20:26,74.6,1583.4,21.73
9/28/24 20:36,73.1,1580.7,21.75
9/28/24 20:46,72.1,1583.4,21.77
9/28/24 20:56,72.6,1583.3,21.78
9/28/24 21:06,74,1578.2,21.8
9/28/24 21:16,72.5,1583.2,21.81
9/28/24 21:26,73.5,1582.6,21.82
9/28/24 21:36,72.3,1581.3,21.83
9/28/24 21:46,73.1,1586.3,21.84
9/28/24 21:56,73.2,1588.2,21.84
9/28/24 22:06,74.4,1591.9,21.84
9/28/24 22:16,73.2,1594,21.83
9/28/24 22:26,73.3,1588.8,21.83
9/28/24 22:36,73.7,1589.1,21.83
9/28/24 22:46,72.9,1592.6,21.83
9/28/24 22:56,75.1,1593.7,21.82
9/28/24 23:06,73.2,1597.4,21.81
9/28/24 23:16,72.7,1596.1,21.81
9/28/24 23:26,74.2,1599.8,21.8
9/28/24 23:36,73.9,1600.1,21.8
9/28/24 23:46,73.7,1604.6,21.78
9/28/24 23:56,72.8,1608.4,21.76
9/29/24 0:06,73.9,1605.9,21.74
9/29/24 0:16,72.6,1612.8,21.72
9/29/24 0:26,72.7,1612.7,21.69
9/29/24 0:36,73.4,1616.5,21.67
9/29/24 0:46,74.5,1627.5,21.64
9/29/24 0:56,73.5,1628.2,21.61
9/29/24 1:06,74.6,1630,21.58
9/29/24 1:16,74.3,1637.3,21.55
9/29/24 1:26,74.7,1640.2,21.52
9/29/24 1:36,72.9,1643.5,21.48
9/29/24 1:46,74.8,1652.3,21.44
9/29/24 1:56,75.6,1656.3,21.4
9/29/24 2:06,75.1,1660.2,21.37
9/29/24 2:16,74.8,1664.6,21.33
9/29/24 2:26,75.2,1679.3,21.29
9/29/24 2:36,76.5,1684.5,21.25
9/29/24 2:46,73.6,1689.9,21.21
9/29/24 2:56,76.2,1696.6,21.18
9/29/24 3:06,74.8,1704.6,21.14
9/29/24 3:16,76.7,1703.8,21.1
9/29/24 3:26,75.5,1707.4,21.07
9/29/24 3:36,76.4,1714.9,21.02
9/29/24 3:46,75.3,1723.2,20.98
9/29/24 3:56,75.3,1712.4,20.95
9/29/24 4:06,75.3,1714.8,20.91
9/29/24 4:16,74.2,1723.8,20.87
9/29/24 4:26,75.9,1737.7,20.82
9/29/24 4:36,75.9,1733.1,20.78
9/29/24 4:46,74.9,1741.9,20.73
9/29/24 4:56,76.8,1751.8,20.69
9/29/24 5:06,76.4,1747.7,20.65
9/29/24 5:16,75.4,1748.9,20.6
9/29/24 5:26,76.2,1747.1,20.56
9/29/24 5:36,76.1,1749.8,20.52
9/29/24 5:46,75.9,1747.7,20.48
9/29/24 5:56,76.8,1745.2,20.44
9/29/24 6:06,77.3,1747.6,20.4
9/29/24 6:16,75.4,1752.9,20.35
9/29/24 6:26,73.5,1750.5,20.32
9/29/24 6:36,74.3,1751.2,20.28
9/29/24 6:46,76.5,1747.8,20.23
9/29/24 6:56,74.5,1757.9,20.19
9/29/24 7:06,75.9,1755.9,20.15
9/29/24 7:16,75.6,1757.9,20.11
9/29/24 7:26,75.5,1756.2,20.07
9/29/24 7:36,76.4,1752.7,20.04
9/29/24 7:46,76.7,1753,20
9/29/24 7:56,75.1,1755,19.96
9/29/24 8:06,73.1,1754.7,19.93
9/29/24 8:16,76.9,1753.8,19.9
9/29/24 8:26,75.4,1751.6,19.87
9/29/24 8:36,75.1,1757.4,19.84
9/29/24 8:46,74.5,1758,19.81
9/29/24 8:56,74.4,1746.4,19.8
9/29/24 9:06,76.3,1752.3,19.78
9/29/24 9:16,74.7,1752.6,19.77
9/29/24 9:26,75.5,1755.4,19.75
9/29/24 9:36,74.9,1754.1,19.74
9/29/24 9:46,75.8,1747,19.74
9/29/24 9:56,74.9,1744.4,19.74
9/29/24 10:06,74.4,1740.7,19.75
9/29/24 10:16,73.8,1735.7,19.75
9/29/24 10:26,74.8,1731.3,19.77
9/29/24 10:36,74.8,1727.9,19.78
9/29/24 10:46,75.8,1720.5,19.8
9/29/24 10:56,74.2,1711.3,19.82
9/29/24 11:06,75.3,1724.9,19.85
9/29/24 11:16,74.7,1699.9,19.89
9/29/24 11:26,73.6,1696.9,19.93
9/29/24 11:36,73.8,1695.5,19.97
9/29/24 11:46,74.5,1699.1,20.04
9/29/24 11:56,72.7,1712.7,20.11
9/29/24 12:06,73.2,1708.9,20.19
9/29/24 12:16,72.8,1704.7,20.28
9/29/24 12:26,74.8,1694.5,20.36
9/29/24 12:36,74.9,1716.4,20.44
9/29/24 12:46,74.8,1709.5,20.51
9/29/24 12:56,75.4,1692.2,20.58
9/29/24 13:06,73.9,1703.2,20.64
9/29/24 13:16,72,1676.8,20.69
9/29/24 13:26,74.9,1677.9,20.74
9/29/24 13:36,74.1,1668.4,20.78
9/29/24 13:46,72.6,1662.5,20.82
9/29/24 13:56,74.1,1668.7,20.85
9/29/24 14:06,74,1676.6,20.86
9/29/24 14:16,74.6,1681.2,20.85
9/29/24 14:26,72.9,1682.7,20.84
9/29/24 14:36,74.1,1679.7,20.83
9/29/24 14:46,72.4,1679.9,20.82
9/29/24 14:56,73.2,1677.3,20.81
9/29/24 15:06,73.4,1677.4,20.8
9/29/24 15:16,74.3,1674.1,20.79
9/29/24 15:26,73.3,1674.7,20.78
9/29/24 15:36,74,1673.7,20.78
9/29/24 15:46,72.6,1669.4,20.78
9/29/24 15:56,73.6,1668.9,20.78
9/29/24 16:06,73,1668.5,20.8
9/29/24 16:16,73,1663.3,20.81
9/29/24 16:26,72.3,1662.1,20.82
9/29/24 16:36,73.1,1658,20.84
9/29/24 16:46,72.9,1652.9,20.86
9/29/24 16:56,73,1643.1,20.88
9/29/24 17:06,73.6,1636.5,20.92
9/29/24 17:16,72.8,1627.3,20.95
9/29/24 17:26,72.7,1623.4,20.98
9/29/24 17:36,71.4,1618.8,21.01
9/29/24 17:46,72.1,1613.8,21.04
9/29/24 17:56,73.1,1609.4,21.06
9/29/24 18:06,72.4,1609.4,21.08
9/29/24 18:16,72.4,1605.7,21.1
9/29/24 18:26,73.5,1606,21.12
9/29/24 18:36,73.8,1607,21.13
9/29/24 18:46,72.5,1604.8,21.14
9/29/24 18:56,71.4,1599.3,21.16
9/29/24 19:06,72.1,1591.4,21.18
9/29/24 19:16,71.3,1583,21.21
9/29/24 19:26,71.3,1578.3,21.25
9/29/24 19:36,71.1,1573.4,21.27
9/29/24 19:46,71.8,1569,21.3
9/29/24 19:56,72.6,1564.6,21.33
9/29/24 20:06,73.2,1566.7,21.35
9/29/24 20:16,70.8,1562.5,21.37
9/29/24 20:26,71.5,1559.1,21.4
9/29/24 20:36,71.8,1552.9,21.41
9/29/24 20:46,70.9,1554.4,21.43
9/29/24 20:56,73,1551.1,21.44
9/29/24 21:06,73.2,1549.1,21.45
9/29/24 21:16,72,1548.8,21.46
9/29/24 21:26,72,1549,21.47
9/29/24 21:36,72.3,1549.9,21.47
9/29/24 21:46,72.3,1551.9,21.48
9/29/24 21:56,71.2,1550.3,21.48
9/29/24 22:06,72,1546.5,21.48
9/29/24 22:16,73,1545.3,21.48
9/29/24 22:26,72.2,1545,21.47
9/29/24 22:36,72,1543.1,21.47
9/29/24 22:46,70.6,1540,21.45
9/29/24 22:56,71.9,1541.4,21.43
9/29/24 23:06,71.9,1543.6,21.42
9/29/24 23:16,72.7,1546.2,21.4
9/29/24 23:26,70.6,1546.5,21.37
9/29/24 23:36,71.1,1544.5,21.35
9/29/24 23:46,70.9,1546.3,21.33
9/29/24 23:56,72.5,1550.1,21.31
9/30/24 0:06,72.5,1548.1,21.29
9/30/24 0:16,71.8,1550.5,21.26
9/30/24 0:26,73.5,1552,21.23
9/30/24 0:36,73.6,1559.7,21.2
9/30/24 0:46,71.8,1563.2,21.17
9/30/24 0:56,72.8,1567.4,21.13
9/30/24 1:06,72.9,1570.2,21.1
9/30/24 1:16,71.9,1573.3,21.06
9/30/24 1:26,72.3,1576.4,21.03
9/30/24 1:36,73.5,1579.1,21
9/30/24 1:46,73.3,1580.8,20.98
9/30/24 1:56,72.7,1584.7,20.94
9/30/24 2:06,71.9,1587.4,20.92
9/30/24 2:16,72.1,1594.2,20.9
9/30/24 2:26,73.3,1596.7,20.88
9/30/24 2:36,74.9,1601.2,20.86
9/30/24 2:46,73.9,1609.7,20.84
9/30/24 2:56,73.5,1609.1,20.81
9/30/24 3:06,73.4,1617.3,20.79
9/30/24 3:16,74.1,1622.8,20.76
9/30/24 3:26,74.3,1633.4,20.74
9/30/24 3:36,73.2,1643.2,20.71
9/30/24 3:46,72.9,1655.1,20.68
9/30/24 3:56,74,1658.4,20.65
9/30/24 4:06,73.1,1665.5,20.61
9/30/24 4:16,73.1,1671.3,20.58
9/30/24 4:26,74.9,1666.6,20.54
9/30/24 4:36,73.5,1676,20.5
9/30/24 4:46,74.1,1683.7,20.46
9/30/24 4:56,74.2,1685.7,20.42
9/30/24 5:06,75.5,1689.3,20.37
9/30/24 5:16,74.5,1692.6,20.33
9/30/24 5:26,73.7,1694.3,20.28
9/30/24 5:36,73.7,1694.8,20.24
9/30/24 5:46,73.9,1701.5,20.2
9/30/24 5:56,75.1,1697.9,20.15
9/30/24 6:06,72.8,1701.9,20.1
9/30/24 6:16,75.1,1702.8,20.06
9/30/24 6:26,73.1,1704.1,20.02
9/30/24 6:36,75.7,1701.2,19.98
9/30/24 6:46,72.7,1706.7,19.94
9/30/24 6:56,73.7,1709.2,19.89
9/30/24 7:06,75.1,1710.9,19.85
9/30/24 7:16,74,1710.8,19.8
9/30/24 7:26,74.1,1708.2,19.77
9/30/24 7:36,73.9,1707.4,19.73
9/30/24 7:46,74.2,1709.7,19.69
9/30/24 7:56,74.6,1713.1,19.65
9/30/24 8:06,73.5,1711.8,19.62
9/30/24 8:16,74.9,1711.6,19.59
9/30/24 8:26,75,1710.9,19.57
9/30/24 8:36,73.9,1714.2,19.55
9/30/24 8:46,73.8,1714,19.52
9/30/24 8:56,73.4,1713.7,19.5
9/30/24 9:06,73.7,1710.4,19.49
9/30/24 9:16,74.8,1709.1,19.48
9/30/24 9:26,74.1,1710.6,19.48
9/30/24 9:36,76.3,1708.7,19.47
9/30/24 9:46,73,1708.2,19.47
9/30/24 9:56,74.9,1701.2,19.47
9/30/24 10:06,74.8,1696.8,19.49
9/30/24 10:16,74.1,1691.9,19.5
9/30/24 10:26,73.6,1692.8,19.52
9/30/24 10:36,74.5,1686,19.53
9/30/24 10:46,74.7,1683.4,19.55
9/30/24 10:56,74.7,1677.7,19.56
9/30/24 11:06,74,1679.8,19.59
9/30/24 11:16,73.6,1668.5,19.62
9/30/24 11:26,73.8,1667.3,19.65
9/30/24 11:36,72.9,1670,19.7
9/30/24 11:46,72,1678.1,19.76
9/30/24 11:56,73.5,1687.2,19.83
9/30/24 12:06,73.6,1682.7,19.9
9/30/24 12:16,73.8,1679.3,19.98
9/30/24 12:26,74.5,1684.4,20.05
9/30/24 12:36,74.5,1680.7,20.12
9/30/24 12:46,73.4,1685.7,20.19
9/30/24 12:56,73.4,1673.5,20.25
9/30/24 13:06,72.2,1673.4,20.31
9/30/24 13:16,72.5,1663.8,20.37
9/30/24 13:26,73.1,1646.2,20.42
9/30/24 13:36,72.8,1640.6,20.47
9/30/24 13:46,73.4,1633.8,20.51
9/30/24 13:56,72.8,1630.4,20.54
9/30/24 14:06,73.2,1632,20.57
9/30/24 14:16,72.8,1630.6,20.59
9/30/24 14:26,72.7,1635.5,20.59
9/30/24 14:36,72.7,1633.9,20.61
9/30/24 14:46,73.5,1640.5,20.6
9/30/24 14:56,70.7,1637.2,20.6
9/30/24 15:06,73.6,1640,20.59
9/30/24 15:16,72.7,1635.9,20.59
9/30/24 15:26,72.7,1636.4,20.58
9/30/24 15:36,73.4,1632.1,20.56
9/30/24 15:46,74.9,1633.6,20.55
9/30/24 15:56,73.6,1628.7,20.55
9/30/24 16:06,73.1,1626,20.55
9/30/24 16:16,74,1618.8,20.57
9/30/24 16:26,72.7,1616.9,20.58
9/30/24 16:36,72.6,1616.9,20.6
9/30/24 16:46,73,1613.8,20.61
9/30/24 16:56,73.4,1610.7,20.64
9/30/24 17:06,71.8,1606.6,20.66
9/30/24 17:16,72.8,1597.9,20.68
9/30/24 17:26,72.1,1592.9,20.72
9/30/24 17:36,72.9,1591.3,20.76
9/30/24 17:46,72.5,1587,20.8
9/30/24 17:56,72,1587.2,20.84
9/30/24 18:06,72.3,1586.3,20.88
9/30/24 18:16,71,1582.9,20.92
9/30/24 18:26,72.6,1582.1,20.96
9/30/24 18:36,72.3,1580.4,20.99
9/30/24 18:46,72.2,1580,21.03
9/30/24 18:56,72.6,1577,21.07
9/30/24 19:06,73.5,1583.8,21.12
9/30/24 19:16,73.6,1585.4,21.17
9/30/24 19:26,73.2,1589.6,21.22
9/30/24 19:36,72.7,1592.1,21.27
9/30/24 19:46,73.7,1582,21.33
9/30/24 19:56,73.4,1582.7,21.38
9/30/24 20:06,73.8,1574.8,21.42
9/30/24 20:16,73.7,1553.9,21.46
9/30/24 20:26,73,1541.1,21.5
9/30/24 20:36,72.3,1540.1,21.54
9/30/24 20:46,71.7,1540.2,21.58
9/30/24 20:56,71.7,1537.2,21.61
9/30/24 21:06,71.5,1534.4,21.64
9/30/24 21:16,71.9,1531,21.66
9/30/24 21:26,71.1,1531.6,21.68
9/30/24 21:36,72,1533.8,21.7
9/30/24 21:46,71,1535.9,21.72
9/30/24 21:56,72.3,1534.8,21.73
9/30/24 22:06,72.3,1538.2,21.74
9/30/24 22:16,72.1,1540.6,21.75
9/30/24 22:26,70.8,1540.1,21.75
9/30/24 22:36,72.4,1541.5,21.75
9/30/24 22:46,73.7,1548.8,21.74
9/30/24 22:56,72.3,1554.2,21.74
9/30/24 23:06,72.9,1552,21.73
9/30/24 23:16,71.2,1559.3,21.72
9/30/24 23:26,72.7,1554.2,21.72
9/30/24 23:36,73.4,1555.7,21.71
9/30/24 23:46,74.5,1558.3,21.69
9/30/24 23:56,73.7,1560.1,21.68
10/1/24 0:06,72.8,1558.6,21.67
10/1/24 0:16,70.1,1557.5,21.64
10/1/24 0:26,71.8,1566.4,21.62
10/1/24 0:36,71.4,1568.3,21.6
10/1/24 0:46,72.6,1576.4,21.56
10/1/24 0:56,72.4,1582.5,21.53
10/1/24 1:06,72.1,1591.5,21.5
10/1/24 1:16,73.9,1591.1,21.46
10/1/24 1:26,72.3,1599.6,21.43
10/1/24 1:36,71.8,1610.1,21.39
10/1/24 1:46,73.5,1616.5,21.36
10/1/24 1:56,73.3,1622.8,21.32
10/1/24 2:06,73.8,1635.6,21.27
10/1/24 2:16,73.4,1646.2,21.21
10/1/24 2:26,73.4,1652.6,21.18
10/1/24 2:36,73,1651.4,21.14
10/1/24 2:46,73.9,1657,21.1
10/1/24 2:56,73.6,1656.4,21.07
10/1/24 3:06,74.2,1658.7,21.03
10/1/24 3:16,73.4,1661,20.99
10/1/24 3:26,74.1,1665,20.96
10/1/24 3:36,72.6,1667.3,20.92
10/1/24 3:46,73.3,1669.8,20.89
10/1/24 3:56,73.1,1672,20.86
10/1/24 4:06,73.1,1674.1,20.82
10/1/24 4:16,73.5,1674.6,20.78
10/1/24 4:26,74,1678.9,20.75
10/1/24 4:36,73.4,1679.7,20.71
10/1/24 4:46,73.1,1679.3,20.67
10/1/24 4:56,73.7,1682.2,20.64
10/1/24 5:06,73.9,1684,20.6
10/1/24 5:16,74.2,1682.7,20.56
10/1/24 5:26,74.9,1683.4,20.53
10/1/24 5:36,71.6,1682.9,20.49
10/1/24 5:46,74.5,1691.1,20.46
10/1/24 5:56,74.6,1687.9,20.42
10/1/24 6:06,75,1691.4,20.37
10/1/24 6:16,74.3,1694.2,20.34
10/1/24 6:26,75.2,1691.6,20.3
10/1/24 6:36,72.8,1694,20.27
10/1/24 6:46,73.6,1694.5,20.23
10/1/24 6:56,74.4,1699.8,20.19
10/1/24 7:06,74.6,1700.5,20.16
10/1/24 7:16,75.3,1702.4,20.12
10/1/24 7:26,74.1,1702.2,20.09
10/1/24 7:36,75,1703,20.06
10/1/24 7:46,74.7,1707.1,20.03
10/1/24 7:56,74.1,1705.5,19.99
10/1/24 8:06,73.8,1709,19.96
10/1/24 8:16,74.7,1706.7,19.94
10/1/24 8:26,75.7,1706.9,19.91
10/1/24 8:36,74.8,1706,19.89
10/1/24 8:46,74.7,1705.4,19.87
10/1/24 8:56,74.9,1705.6,19.84
10/1/24 9:06,75.7,1703.8,19.83
10/1/24 9:16,75,1707,19.81
10/1/24 9:26,73.9,1700.9,19.81
10/1/24 9:36,75,1698.1,19.8
10/1/24 9:46,72.3,1697.3,19.8
10/1/24 9:56,74.7,1689.7,19.81
10/1/24 10:06,73.1,1689.6,19.82
10/1/24 10:16,74,1684.8,19.84
10/1/24 10:26,73.6,1684.1,19.86
10/1/24 10:36,75.2,1679.5,19.88
10/1/24 10:46,73,1685.9,19.9
10/1/24 10:56,74.6,1686.5,19.93
10/1/24 11:06,73.2,1677.4,19.96
10/1/24 11:16,74.7,1671.6,20
10/1/24 11:26,74.1,1670,20.04
10/1/24 11:36,73.8,1705.1,20.1
10/1/24 11:46,73.3,1702.5,20.17
10/1/24 11:56,73.9,1692.9,20.25
10/1/24 12:06,74.6,1696.6,20.33
10/1/24 12:16,73.5,1695.6,20.41
10/1/24 12:26,72.5,1693.4,20.48
10/1/24 12:36,74.1,1682.6,20.56
10/1/24 12:46,74.7,1677.7,20.64
10/1/24 12:56,72.4,1675.6,20.71
10/1/24 13:06,74.8,1667.5,20.76
10/1/24 13:16,73,1640.4,20.83
10/1/24 13:26,72.7,1669.5,20.87
10/1/24 13:36,74.7,1639,20.93
10/1/24 13:46,74.5,1629.6,20.96
10/1/24 13:56,74,1624.7,21
10/1/24 14:06,75.2,1625.3,21.03
10/1/24 14:16,73.8,1628.7,21.05
10/1/24 14:26,72.6,1629.2,21.07
10/1/24 14:36,73.7,1630.3,21.08
10/1/24 14:46,74,1628.3,21.09
10/1/24 14:56,72.9,1630.5,21.1
10/1/24 15:06,73.3,1627.2,21.11
10/1/24 15:16,73.1,1627.1,21.12
10/1/24 15:26,73.3,1627.2,21.13
10/1/24 15:36,72.5,1621,21.14
10/1/24 15:46,73.2,1621,21.15
10/1/24 15:56,72.4,1612.6,21.17
10/1/24 16:06,72.7,1611.9,21.18
10/1/24 16:16,73.8,1608,21.21
10/1/24 16:26,73,1604.3,21.24
10/1/24 16:36,74.1,1599.1,21.28
10/1/24 16:46,72.7,1619.7,21.33
10/1/24 16:56,72,1629.9,21.38
10/1/24 17:06,73.5,1624.5,21.43
10/1/24 17:16,73.1,1617.5,21.5
10/1/24 17:26,73.6,1623.7,21.55
10/1/24 17:36,72.3,1596,21.61
10/1/24 17:46,75.1,1609.3,21.67
10/1/24 17:56,72.9,1618.4,21.74
10/1/24 18:06,72.8,1588.2,21.8
10/1/24 18:16,72.9,1600.8,21.86
10/1/24 18:26,72.9,1611.3,21.91
10/1/24 18:36,74.3,1597.5,21.96
10/1/24 18:46,73.6,1595.6,22.01
10/1/24 18:56,73.5,1602,22.06
10/1/24 19:06,74.7,1608.1,22.12
10/1/24 19:16,74.6,1603,22.18
10/1/24 19:26,73.7,1604.7,22.24
10/1/24 19:36,72.9,1588.6,22.3
10/1/24 19:46,71.3,1579.6,22.34
10/1/24 19:56,74.9,1563.3,22.39
10/1/24 20:06,72.4,1567.4,22.43
10/1/24 20:16,71.8,1561.9,22.47
10/1/24 20:26,72.3,1559.1,22.51
10/1/24 20:36,73.7,1558.4,22.54
10/1/24 20:46,74.1,1555.6,22.57
10/1/24 20:56,73.3,1560.6,22.59
10/1/24 21:06,71.3,1566.3,22.61
10/1/24 21:16,74.1,1564.5,22.62
10/1/24 21:26,73.7,1564.2,22.64
10/1/24 21:36,74.2,1570.3,22.65
10/1/24 21:46,74.1,1570.8,22.66
10/1/24 21:56,74.3,1573,22.66
10/1/24 22:06,74.8,1574.5,22.66
10/1/24 22:16,72.9,1577,22.65
10/1/24 22:26,73.7,1578.8,22.65
10/1/24 22:36,73.1,1575.8,22.64
10/1/24 22:46,72.8,1580.9,22.63
10/1/24 22:56,73.5,1580.9,22.62
10/1/24 23:06,73.2,1579.8,22.6
10/1/24 23:16,74.7,1582.3,22.58
10/1/24 23:26,73,1585.9,22.56
10/1/24 23:36,73.4,1588.2,22.53
10/1/24 23:46,74.2,1588.8,22.5
10/1/24 23:56,71.7,1585.2,22.47
10/2/24 0:06,73.4,1590.6,22.44
10/2/24 0:16,74.8,1597.3,22.41
10/2/24 0:26,73,1599.6,22.37
10/2/24 0:36,73.1,1604.2,22.34
10/2/24 0:46,72.7,1611,22.29
10/2/24 0:56,73.8,1626.2,22.25
10/2/24 1:06,72.6,1636.2,22.2
10/2/24 1:16,73.4,1647.5,22.15
10/2/24 1:26,75.3,1655.9,22.09
10/2/24 1:36,74.2,1659.5,22.05
10/2/24 1:46,74.8,1665.5,21.99
10/2/24 1:56,75.1,1673.2,21.94
10/2/24 2:06,74.9,1679.5,21.88
10/2/24 2:16,74.2,1683,21.84
10/2/24 2:26,75,1684.7,21.78
10/2/24 2:36,74.6,1689.2,21.73
10/2/24 2:46,75.4,1691.5,21.67
10/2/24 2:56,73.9,1694.6,21.62
10/2/24 3:06,74.3,1695.8,21.56
10/2/24 3:16,74.9,1699.3,21.51
10/2/24 3:26,75,1700.7,21.46
10/2/24 3:36,75.9,1700.2,21.4
10/2/24 3:46,74.8,1701.1,21.34
10/2/24 3:56,75,1702.5,21.29
10/2/24 4:06,75.3,1701,21.24
10/2/24 4:16,75.3,1707.8,21.17
10/2/24 4:26,75.4,1711,21.12
10/2/24 4:36,75.4,1708.4,21.06
10/2/24 4:46,74.5,1708.9,21.01
10/2/24 4:56,75.6,1710.4,20.95
10/2/24 5:06,76.7,1713.1,20.9
10/2/24 5:16,77.2,1712.7,20.84
10/2/24 5:26,75.9,1713,20.79
10/2/24 5:36,76.6,1715.3,20.74
10/2/24 5:46,75.8,1715.3,20.68
10/2/24 5:56,76.2,1711.2,20.63
10/2/24 6:06,76.2,1720,20.58
10/2/24 6:16,75.7,1717.3,20.53
10/2/24 6:26,76.7,1721,20.48
10/2/24 6:36,75,1718,20.43
10/2/24 6:46,76.7,1720.8,20.38
10/2/24 6:56,76.1,1721.3,20.33
10/2/24 7:06,76.7,1720.8,20.28
10/2/24 7:16,75.9,1717.9,20.24
10/2/24 7:26,75.3,1723,20.18
10/2/24 7:36,75.4,1720.2,20.14
10/2/24 7:46,76.2,1719.3,20.1
10/2/24 7:56,76,1715.8,20.06
10/2/24 8:06,77.1,1715.9,20.02
10/2/24 8:16,74.9,1715.4,19.99
10/2/24 8:26,75.3,1716.2,19.97
10/2/24 8:36,76.9,1713.6,19.95
10/2/24 8:46,76.7,1711.5,19.93
10/2/24 8:56,75.4,1710.9,19.91
10/2/24 9:06,76,1705.4,19.91
10/2/24 9:16,75.1,1707.1,19.9
10/2/24 9:26,75.2,1705.5,19.91
10/2/24 9:36,75.7,1699.1,19.92
10/2/24 9:46,76.6,1695.4,19.92
10/2/24 9:56,74.2,1692.4,19.94
10/2/24 10:06,74.5,1691.8,19.96
10/2/24 10:16,74.3,1689.2,19.98
10/2/24 10:26,75.2,1681.8,20
10/2/24 10:36,75.3,1677.4,20.03
10/2/24 10:46,76.1,1679.7,20.06
10/2/24 10:56,75.8,1678.4,20.09
10/2/24 11:06,73.6,1673.4,20.12
10/2/24 11:16,76.8,1671.6,20.16
10/2/24 11:26,72.7,1668.9,20.2
10/2/24 11:36,76.4,1671,20.25
10/2/24 11:46,74.6,1687.7,20.31
10/2/24 11:56,75,1695.7,20.38
10/2/24 12:06,75.7,1698.4,20.45
10/2/24 12:16,75.6,1697.1,20.53
10/2/24 12:26,73.4,1700.4,20.6
10/2/24 12:36,75.4,1694,20.67
10/2/24 12:46,75.1,1690.4,20.73
10/2/24 12:56,73.3,1687.6,20.79
10/2/24 13:06,74.5,1679.6,20.85
10/2/24 13:16,74.7,1657.4,20.9
10/2/24 13:26,74.2,1659.8,20.95
10/2/24 13:36,73.6,1647.8,21
10/2/24 13:46,74.2,1643,21.03
10/2/24 13:56,75.2,1640,21.07
10/2/24 14:06,72.8,1637.6,21.1
10/2/24 14:16,74.5,1637.3,21.12
10/2/24 14:26,74.2,1640.8,21.13
10/2/24 14:36,75.2,1640.2,21.14
10/2/24 14:46,73.3,1639.3,21.15
10/2/24 14:56,75.2,1642.5,21.15
10/2/24 15:06,74,1638.8,21.16
10/2/24 15:16,74,1638,21.17
10/2/24 15:26,74.5,1637.4,21.17
10/2/24 15:36,74.1,1636.1,21.18
10/2/24 15:46,73.6,1633,21.19
10/2/24 15:56,74.5,1630.2,21.2
10/2/24 16:06,74.1,1628.8,21.21
10/2/24 16:16,74.8,1623.4,21.23
10/2/24 16:26,73.6,1620.1,21.26
10/2/24 16:36,74.9,1615.6,21.28
10/2/24 16:46,73.1,1610.3,21.32
10/2/24 16:56,73.4,1616.6,21.36
10/2/24 17:06,73,1615.1,21.41
10/2/24 17:16,73.8,1625.5,21.46
10/2/24 17:26,72.2,1621.9,21.52
10/2/24 17:36,75.1,1617.1,21.58
10/2/24 17:46,73.1,1622.3,21.64
10/2/24 17:56,72.9,1620.1,21.71
10/2/24 18:16,73.5,1603.5,21.84
10/2/24 18:26,72.2,1600.2,21.9
10/2/24 18:36,72.8,1586.7,21.95
10/2/24 18:46,73.8,1585.1,22
10/2/24 18:56,73.3,1589.1,22.05
10/2/24 19:06,72.2,1574.2,22.1
10/2/24 19:16,72.4,1569.8,22.16
10/2/24 19:26,71.8,1558.4,22.21
10/2/24 19:36,73,1551.6,22.27
10/2/24 19:46,72.3,1547.1,22.32
10/2/24 19:56,72.8,1556.6,22.37
10/2/24 20:06,72.3,1538.7,22.42
10/2/24 20:16,71.7,1532.9,22.46
10/2/24 20:26,71.2,1530.3,22.5
10/2/24 20:36,70.8,1535.6,22.53
10/2/24 20:46,73,1529.6,22.56
10/2/24 20:56,71.3,1531,22.58
10/2/24 21:06,72.3,1531.2,22.6
10/2/24 21:16,73.1,1529.8,22.62
10/2/24 21:26,72.9,1534.8,22.64
10/2/24 21:36,72.7,1533.1,22.65
10/2/24 21:46,73.2,1533.8,22.65
10/2/24 21:56,72.7,1538.3,22.66
10/2/24 22:06,71.7,1538,22.66
10/2/24 22:16,72.9,1540.8,22.66
10/2/24 22:26,71.9,1541.4,22.66
10/2/24 22:36,73.1,1539.9,22.66
10/2/24 22:46,72.6,1541.1,22.66
10/2/24 22:56,71.8,1543.8,22.65
10/2/24 23:06,72.5,1544.7,22.65
10/2/24 23:16,72.8,1546.4,22.65
10/2/24 23:26,71.8,1548.4,22.64
10/2/24 23:36,73.2,1551.8,22.63
10/2/24 23:46,72.1,1553.3,22.61
10/2/24 23:56,72.9,1554.1,22.59
10/3/24 0:06,73.5,1557.5,22.56
10/3/24 0:16,72.8,1565.3,22.53
10/3/24 0:26,73.5,1573.3,22.48
10/3/24 0:36,72.8,1573.9,22.44
10/3/24 0:46,72,1598.5,22.4
10/3/24 0:56,73.9,1605.7,22.35
10/3/24 1:06,72.2,1614.4,22.31
10/3/24 1:16,72.8,1621,22.26
10/3/24 1:26,73.1,1630.7,22.22
10/3/24 1:36,74,1636,22.18
10/3/24 1:46,73.8,1638.2,22.13
10/3/24 1:56,73.6,1642.5,22.09
10/3/24 2:06,75.4,1645.1,22.05
10/3/24 2:16,73,1645.8,22.01
10/3/24 2:26,73.7,1648.7,21.97
10/3/24 2:36,73,1653.8,21.93
10/3/24 2:46,75.7,1655.2,21.89
10/3/24 2:56,73.3,1655.1,21.86
10/3/24 3:06,73.6,1656.6,21.81
10/3/24 3:16,73,1663.2,21.77
10/3/24 3:26,72.4,1662.6,21.73
10/3/24 3:36,73.9,1662.8,21.69
10/3/24 3:46,73.6,1666.3,21.65
10/3/24 3:56,73.3,1671.1,21.6
10/3/24 4:06,73.7,1671.4,21.56
10/3/24 4:16,75.2,1669.9,21.52
10/3/24 4:26,74.4,1670.7,21.47
10/3/24 4:36,73.7,1670.2,21.42
10/3/24 4:46,72.7,1671.7,21.38
10/3/24 4:56,73.7,1672.5,21.34
10/3/24 5:06,74.7,1672.7,21.3
10/3/24 5:16,74.1,1672.9,21.26
10/3/24 5:26,74.5,1671.1,21.22
10/3/24 5:36,73.4,1671.7,21.18
10/3/24 5:46,73.5,1674.8,21.13
10/3/24 5:56,74.3,1670.8,21.1
10/3/24 6:06,73,1675.9,21.06
10/3/24 6:16,74.4,1676,21.02
10/3/24 6:26,73.8,1680.1,20.98
10/3/24 6:36,73.5,1679,20.94
10/3/24 6:46,73.4,1680.7,20.9
10/3/24 6:56,73.8,1681.3,20.87
10/3/24 7:06,74.7,1680.2,20.83
10/3/24 7:16,73.8,1685.7,20.8
10/3/24 7:26,75.3,1684.4,20.76
10/3/24 7:36,72.7,1684.9,20.73
10/3/24 7:46,75.5,1685,20.7
10/3/24 7:56,73.9,1685.3,20.67
10/3/24 8:06,75.2,1685.1,20.64
10/3/24 8:16,73.1,1690.1,20.61
10/3/24 8:26,74.8,1687,20.59
10/3/24 8:36,73.5,1686,20.57
10/3/24 8:46,74.6,1688.7,20.54
10/3/24 8:56,74.3,1688.9,20.53
10/3/24 9:06,75.7,1684.1,20.51
10/3/24 9:16,74.2,1687.3,20.49
10/3/24 9:26,73.7,1687.8,20.48
10/3/24 9:36,74.1,1683.1,20.46
10/3/24 9:46,74.5,1685.6,20.45
10/3/24 9:56,73.9,1681,20.45
10/3/24 10:06,74.7,1678.9,20.46
10/3/24 10:16,73.9,1681.9,20.46
10/3/24 10:26,73.5,1677.8,20.47
10/3/24 10:36,74.7,1669.8,20.48
10/3/24 10:46,74.1,1668.3,20.49
10/3/24 10:56,73.6,1660.1,20.51
10/3/24 11:06,74.1,1657.5,20.54
10/3/24 11:16,73.7,1657.2,20.57
10/3/24 11:26,75,1651.6,20.6
10/3/24 11:36,73.6,1646.5,20.65
10/3/24 11:46,73.9,1647.7,20.69
10/3/24 11:56,73.9,1674.2,20.75
10/3/24 12:06,73.6,1674.8,20.82
10/3/24 12:16,73.1,1674.8,20.89
10/3/24 12:26,75.6,1680.4,20.95
10/3/24 12:36,74,1670.7,21.02
10/3/24 12:46,73.3,1670.5,21.08
10/3/24 12:56,75.8,1673,21.13
10/3/24 13:06,74.7,1638,21.18
10/3/24 13:16,74.4,1628.7,21.23
10/3/24 13:26,72.3,1626.2,21.26
10/3/24 13:36,73.5,1626.3,21.3
10/3/24 13:46,73.1,1623.3,21.33
10/3/24 13:56,72,1624.4,21.35
10/3/24 14:06,72.9,1622.2,21.38
10/3/24 14:16,75.7,1626.1,21.39
10/3/24 14:26,73.1,1626.1,21.4
10/3/24 14:36,73.7,1623,21.42
10/3/24 14:46,74.3,1619.6,21.43
10/3/24 14:56,73.4,1620.1,21.43
10/3/24 15:06,73.9,1618.1,21.43
10/3/24 15:16,73.5,1617.2,21.43
10/3/24 15:26,73.6,1616.9,21.43
10/3/24 15:36,72.9,1612.5,21.44
10/3/24 15:46,73.6,1613.2,21.46
10/3/24 15:56,73.4,1610.9,21.47
10/3/24 16:06,73.2,1608,21.49
10/3/24 16:16,72.7,1602.6,21.52
10/3/24 16:26,72.6,1599.2,21.55
10/3/24 16:36,73.9,1594.6,21.58
10/3/24 16:46,72.8,1598.9,21.64
10/3/24 16:56,72.7,1612.5,21.69
10/3/24 17:06,72,1619.7,21.74
10/3/24 17:16,72.1,1616.3,21.8
10/3/24 17:26,74.2,1621.3,21.85
10/3/24 17:36,73.2,1606.4,21.9
10/3/24 17:46,71.4,1590.3,21.95
10/3/24 17:56,72.6,1575.2,22
10/3/24 18:06,72.3,1573,22.04
10/3/24 18:16,71.4,1573.4,22.07
10/3/24 18:26,71.6,1564.8,22.09
10/3/24 18:36,70.9,1563.5,22.12
10/3/24 18:46,70.5,1561.1,22.15
10/3/24 18:56,71.9,1559.4,22.17
10/3/24 19:06,71.9,1554.4,22.2
10/3/24 19:16,72.5,1553.4,22.24
10/3/24 19:26,74.3,1547.9,22.27
10/3/24 19:36,70.8,1543.9,22.3
10/3/24 19:46,72,1542.8,22.33
10/3/24 19:56,72.1,1538.1,22.36
10/3/24 20:06,71.8,1540.7,22.39
10/3/24 20:16,70.9,1537.7,22.42
10/3/24 20:26,72.4,1537,22.44
10/3/24 20:36,72.5,1535.9,22.46
10/3/24 20:46,72,1534.4,22.48
10/3/24 20:56,70.9,1536.6,22.5
10/3/24 21:06,72.5,1536,22.52
10/3/24 21:16,72.8,1532.3,22.53
10/3/24 21:26,73.6,1537.5,22.54
10/3/24 21:36,71.9,1540.4,22.55
10/3/24 21:46,72.4,1538.7,22.56
10/3/24 21:56,74.4,1538.3,22.57
10/3/24 22:06,72.3,1541,22.58
10/3/24 22:16,72.9,1543,22.59
10/3/24 22:26,72.6,1543.4,22.6
10/3/24 22:36,73.5,1542.3,22.6
10/3/24 22:46,72.8,1546.2,22.61
10/3/24 22:56,73.2,1547.6,22.61
10/3/24 23:06,71,1549.8,22.61
10/3/24 23:16,72.5,1551,22.62
10/3/24 23:26,71.4,1554.2,22.62
10/3/24 23:36,73.7,1554.4,22.61
10/3/24 23:46,71.7,1557.6,22.61
10/3/24 23:56,73.3,1559,22.6
10/4/24 0:06,73.4,1565.7,22.6
10/4/24 0:16,72.6,1566.5,22.6
10/4/24 0:26,72.1,1568.5,22.59
10/4/24 0:36,73.4,1567,22.58
10/4/24 0:46,72.8,1568.6,22.57
10/4/24 0:56,73.2,1573.6,22.55
10/4/24 1:06,72.3,1578.4,22.53
10/4/24 1:16,72.3,1585.4,22.51
10/4/24 1:26,73.2,1584.6,22.48
10/4/24 1:36,73.4,1594.3,22.45
10/4/24 1:46,73,1617.2,22.42
10/4/24 1:56,73.2,1640.1,22.38
10/4/24 2:06,73,1654.1,22.34
10/4/24 2:16,74,1661.4,22.31
10/4/24 2:26,73.5,1670.9,22.27
10/4/24 2:36,73.6,1674.7,22.23
10/4/24 2:46,74.7,1676.6,22.2
10/4/24 2:56,73.5,1678,22.16
10/4/24 3:06,72.6,1680.5,22.12
10/4/24 3:16,72.9,1681.1,22.08
10/4/24 3:26,74.3,1679,22.04
10/4/24 3:36,72.9,1685.1,22
10/4/24 3:46,73.9,1683.6,21.96
10/4/24 3:56,74.7,1687.6,21.92
10/4/24 4:06,73.5,1687.1,21.88
10/4/24 4:16,72.7,1686.6,21.84
10/4/24 4:26,73.7,1690,21.8
10/4/24 4:36,75.4,1694.6,21.75
10/4/24 4:46,73.9,1692.2,21.7
10/4/24 4:56,73.8,1693.1,21.66
10/4/24 5:06,74.9,1696.3,21.61
10/4/24 5:16,74.2,1695.7,21.57
10/4/24 5:26,76.2,1695.8,21.52
10/4/24 5:36,75.6,1695.7,21.47
10/4/24 5:46,74,1695.6,21.42
10/4/24 5:56,74.3,1696.4,21.38
10/4/24 6:06,74.6,1698.2,21.33
10/4/24 6:16,73.2,1698.6,21.28
10/4/24 6:26,75.1,1699.3,21.23
10/4/24 6:36,74.5,1697.5,21.18
10/4/24 6:46,74,1697.4,21.13
10/4/24 6:56,74.1,1698.9,21.08
10/4/24 7:06,74.6,1701,21.03
10/4/24 7:16,73.3,1701.4,20.99
10/4/24 7:26,74.2,1697.7,20.95
10/4/24 7:36,74.9,1695.9,20.91
10/4/24 7:46,73,1695.3,20.88
10/4/24 7:56,73.6,1698.8,20.84
10/4/24 8:06,73.6,1692.8,20.82
10/4/24 8:16,74,1692,20.79
10/4/24 8:26,73.9,1689.2,20.78
10/4/24 8:36,74.2,1683.6,20.76
10/4/24 8:46,74.8,1682.5,20.76
10/4/24 8:56,74.1,1677.9,20.75
10/4/24 9:06,74.2,1680.2,20.74
10/4/24 9:16,72.7,1681,20.73
10/4/24 9:26,73.6,1675.5,20.72
10/4/24 9:36,74.4,1675.5,20.71
10/4/24 9:46,73.3,1668.2,20.71
10/4/24 9:56,73.9,1666.1,20.72
10/4/24 10:06,73.1,1663.3,20.72
10/4/24 10:16,73.3,1660.4,20.72
10/4/24 10:26,73.3,1658.1,20.73
10/4/24 10:36,73.1,1652.8,20.74
10/4/24 10:46,73.8,1654.3,20.76
10/4/24 10:56,73.9,1649.4,20.79
10/4/24 11:06,73.1,1647.3,20.8
10/4/24 11:16,73.5,1646.7,20.83
10/4/24 11:26,73.7,1645.2,20.86
10/4/24 11:36,72.9,1641.3,20.9
10/4/24 11:46,73.2,1637,20.94
10/4/24 11:56,74.3,1673.4,20.99
10/4/24 12:06,72.3,1638.2,21.05
10/4/24 12:16,72.8,1671.2,21.11
10/4/24 12:26,72.5,1663.5,21.17
10/4/24 12:36,73.8,1656.4,21.23
10/4/24 12:46,73,1656.1,21.29
10/4/24 12:56,71.8,1636.2,21.34
10/4/24 13:06,72.9,1631.1,21.39
10/4/24 13:16,72,1625.8,21.43
10/4/24 13:26,72.8,1623.2,21.46
10/4/24 13:36,71.9,1619.3,21.49
10/4/24 13:46,73.4,1621.1,21.51
10/4/24 13:56,74.2,1619.5,21.53
10/4/24 14:06,73.8,1621.2,21.54
10/4/24 14:16,73.7,1622,21.54
10/4/24 14:26,72.4,1621.3,21.55
10/4/24 14:36,73.1,1617.4,21.55
10/4/24 14:46,72.4,1612.4,21.55
10/4/24 14:56,71.4,1611.2,21.55
10/4/24 15:06,71.5,1609.2,21.55
10/4/24 15:16,72.7,1610.6,21.56
10/4/24 15:26,72.2,1609.7,21.56
10/4/24 15:36,71.9,1609.1,21.57
10/4/24 15:46,72.3,1607.4,21.57
10/4/24 15:56,74,1609.2,21.59
10/4/24 16:06,73.4,1600.9,21.61
10/4/24 16:16,73.4,1601.6,21.64
10/4/24 16:26,72.1,1596.6,21.67
10/4/24 16:36,71.9,1597.4,21.71
10/4/24 16:46,73,1612.4,21.75
10/4/24 16:56,74.2,1623.6,21.8
10/4/24 17:06,73.3,1630.2,21.86
10/4/24 17:16,72.9,1632.5,21.91
10/4/24 17:26,73.2,1626.9,21.97
10/4/24 17:36,73.1,1619.9,22.03
10/4/24 17:46,72.1,1617.1,22.08
10/4/24 17:56,72.6,1592.6,22.13
10/4/24 18:06,72.2,1587.8,22.18
10/4/24 18:16,72.4,1582.5,22.22
10/4/24 18:26,72.3,1576.5,22.25
10/4/24 18:36,72.5,1573.7,22.29
10/4/24 18:46,70.7,1571.7,22.32
10/4/24 18:56,72.9,1567.1,22.35
10/4/24 19:06,70.7,1566.2,22.38
10/4/24 19:16,70.5,1564.9,22.42
10/4/24 19:26,70.5,1565.5,22.45
10/4/24 19:36,73,1559.2,22.48
10/4/24 19:46,72.6,1560,22.51
10/4/24 19:56,72.4,1559.3,22.54
10/4/24 20:06,70.9,1556.4,22.56
10/4/24 20:16,71.5,1556.9,22.59
10/4/24 20:26,72.1,1553.4,22.61
10/4/24 20:36,71.6,1555.5,22.63
10/4/24 20:46,72.2,1555.2,22.64
10/4/24 20:56,72.1,1558.9,22.65
10/4/24 21:06,72.8,1555.1,22.67
10/4/24 21:16,70.9,1557.9,22.67
10/4/24 21:26,73.4,1561.6,22.68
10/4/24 21:36,72.4,1561.1,22.68
10/4/24 21:46,73.6,1564.3,22.69
10/4/24 21:56,72.3,1567.1,22.68
10/4/24 22:06,73.5,1569,22.68
10/4/24 22:16,73.8,1571.3,22.68
10/4/24 22:26,71.7,1571.6,22.67
10/4/24 22:36,73,1573.7,22.67
10/4/24 22:46,71.8,1577.3,22.66
10/4/24 22:56,72.2,1577.7,22.65
10/4/24 23:06,72,1578.4,22.65
10/4/24 23:16,73.3,1580.8,22.64
10/4/24 23:26,73.3,1579.1,22.63
10/4/24 23:36,73.3,1581.9,22.62
10/4/24 23:46,70.9,1579.9,22.6
10/4/24 23:56,73.9,1580.8,22.58
10/5/24 0:06,72.5,1588.6,22.55
10/5/24 0:16,72.7,1591.2,22.52
10/5/24 0:26,73.1,1594.7,22.48
10/5/24 0:36,73.8,1601.8,22.45
10/5/24 0:46,73.6,1614.3,22.41
10/5/24 0:56,72.8,1627.3,22.36
10/5/24 1:06,73.5,1631.6,22.31
10/5/24 1:16,73.4,1641,22.26
10/5/24 1:26,71.7,1650.1,22.21
10/5/24 1:36,72.6,1652.2,22.16
10/5/24 1:46,74,1653.3,22.12
10/5/24 1:56,74.1,1658.2,22.07
10/5/24 2:06,75.4,1659,22.02
10/5/24 2:16,73.4,1661.6,21.96
10/5/24 2:26,74.4,1664.6,21.91
10/5/24 2:36,72.8,1664.4,21.86
10/5/24 2:46,73.5,1659.8,21.8
10/5/24 2:56,74.6,1662.2,21.75
10/5/24 3:06,73.6,1664.9,21.7
10/5/24 3:16,72.2,1663.4,21.65
10/5/24 3:26,74,1665.7,21.6
10/5/24 3:36,74.5,1665.6,21.55
10/5/24 3:46,73.9,1661.9,21.5
10/5/24 3:56,73.4,1669.5,21.45
10/5/24 4:06,72.4,1666.6,21.41
10/5/24 4:16,74.3,1669.1,21.37
10/5/24 4:26,74.7,1670.7,21.33
10/5/24 4:36,74.7,1668.7,21.3
10/5/24 4:46,73.7,1668.4,21.26
10/5/24 4:56,74.2,1667.1,21.23
10/5/24 5:06,74.4,1667.3,21.2
10/5/24 5:16,73.8,1668.7,21.16
10/5/24 5:26,73.8,1668.4,21.13
10/5/24 5:36,75.2,1669.5,21.1
10/5/24 5:46,74,1666.7,21.07
10/5/24 5:56,73.2,1667.4,21.03
10/5/24 6:06,73.1,1663.7,21
10/5/24 6:16,72.1,1669.3,20.97
10/5/24 6:26,74.1,1668.3,20.94
10/5/24 6:36,73.8,1668.2,20.91
10/5/24 6:46,72.9,1668.1,20.88
10/5/24 6:56,72.8,1664.2,20.85
10/5/24 7:06,74.4,1663.4,20.81
10/5/24 7:16,74,1659.7,20.79
10/5/24 7:26,73.9,1664,20.76
10/5/24 7:36,73,1662.1,20.72
10/5/24 7:46,74.2,1661.4,20.69
10/5/24 7:56,74.2,1663.2,20.66
10/5/24 8:06,73.9,1661.9,20.64
10/5/24 8:16,75,1662.2,20.61
10/5/24 8:26,74.6,1662.4,20.59
10/5/24 8:36,72.8,1660.2,20.57
10/5/24 8:46,74.6,1660.1,20.55
10/5/24 8:56,74.2,1649.3,20.54
10/5/24 9:06,73.8,1653.4,20.53
10/5/24 9:16,73.6,1649.1,20.52
10/5/24 9:26,72.8,1647.3,20.51
10/5/24 9:36,73.3,1641.8,20.51
10/5/24 9:46,72.1,1638.7,20.51
10/5/24 9:56,73.1,1638.9,20.52
10/5/24 10:06,74,1636.8,20.52
10/5/24 10:16,73.5,1634.6,20.54
10/5/24 10:26,74,1633.1,20.55
10/5/24 10:36,72.6,1626.8,20.56
10/5/24 10:46,72.3,1630,20.58
10/5/24 10:56,73.9,1623.8,20.59
10/5/24 11:06,71.7,1624.9,20.62
10/5/24 11:16,72.9,1623.5,20.65
10/5/24 11:26,72.7,1621.4,20.68
10/5/24 11:36,73,1625.5,20.72
10/5/24 11:46,73.1,1614.9,20.76
10/5/24 11:56,73,1616.2,20.81
10/5/24 12:06,72.9,1620.7,20.87
10/5/24 12:16,72.7,1643.1,20.93
10/5/24 12:26,72.9,1630.8,20.99
10/5/24 12:36,73.9,1644.1,21.04
10/5/24 12:46,72.8,1616.5,21.1
10/5/24 12:56,72.3,1611.9,21.15
10/5/24 13:06,73,1607,21.2
10/5/24 13:16,72.4,1600.4,21.24
10/5/24 13:26,72,1598.3,21.28
10/5/24 13:36,72.2,1598.3,21.32
10/5/24 13:46,71.3,1597.4,21.35
10/5/24 13:56,71.6,1596.8,21.36
10/5/24 14:06,71.6,1589.9,21.38
10/5/24 14:16,73.1,1588.7,21.38
10/5/24 14:26,71.3,1583.1,21.38
10/5/24 14:36,71.6,1581.2,21.37
10/5/24 14:46,71.7,1576.2,21.36
10/5/24 14:56,71.2,1575,21.35
10/5/24 15:06,71.8,1570.7,21.35
10/5/24 15:16,71.7,1567,21.35
10/5/24 15:26,71.2,1563.5,21.35
10/5/24 15:36,71.5,1563.4,21.35
10/5/24 15:46,70.5,1558.3,21.36
10/5/24 15:56,71.7,1563.2,21.38
10/5/24 16:06,71.8,1561.3,21.4
10/5/24 16:16,71.5,1562.2,21.42
10/5/24 16:26,71.6,1555.2,21.45
10/5/24 16:36,71.7,1553.1,21.49
10/5/24 16:46,71.2,1548.1,21.53
10/5/24 16:56,71.3,1550.1,21.58
10/5/24 17:16,71.6,1544,21.7
10/5/24 17:26,71.4,1546.9,21.75
10/5/24 17:36,70.1,1530.4,21.81
10/5/24 17:46,72.6,1523.6,21.86
10/5/24 17:56,70.2,1514.5,21.91
10/5/24 18:06,71.2,1511.9,21.95
10/5/24 18:16,69.4,1510.4,21.99
10/5/24 18:26,71.1,1506.5,22.04
10/5/24 18:36,71.1,1503.8,22.08
10/5/24 18:46,70,1505.2,22.12
10/5/24 18:56,69.7,1503.1,22.14
10/5/24 19:06,70.7,1496.6,22.17
10/5/24 19:16,70.4,1499.9,22.2
10/5/24 19:26,69.6,1497.8,22.24
10/5/24 19:36,71.6,1495.8,22.27
10/5/24 19:46,71.8,1496.5,22.3
10/5/24 19:56,70.2,1493,22.33
10/5/24 20:06,70.6,1491.5,22.37
10/5/24 20:16,71.6,1492.6,22.4
10/5/24 20:26,69.5,1487.4,22.42
10/5/24 20:36,69.8,1484.2,22.45
10/5/24 20:46,70.9,1485.9,22.47
10/5/24 20:56,70.6,1484.3,22.49
10/5/24 21:06,71.2,1484.3,22.51
10/5/24 21:16,68.5,1488,22.52
10/5/24 21:26,70.1,1484.4,22.53
10/5/24 21:36,70,1486.4,22.54
10/5/24 21:46,70.7,1484.7,22.55
10/5/24 21:56,71.2,1490.4,22.55
10/5/24 22:06,70.5,1491,22.56
10/5/24 22:16,70.9,1491.7,22.56
10/5/24 22:26,71.5,1496.8,22.56
10/5/24 22:36,70,1495.5,22.56
10/5/24 22:46,72.4,1494.6,22.56
10/5/24 22:56,70.5,1497.3,22.56
10/5/24 23:16,71.4,1502.9,22.55
10/5/24 23:26,72.2,1502.3,22.54
10/5/24 23:36,71.9,1504.3,22.54
10/5/24 23:46,70.8,1504.4,22.52
10/5/24 23:56,69.8,1508.2,22.5
10/6/24 0:06,72.1,1515.8,22.47
10/6/24 0:16,72.5,1523.7,22.45
10/6/24 0:26,71.6,1527.8,22.42
10/6/24 0:36,70.8,1532.2,22.39
10/6/24 0:46,69.7,1550.5,22.35
10/6/24 0:56,73.2,1562.9,22.31
10/6/24 1:06,72.4,1572.5,22.27
10/6/24 1:16,70.5,1581.4,22.22
10/6/24 1:26,72.9,1584.1,22.19
10/6/24 1:36,73.8,1586.9,22.15
10/6/24 1:46,72.1,1591.2,22.1
10/6/24 1:56,72.5,1595.3,22.06
10/6/24 2:06,73.1,1600.7,22.02
10/6/24 2:16,72.7,1604.2,21.96
10/6/24 2:26,73.6,1608,21.91
10/6/24 2:36,73.9,1611.4,21.86
10/6/24 2:46,72.6,1615,21.81
10/6/24 2:56,73.8,1616.1,21.76
10/6/24 3:06,72.6,1614.7,21.72
10/6/24 3:16,72.8,1617.8,21.67
10/6/24 3:26,73.2,1617.6,21.62
10/6/24 3:36,72.8,1620.2,21.58
10/6/24 3:46,72.3,1617.9,21.54
10/6/24 3:56,73.8,1619,21.51
10/6/24 4:06,71.9,1620.5,21.47
10/6/24 4:16,73.4,1620.1,21.44
10/6/24 4:26,71.9,1621.7,21.41
10/6/24 4:36,73.3,1622.4,21.38
10/6/24 4:46,72.6,1621.3,21.35
10/6/24 4:56,73.1,1624,21.31
10/6/24 5:06,71.2,1624.7,21.28
10/6/24 5:16,71.7,1623.1,21.25
10/6/24 5:26,73.8,1626.1,21.21
10/6/24 5:36,74.3,1624.7,21.18
10/6/24 5:46,73.3,1629.9,21.15
10/6/24 5:56,72.2,1625.4,21.12
10/6/24 6:06,72.2,1630.7,21.08
10/6/24 6:16,74.1,1628,21.05
10/6/24 6:26,73.9,1629,21.02
10/6/24 6:36,73.6,1629.3,20.98
10/6/24 6:46,72.8,1630.8,20.95
10/6/24 6:56,73.5,1629,20.91
10/6/24 7:06,73.5,1630.7,20.88
10/6/24 7:16,73.1,1631.7,20.85
10/6/24 7:26,71.7,1633.5,20.81
10/6/24 7:36,72.7,1629.7,20.78
10/6/24 7:46,73.1,1628.2,20.75
10/6/24 7:56,72.3,1626.6,20.71
10/6/24 8:06,73,1630.3,20.69
10/6/24 8:16,71.7,1627.7,20.66
10/6/24 8:26,72.4,1623.4,20.64
10/6/24 8:36,73.7,1624.9,20.61
10/6/24 8:46,74.1,1624.4,20.59
10/6/24 8:56,72.8,1622.5,20.57
10/6/24 9:06,74.6,1618.6,20.55
10/6/24 9:16,73.3,1618.3,20.53
10/6/24 9:26,73.5,1619.7,20.51
10/6/24 9:36,74.1,1616.6,20.5
10/6/24 9:46,72.4,1613.8,20.49
10/6/24 9:56,72.6,1609,20.49
10/6/24 10:06,72.7,1608.4,20.49
10/6/24 10:16,74.2,1606.2,20.5
10/6/24 10:26,72.1,1600,20.51
10/6/24 10:36,72,1596.8,20.53
10/6/24 10:46,73.1,1595,20.55
10/6/24 10:56,73.6,1592,20.57
10/6/24 11:06,72.4,1587.6,20.6
10/6/24 11:16,72,1586.4,20.63
10/6/24 11:26,72.7,1586.6,20.67
10/6/24 11:36,73.6,1586.6,20.71
10/6/24 11:46,72.1,1596.6,20.77
10/6/24 11:56,71.9,1608.9,20.83
10/6/24 12:06,71.1,1615.8,20.91
10/6/24 12:16,71.3,1617.3,20.98
10/6/24 12:26,71.4,1615.3,21.05
10/6/24 12:36,72,1611.8,21.13
10/6/24 12:46,71.3,1591.1,21.19
10/6/24 12:56,70.8,1602,21.26
10/6/24 13:06,71.6,1576.4,21.32
10/6/24 13:16,70.1,1570.4,21.38
10/6/24 13:26,70.8,1569.2,21.43
10/6/24 13:36,71.5,1564,21.48
10/6/24 13:46,72.2,1557.4,21.52
10/6/24 13:56,72.1,1553.4,21.56
10/6/24 14:06,71.1,1553.3,21.6
10/6/24 14:16,71.4,1553,21.62
10/6/24 14:26,70.7,1557,21.64
10/6/24 14:36,70.8,1556.7,21.65
10/6/24 14:46,71.5,1558.1,21.65
10/6/24 14:56,70.3,1562.1,21.65
10/6/24 15:06,70.9,1562,21.65
10/6/24 15:16,70.9,1560.9,21.65
10/6/24 15:26,71.4,1556.1,21.64
10/6/24 15:36,71.3,1551.9,21.64
10/6/24 15:46,71.2,1550.5,21.64
10/6/24 15:56,71.7,1546,21.65
10/6/24 16:06,71.2,1547.6,21.65
10/6/24 16:16,71.7,1546.3,21.66
10/6/24 16:26,71.2,1546.5,21.68
10/6/24 16:36,70.6,1541.9,21.69
10/6/24 16:46,71.2,1537.1,21.72
10/6/24 16:56,71.2,1532.2,21.75
10/6/24 17:06,71.8,1527.8,21.78
10/6/24 17:16,71,1523,21.82
10/6/24 17:26,72,1515.4,21.87
10/6/24 17:36,69.9,1512.1,21.91
10/6/24 17:46,70.1,1508.2,21.96
10/6/24 17:56,69.6,1503.9,22.01
10/6/24 18:06,70,1502.8,22.06
10/6/24 18:16,69.9,1495.3,22.11
10/6/24 18:26,71.4,1489.1,22.15
10/6/24 18:36,69.6,1482.4,22.2
10/6/24 18:46,71.2,1482.5,22.23
10/6/24 18:56,68.6,1481.2,22.27
10/6/24 19:06,71.1,1476.3,22.3
10/6/24 19:16,69,1475,22.33
10/6/24 19:26,69.6,1473,22.36
10/6/24 19:36,70.2,1467,22.4
10/6/24 19:46,69.9,1466.4,22.43
10/6/24 19:56,70.7,1475,22.45
10/6/24 20:06,70.4,1469.3,22.48
10/6/24 20:16,69.7,1467.2,22.5
10/6/24 20:26,68.7,1464.5,22.53
10/6/24 20:36,69,1461.1,22.55
10/6/24 20:46,70.1,1456.9,22.56
10/6/24 20:56,68.4,1455.3,22.58
10/6/24 21:06,70.4,1451.9,22.59
10/6/24 21:16,67.9,1453.1,22.6
10/6/24 21:26,70.1,1451.1,22.6
10/6/24 21:36,69.1,1449,22.6
10/6/24 21:46,69.5,1453.1,22.6
10/6/24 21:56,69.9,1452.6,22.6
10/6/24 22:06,69.8,1451.6,22.6
10/6/24 22:16,69.9,1451.6,22.59
10/6/24 22:26,68.9,1451.9,22.59
10/6/24 22:36,70.3,1452.2,22.58
10/6/24 22:46,70.7,1452.7,22.57
10/6/24 22:56,70,1447.1,22.56
10/6/24 23:06,70.9,1455.7,22.55
10/6/24 23:16,70,1455.9,22.53
10/6/24 23:26,70,1454,22.51
10/6/24 23:36,69.7,1457.1,22.49
10/6/24 23:46,68.9,1457,22.46
10/6/24 23:56,71.1,1459.7,22.44
10/7/24 0:06,70.7,1461.9,22.41
10/7/24 0:16,70,1468.4,22.38
10/7/24 0:26,70.4,1473.1,22.35
10/7/24 0:36,71,1475.8,22.33
10/7/24 0:46,72.2,1476.4,22.3
10/7/24 0:56,71.1,1482.1,22.26
10/7/24 1:06,70.2,1487.5,22.23
10/7/24 1:16,71.2,1493.4,22.2
10/7/24 1:26,72.3,1497.7,22.15
10/7/24 1:36,72.7,1507.1,22.11
10/7/24 1:46,71.2,1515.4,22.07
10/7/24 1:56,71.2,1520.9,22.02
10/7/24 2:06,69.9,1524.9,21.98
10/7/24 2:16,71.4,1527.1,21.93
10/7/24 2:26,71.2,1532.8,21.89
10/7/24 2:36,70.2,1536,21.84
10/7/24 2:46,71.1,1540.3,21.79
10/7/24 2:56,70.2,1545.5,21.74
10/7/24 3:06,71.5,1544.5,21.68
10/7/24 3:16,72.7,1551.6,21.63
10/7/24 3:26,72.2,1547.9,21.58
10/7/24 3:36,72.4,1554.5,21.52
10/7/24 3:46,73.1,1553.2,21.47
10/7/24 3:56,72.2,1556,21.42
10/7/24 4:06,73.3,1557.8,21.37
10/7/24 4:16,71.9,1559.3,21.32
10/7/24 4:26,72.2,1558.3,21.28
10/7/24 4:36,72.1,1561.5,21.23
10/7/24 4:46,71.7,1563.4,21.19
10/7/24 4:56,71,1562.3,21.15
10/7/24 5:06,72.9,1564.8,21.1
10/7/24 5:16,71.3,1563.9,21.06
10/7/24 5:26,71.6,1561.1,21.03
10/7/24 5:36,70.9,1566.3,20.99
10/7/24 5:46,71.2,1570.9,20.94
10/7/24 5:56,72.2,1568.6,20.9
10/7/24 6:06,72.3,1569.5,20.86
10/7/24 6:16,71.9,1571.1,20.82
10/7/24 6:26,72.7,1572.9,20.77
10/7/24 6:36,71.6,1571.6,20.74
10/7/24 6:46,72.2,1574.2,20.69
10/7/24 6:56,70.7,1571.1,20.65
10/7/24 7:06,73.8,1574.1,20.6
10/7/24 7:16,73.1,1575.6,20.56
10/7/24 7:26,71.7,1575.7,20.52
10/7/24 7:36,72.9,1579.3,20.48
10/7/24 7:46,73.3,1579.9,20.44
10/7/24 7:56,71.9,1579.7,20.39
10/7/24 8:06,73.1,1577.4,20.36
10/7/24 8:16,73.4,1580.8,20.33
10/7/24 8:26,72.5,1579.6,20.3
10/7/24 8:36,72.5,1580.2,20.27
10/7/24 8:46,73.3,1578.3,20.24
10/7/24 8:56,72.7,1573.6,20.22
10/7/24 9:06,72.3,1572.6,20.21
10/7/24 9:16,73.3,1571.5,20.2
10/7/24 9:26,72.8,1570.9,20.19
10/7/24 9:36,73,1570.1,20.19
10/7/24 9:46,71.6,1563.9,20.2
10/7/24 9:56,71.4,1563.4,20.21
10/7/24 10:06,72.4,1561.4,20.22
10/7/24 10:16,71.3,1556.3,20.24
10/7/24 10:26,73,1557.6,20.26
10/7/24 10:36,73,1555.3,20.29
10/7/24 10:46,73.2,1551.2,20.32
10/7/24 10:56,72.4,1548,20.34
10/7/24 11:06,71,1546.6,20.37
10/7/24 11:16,72.4,1548.2,20.4
10/7/24 11:26,70.4,1545.1,20.45
10/7/24 11:36,71.6,1546.8,20.49
10/7/24 11:46,72,1541.9,20.53
10/7/24 11:56,70.9,1544.2,20.58
10/7/24 12:06,72.7,1570.1,20.64
10/7/24 12:16,71.2,1577.7,20.71
10/7/24 12:26,72.3,1547.4,20.77
10/7/24 12:36,72,1557.6,20.83
10/7/24 12:46,74,1536.5,20.89
10/7/24 12:56,71.8,1530.4,20.95
10/7/24 13:06,71.8,1524,21
10/7/24 13:16,72.4,1522.8,21.04
10/7/24 13:26,71.9,1522.4,21.08
10/7/24 13:36,71,1520,21.12
10/7/24 13:46,71,1514.5,21.15
10/7/24 13:56,70.7,1511.6,21.17
10/7/24 14:06,71.4,1512.1,21.2
10/7/24 14:16,72.3,1512.9,21.22
10/7/24 14:26,71.8,1515.4,21.23
10/7/24 14:36,72.1,1511.4,21.24
10/7/24 14:46,71.2,1514.2,21.24
10/7/24 14:56,70.4,1514.2,21.25
10/7/24 15:06,71.1,1513.6,21.25
10/7/24 15:16,71.9,1515.2,21.25
10/7/24 15:26,71.8,1511,21.25
10/7/24 15:36,71.1,1509.2,21.26
10/7/24 15:46,70.5,1513.6,21.27
10/7/24 15:56,70.5,1508.2,21.28
10/7/24 16:06,71.6,1508,21.29
10/7/24 16:16,70.7,1502.7,21.32
10/7/24 16:26,72.5,1493.8,21.35
10/7/24 16:36,71.1,1494.8,21.39
10/7/24 16:46,70.1,1501.4,21.43
10/7/24 16:56,71.3,1513.4,21.5
10/7/24 17:06,71.9,1503.6,21.55
10/7/24 17:16,70.6,1506,21.61
10/7/24 17:26,71,1508.7,21.68
10/7/24 17:36,72.2,1503,21.75
10/7/24 17:46,70,1506.6,21.82
10/7/24 17:56,70.9,1499.9,21.89
10/7/24 18:06,69.9,1500.9,21.96
10/7/24 18:16,70.2,1498.2,22.03
10/7/24 18:26,70.5,1496.9,22.1
10/7/24 18:36,71.2,1492.6,22.17
10/7/24 18:46,70,1494.8,22.23
10/7/24 18:56,69.3,1482.4,22.3
10/7/24 19:06,70.7,1467.6,22.35
10/7/24 19:16,70.3,1460.7,22.4
10/7/24 19:26,71.6,1463.5,22.44
10/7/24 19:36,71.5,1465.8,22.48
10/7/24 19:46,70.1,1461.8,22.51
10/7/24 19:56,71.2,1465.6,22.54
10/7/24 20:06,69.8,1463.7,22.56
10/7/24 20:16,69,1466.1,22.58
10/7/24 20:26,70.6,1464.6,22.59
10/7/24 20:36,72,1467.7,22.59
10/7/24 20:46,70.2,1467.7,22.59
10/7/24 20:56,68.7,1473.4,22.59
10/7/24 21:06,70.1,1472.5,22.59
10/7/24 21:16,71.9,1470.7,22.58
10/7/24 21:26,69.3,1477.9,22.57
10/7/24 21:36,71.6,1474,22.56
10/7/24 21:46,71,1476.3,22.56
10/7/24 21:56,69.3,1475.5,22.55
10/7/24 22:06,71.3,1477.2,22.54
10/7/24 22:16,71.2,1483.3,22.53
10/7/24 22:26,70.4,1483.9,22.52
10/7/24 22:36,70.1,1482.9,22.51
10/7/24 22:46,70.7,1485.9,22.5
10/7/24 22:56,69.8,1490.1,22.48
10/7/24 23:06,70.3,1490.2,22.46
10/7/24 23:16,71.2,1492.5,22.45
10/7/24 23:26,70.8,1492.6,22.43
10/7/24 23:36,70.8,1494.3,22.4
10/7/24 23:46,70,1495.8,22.38
10/7/24 23:56,69.6,1502.1,22.34
10/8/24 0:06,71.1,1507.2,22.3
10/8/24 0:16,70.9,1510,22.26
10/8/24 0:26,71.1,1519.9,22.22
10/8/24 0:36,74.2,1530.1,22.18
10/8/24 0:46,70.5,1542,22.13
10/8/24 0:56,73.5,1545.3,22.08
10/8/24 1:06,72.3,1553.2,22.03
10/8/24 1:16,72.6,1557.9,21.99
10/8/24 1:26,71.7,1555.3,21.93
10/8/24 1:36,71.9,1565.5,21.88
10/8/24 1:46,71.9,1568.7,21.82
10/8/24 1:56,71.5,1574.5,21.76
10/8/24 2:06,73,1579.4,21.71
10/8/24 2:16,71.6,1583.7,21.65
10/8/24 2:26,70.7,1596.1,21.58
10/8/24 2:36,71.6,1596.6,21.52
10/8/24 2:46,71.9,1603,21.46
10/8/24 2:56,72.7,1603.3,21.4
10/8/24 3:06,71.4,1605.3,21.33
10/8/24 3:16,72.1,1606.7,21.27
10/8/24 3:26,71.5,1606,21.21
10/8/24 3:36,72,1608.2,21.16
10/8/24 3:46,72.5,1608.9,21.11
10/8/24 3:56,73.2,1610.6,21.06
10/8/24 4:06,72.5,1609.9,21.02
10/8/24 4:16,71.8,1614.3,20.97
10/8/24 4:26,73.4,1614.4,20.93
10/8/24 4:36,72.7,1611.9,20.88
10/8/24 4:46,72.7,1618.4,20.84
10/8/24 4:56,72.3,1615.5,20.79
10/8/24 5:06,72.4,1618.1,20.75
10/8/24 5:16,72.2,1614.3,20.71
10/8/24 5:26,72.1,1619.8,20.66
10/8/24 5:36,72.3,1619.4,20.62
10/8/24 5:46,72.7,1620.9,20.57
10/8/24 5:56,72.1,1620.9,20.53
10/8/24 6:06,71.2,1616.3,20.48
10/8/24 6:16,73.8,1620.2,20.44
10/8/24 6:26,72.8,1618.6,20.39
10/8/24 6:36,71.8,1623.1,20.34
10/8/24 6:46,73.2,1624.8,20.29
10/8/24 6:56,73,1626.2,20.25
10/8/24 7:06,72.5,1624.5,20.2
10/8/24 7:16,73,1627.8,20.15
10/8/24 7:26,71.6,1627.8,20.11
10/8/24 7:36,72.2,1619,20.07
10/8/24 7:46,72.2,1628,20.03
10/8/24 7:56,71.2,1624.1,19.99
10/8/24 8:06,72.8,1624.6,19.94
10/8/24 8:16,73.7,1622.3,19.92
10/8/24 8:26,73.7,1623.7,19.89
10/8/24 8:36,72.2,1617.2,19.85
10/8/24 8:46,71.7,1618.7,19.83
10/8/24 8:56,74.3,1617.1,19.81
10/8/24 9:06,72,1613.1,19.79
10/8/24 9:16,72.6,1611.2,19.79
10/8/24 9:26,74.3,1607.9,19.78
10/8/24 9:36,73.2,1607.3,19.79
10/8/24 9:46,71.7,1605.2,19.79
10/8/24 9:56,72,1605.2,19.8
10/8/24 10:06,74.1,1600.1,19.81
10/8/24 10:16,72.6,1603,19.83
10/8/24 10:26,74.3,1595.6,19.85
10/8/24 10:36,72.2,1594.1,19.88
10/8/24 10:46,72.3,1594.1,19.9
10/8/24 10:56,72.2,1591,19.93
10/8/24 11:06,73,1594.5,19.96
10/8/24 11:16,72.4,1592.9,19.99
10/8/24 11:26,73.1,1597.5,20.02
10/8/24 11:36,72.7,1604.9,20.07
10/8/24 11:46,73.3,1604.3,20.11
10/8/24 11:56,72.8,1604.9,20.16
10/8/24 12:06,73.2,1626.9,20.22
10/8/24 12:16,72.6,1638.5,20.28
10/8/24 12:26,72,1631.3,20.34
10/8/24 12:36,71.3,1614,20.4
10/8/24 12:46,72.7,1608.4,20.45
10/8/24 12:56,72.3,1608.2,20.5
10/8/24 13:06,72.3,1604.8,20.54
10/8/24 13:16,71.9,1601.2,20.58
10/8/24 13:26,71.9,1595.5,20.62
10/8/24 13:36,71.4,1596.9,20.65
10/8/24 13:46,71.2,1590.9,20.67
10/8/24 13:56,71.5,1594.4,20.69
10/8/24 14:06,72.5,1595.8,20.71
10/8/24 14:16,73,1597.8,20.72
10/8/24 14:26,71.4,1598.7,20.72
10/8/24 14:36,72.5,1599.1,20.73
10/8/24 14:46,71.6,1597.8,20.73
10/8/24 14:56,71.7,1596.6,20.74
10/8/24 15:06,70.5,1594.1,20.74
10/8/24 15:16,72.9,1595.3,20.75
10/8/24 15:26,70.7,1595.3,20.75
10/8/24 15:36,72.3,1594.1,20.76
10/8/24 15:46,70.7,1590.1,20.77
10/8/24 15:56,72.1,1586.2,20.79
10/8/24 16:06,72.7,1583.8,20.82
10/8/24 16:16,72.5,1577.5,20.86
10/8/24 16:26,71.2,1602.5,20.91
10/8/24 16:36,71.4,1605.2,20.97
10/8/24 16:46,72.5,1603.4,21.04
10/8/24 16:56,72.8,1599.1,21.12
10/8/24 17:06,71,1603,21.2
10/8/24 17:16,72.2,1594.3,21.27
10/8/24 17:26,71.2,1584.9,21.34
10/8/24 17:36,73.6,1592.1,21.41
10/8/24 17:46,69.9,1580.4,21.48
10/8/24 17:56,71.3,1575.6,21.55
10/8/24 18:06,71.4,1571.4,21.62
10/8/24 18:16,73.1,1563.7,21.68
10/8/24 18:26,71.7,1555.1,21.74
10/8/24 18:36,71.9,1553.3,21.8
10/8/24 18:46,71.9,1551.9,21.85
10/8/24 18:56,70.7,1533.7,21.91
10/8/24 19:06,71.4,1538.4,21.95
10/8/24 19:16,72.3,1526.8,21.99
10/8/24 19:26,72.7,1526.5,22.03
10/8/24 19:36,70.1,1523.8,22.07
10/8/24 19:46,71.1,1521.2,22.09
10/8/24 19:56,71.6,1520.4,22.11
10/8/24 20:06,72.6,1524.5,22.13
10/8/24 20:16,70.6,1521.2,22.14
10/8/24 20:26,72.1,1519.3,22.16
10/8/24 20:36,72,1515.1,22.18
10/8/24 20:46,71.1,1518.8,22.19
10/8/24 20:56,72.2,1518.6,22.18
10/8/24 21:06,70.4,1520.2,22.18
10/8/24 21:16,71.2,1521.1,22.18
10/8/24 21:26,71.1,1520.6,22.17
10/8/24 21:36,72.4,1523.9,22.15
10/8/24 21:46,72.8,1522.5,22.14
10/8/24 21:56,71.8,1523.1,22.12
10/8/24 22:06,71.4,1522,22.1
10/8/24 22:16,70.6,1528,22.08
10/8/24 22:26,71.3,1525.5,22.06
10/8/24 22:36,71.6,1528.2,22.05
10/8/24 22:46,72.5,1531.4,22.03
10/8/24 22:56,71.8,1533.1,22.01
10/8/24 23:06,71.3,1530.1,21.99
10/8/24 23:16,70.8,1536.4,21.97
10/8/24 23:26,71.8,1535.4,21.96
10/8/24 23:36,71.7,1538.7,21.94
10/8/24 23:46,72.4,1544.9,21.93
10/8/24 23:56,71.6,1545.3,21.91
10/9/24 0:06,71,1548.8,21.89
10/9/24 0:16,71.1,1551.8,21.86
10/9/24 0:26,73.2,1550.9,21.84
10/9/24 0:36,71.4,1559.9,21.81
10/9/24 0:46,71.4,1563.5,21.79
10/9/24 0:56,73.4,1566.6,21.76
10/9/24 1:06,71.7,1567.7,21.73
10/9/24 1:16,71.9,1573.8,21.7
10/9/24 1:26,71.2,1573.8,21.67
10/9/24 1:36,70.5,1577.7,21.63
10/9/24 1:46,71.4,1579.2,21.59
10/9/24 1:56,69.4,1579.6,21.55
10/9/24 2:06,69.6,1584,21.51
10/9/24 2:16,71.1,1583.9,21.47
10/9/24 2:26,70.7,1589.1,21.42
10/9/24 2:36,70.2,1594.1,21.38
10/9/24 2:46,71.5,1598.3,21.34
10/9/24 2:56,70.2,1595,21.3
10/9/24 3:06,73,1598.3,21.26
10/9/24 3:16,69.9,1598.9,21.22
10/9/24 3:26,73,1608.9,21.17
10/9/24 3:36,71.7,1610.7,21.13
10/9/24 3:46,71.3,1614,21.08
10/9/24 3:56,71.3,1616.9,21.03
10/9/24 4:06,71.9,1619.8,20.99
10/9/24 4:16,75.2,1622,20.94
10/9/24 4:26,71.7,1623.4,20.9
10/9/24 4:36,71.1,1624.2,20.86
10/9/24 4:46,72.4,1623.5,20.82
10/9/24 4:56,71,1618.4,20.78
10/9/24 5:06,69.9,1616.1,20.73
10/9/24 5:16,71.9,1618.6,20.69
10/9/24 5:26,71.3,1621.9,20.66
10/9/24 5:36,71.8,1620.9,20.62
10/9/24 5:46,72,1624.6,20.58
10/9/24 5:56,71.3,1625.8,20.54
10/9/24 6:06,70.3,1628,20.51
10/9/24 6:16,71.4,1621.1,20.48
10/9/24 6:26,71.9,1616,20.44
10/9/24 6:36,71.4,1614.1,20.41
10/9/24 6:46,70,1604,20.37
10/9/24 6:56,68.7,1603.1,20.34
10/9/24 7:06,69,1598.1,20.31
10/9/24 7:16,68.1,1600.6,20.28
10/9/24 7:26,69,1600.7,20.24
10/9/24 7:36,70.7,1616.8,20.2
10/9/24 7:46,70.1,1611.5,20.18
10/9/24 7:56,68.7,1607.9,20.15
10/9/24 8:06,70.3,1615.8,20.12
10/9/24 8:16,69.6,1611.5,20.1
10/9/24 8:26,69.8,1616.9,20.07
10/9/24 8:36,70.1,1613.5,20.05
10/9/24 8:46,70.2,1612.6,20.04
10/9/24 8:56,69.9,1612.7,20.02
10/9/24 9:06,71.9,1608.6,20
10/9/24 9:16,71.1,1604.5,19.99
10/9/24 9:26,67.9,1600,19.98
10/9/24 9:36,70,1604.7,19.97
10/9/24 9:46,70,1603.2,19.97
10/9/24 9:56,72,1601.4,19.97
10/9/24 10:06,69.4,1604.9,19.97
10/9/24 10:16,70.9,1605.9,19.97
10/9/24 10:26,70.6,1604.6,19.97
10/9/24 10:36,71.5,1606.3,19.97
10/9/24 10:46,71,1606.8,19.98
10/9/24 10:56,69.8,1606.6,20
10/9/24 11:06,70,1606.1,20.02
10/9/24 11:16,70.6,1603.7,20.04
10/9/24 11:26,71.3,1604.8,20.07
10/9/24 11:36,70.9,1598.4,20.11
10/9/24 11:46,70.1,1602.8,20.15
10/9/24 11:56,72.5,1601.2,20.19
10/9/24 12:06,70.3,1600.5,20.24
10/9/24 12:16,70.4,1604.8,20.29
10/9/24 12:26,71,1609.9,20.34
10/9/24 12:36,71.5,1613,20.39
10/9/24 12:46,69.1,1594.5,20.44
10/9/24 12:56,71.2,1596,20.48
10/9/24 13:06,71.5,1591.3,20.53
10/9/24 13:16,70.5,1589.1,20.57
10/9/24 13:26,68.8,1585.3,20.61
10/9/24 13:36,70.5,1578.9,20.64
10/9/24 13:46,69.5,1573.8,20.66
10/9/24 13:56,69.4,1569.5,20.68
10/9/24 14:06,70.6,1567.5,20.7
10/9/24 14:16,69.5,1563.6,20.71
10/9/24 14:26,69.1,1561.6,20.73
10/9/24 14:36,69.2,1562.1,20.74
10/9/24 14:46,70.2,1557.2,20.75
10/9/24 14:56,69.5,1556.5,20.76
10/9/24 15:06,70.1,1558.9,20.77
10/9/24 15:16,70.6,1553.6,20.78
10/9/24 15:26,70.4,1551.3,20.79
10/9/24 15:36,68.9,1547.7,20.8
10/9/24 15:46,70,1546.5,20.81
10/9/24 15:56,68.9,1542.4,20.83
10/9/24 16:06,70.4,1537.2,20.86
10/9/24 16:16,70,1534.9,20.88
10/9/24 16:26,70.1,1531.6,20.93
10/9/24 16:36,68.7,1530.4,20.97
10/9/24 16:46,69.9,1539.5,21.03
10/9/24 16:56,68.1,1527.3,21.08
10/9/24 17:06,68.8,1529.9,21.13
10/9/24 17:16,69.7,1524.4,21.18
10/9/24 17:26,68.3,1522.3,21.23
10/9/24 17:36,69.5,1522.1,21.27
10/9/24 17:46,68.8,1518.6,21.33
10/9/24 17:56,69.9,1518.1,21.37
10/9/24 18:06,69.3,1518.2,21.42
10/9/24 18:16,70.1,1518.5,21.46
10/9/24 18:26,69.4,1514,21.5
10/9/24 18:36,68.4,1515.4,21.54
10/9/24 18:46,68.8,1514.6,21.57
10/9/24 18:56,68.3,1516.2,21.6
10/9/24 19:06,69.7,1511.2,21.62
10/9/24 19:16,68.9,1508.4,21.65
10/9/24 19:26,68.7,1509.4,21.68
10/9/24 19:36,69.3,1508.5,21.7
10/9/24 19:46,68.4,1505.2,21.72
10/9/24 19:56,69,1504.9,21.73
10/9/24 20:06,68.2,1504.4,21.74
10/9/24 20:16,69.8,1509.6,21.75
10/9/24 20:26,67.6,1504.6,21.74
10/9/24 20:36,67.1,1511.9,21.74
10/9/24 20:46,68.7,1513,21.74
10/9/24 20:56,70.5,1513.8,21.73
10/9/24 21:06,70.5,1513.5,21.73
10/9/24 21:16,68.8,1516.4,21.71
10/9/24 21:26,68.1,1516.6,21.7
10/9/24 21:36,69.7,1514.6,21.68
10/9/24 21:46,68.2,1515.3,21.67
10/9/24 21:56,69.3,1516.5,21.65
10/9/24 22:06,69.1,1521.5,21.63
10/9/24 22:16,68.9,1521.4,21.62
10/9/24 22:26,68.2,1524.2,21.6
10/9/24 22:36,70.4,1527.4,21.58
10/9/24 22:46,70,1526.3,21.56
10/9/24 22:56,70.2,1527.6,21.54
10/9/24 23:06,70.9,1530,21.52
10/9/24 23:16,69.2,1529.8,21.5
10/9/24 23:26,69.1,1531.3,21.47
10/9/24 23:36,70.6,1537.5,21.45
10/9/24 23:46,70,1540.9,21.42
10/9/24 23:56,70.3,1542.3,21.4
10/10/24 0:06,70.2,1541.2,21.39
10/10/24 0:16,71,1546.3,21.37
10/10/24 0:26,68.9,1550.3,21.35
10/10/24 0:36,69.5,1555.8,21.33
10/10/24 0:46,69.4,1558.5,21.31
10/10/24 0:56,69.8,1562.6,21.29
10/10/24 1:06,70,1568.1,21.27
10/10/24 1:16,69.9,1568.2,21.25
10/10/24 1:26,71,1576.9,21.23
10/10/24 1:36,70.2,1583.7,21.2
10/10/24 1:46,71.9,1584.4,21.17
10/10/24 1:56,70.1,1585.6,21.15
10/10/24 2:06,70.1,1592.9,21.12
10/10/24 2:16,70.1,1602.1,21.08
10/10/24 2:26,70.4,1598.9,21.04
10/10/24 2:36,69.2,1607.2,21
10/10/24 2:46,70.7,1614.5,20.97
10/10/24 2:56,70.5,1622.8,20.92
10/10/24 3:06,69.9,1623.2,20.88
10/10/24 3:16,70.6,1624.8,20.84
10/10/24 3:26,69.6,1623.2,20.79
10/10/24 3:36,70.6,1624.1,20.75
10/10/24 3:46,68.7,1618.7,20.71
10/10/24 3:56,70.8,1623,20.67
10/10/24 4:06,69.2,1624.8,20.62
10/10/24 4:16,68.7,1631.2,20.58
10/10/24 4:26,69.4,1632.5,20.54
10/10/24 4:36,71,1637,20.49
10/10/24 4:46,69.4,1641.1,20.45
10/10/24 4:56,70.5,1639.6,20.41
10/10/24 5:06,70.7,1638.9,20.37
10/10/24 5:16,70.3,1630.7,20.33
10/10/24 5:26,70.6,1631.7,20.3
10/10/24 5:36,71.2,1633.2,20.26
10/10/24 5:46,70.5,1636.6,20.23
10/10/24 5:56,70.1,1635.7,20.19
10/10/24 6:06,69.2,1631.9,20.16
10/10/24 6:16,69.6,1630.9,20.12
10/10/24 6:26,70.1,1631.6,20.09
10/10/24 6:36,70.3,1630.2,20.07
10/10/24 6:46,69.5,1628.5,20.03
10/10/24 6:56,69.4,1621.4,20.01
10/10/24 7:06,69.2,1621.6,19.98
10/10/24 7:16,70.1,1617.3,19.96
10/10/24 7:26,69.7,1619.1,19.92
10/10/24 7:36,69,1619.4,19.89
10/10/24 7:46,67.9,1615.8,19.87
10/10/24 7:56,67.8,1615.5,19.84
10/10/24 8:06,67.8,1611.9,19.82
10/10/24 8:16,69.6,1609.8,19.79
10/10/24 8:26,67.4,1606.6,19.77
10/10/24 8:36,67.3,1608,19.75
10/10/24 8:46,68,1611.9,19.72
10/10/24 8:56,69.9,1616.2,19.7
10/10/24 9:06,68.9,1612.6,19.69
10/10/24 9:16,69.2,1612.4,19.67
10/10/24 9:26,68.7,1613.9,19.66
10/10/24 9:36,69,1612.3,19.65
10/10/24 9:46,70,1611.8,19.64
10/10/24 9:56,69.6,1610.4,19.65
10/10/24 10:06,68.9,1605.7,19.65
10/10/24 10:16,69,1606.5,19.67
10/10/24 10:26,70.4,1602.1,19.68
10/10/24 10:36,68.8,1604.4,19.7
10/10/24 10:46,68,1602,19.72
10/10/24 10:56,69.1,1602.6,19.74
10/10/24 11:06,70,1601.8,19.77
10/10/24 11:08,68.6,1603.1,19.71
10/10/24 11:13,69.7,1608.4,19.72
10/10/24 11:18,15.8,8,19.87
10/10/24 11:23,17.4,35,22.73
10/10/24 11:28,14.9,9.8,22.22
10/10/24 11:33,148.2,179.9,27.17
10/10/24 11:38,170,448.6,28.78
10/10/24 11:43,169.8,421.5,29.86
10/10/24 11:48,167,400.1,30.9
10/10/24 11:53,166.2,393.1,31.82
10/10/24 11:58,8.2,19.4,27.84
10/10/24 12:03,59.7,1826.9,21.01
10/10/24 12:08,60.9,1857,20.58
10/10/24 12:13,61,1866.5,20.46
10/10/24 12:18,63.3,1883.4,20.45
10/10/24 12:23,63.8,1889.9,20.42
10/10/24 12:28,66.7,1905,20.42
10/10/24 12:33,68.6,1908.6,20.43
10/10/24 12:38,69.8,1907.4,20.42
10/10/24 12:43,70.3,1904.3,20.43
10/10/24 12:48,70.5,1901.3,20.44
10/10/24 12:53,72.9,1905.5,20.45
10/10/24 12:58,70.6,1904.4,20.47
10/10/24 13:03,70.5,1895.5,20.49
10/10/24 13:08,70.7,1890.4,20.49
10/10/24 13:13,70.9,1882.8,20.52
10/10/24 13:18,70.2,1889,20.52
10/10/24 13:23,71.6,1886,20.54
10/10/24 13:28,69.9,1888.8,20.54
10/10/24 13:33,72.4,1893.5,20.55
10/10/24 13:38,70.9,1894.4,20.56
10/10/24 13:43,69.9,1891.2,20.57
10/10/24 13:48,72.3,1892.9,20.57
10/10/24 13:53,70.9,1903.6,20.58
10/10/24 13:58,71.7,1903.4,20.58
10/10/24 14:03,72.4,1903.1,20.59
10/10/24 14:08,71.4,1904.5,20.6
10/10/24 14:13,72.2,1918.4,20.61
10/10/24 14:18,72.5,1918,20.61
10/10/24 14:23,72.6,1918.8,20.62
10/10/24 14:28,71.9,1925.1,20.62
10/10/24 14:33,71.1,1921.7,20.62
10/10/24 14:38,71.8,1929.5,20.61
10/10/24 14:43,72.4,1935.2,20.61
10/10/24 14:48,74.3,1939.8,20.61
10/10/24 14:53,71.2,1936.9,20.61
10/10/24 14:58,73,1928.2,20.61
10/10/24 15:03,71.4,1929,20.62
10/10/24 15:08,72.9,1933.4,20.61
10/10/24 15:10,72.6,1932.9,20.65
10/10/24 15:20,72.3,1930.2,20.65
10/10/24 15:30,73.4,1935.6,20.65
10/10/24 15:40,70.2,1927.1,20.67
10/10/24 15:50,73.9,1927.3,20.68
10/10/24 16:00,72.3,1933.8,20.7
10/10/24 16:10,73.2,1927.7,20.72
10/10/24 16:20,72.3,1922.7,20.75
10/10/24 16:30,72.9,1909.3,20.79
10/10/24 16:40,72.5,1901.6,20.84
10/10/24 16:50,72.4,1902.4,20.89
10/10/24 17:00,70.4,1898.3,20.94
10/10/24 17:10,71.4,1894.8,20.99
10/10/24 17:20,71.4,1889.8,21.03
10/10/24 17:30,71.2,1897.8,21.07
10/10/24 17:40,73.2,1885.4,21.11
10/10/24 17:50,71.3,1881.4,21.15
10/10/24 18:00,72,1884.1,21.2
10/10/24 18:10,70.3,1873.7,21.25
10/10/24 18:20,71.3,1869.7,21.29
10/10/24 18:30,71.3,1869.1,21.34
10/10/24 18:40,69.2,1862.5,21.38
10/10/24 18:50,70.7,1863.3,21.42
10/10/24 19:00,70.4,1858.5,21.46
10/10/24 19:10,70.2,1887.1,21.5
10/10/24 19:20,70.1,1887.9,21.54
10/10/24 19:30,72.6,1898.8,21.57
10/10/24 19:40,70.1,1882,21.6
10/10/24 19:50,73.6,1882.7,21.63
10/10/24 20:00,71.7,1887.5,21.65
10/10/24 20:10,72.2,1892.8,21.66
10/10/24 20:20,72,1894.9,21.67
10/10/24 20:30,71.5,1897.2,21.68
10/10/24 20:40,71.4,1900.8,21.67
10/10/24 20:50,72.4,1899.4,21.67
10/10/24 21:00,70.8,1905.4,21.66
10/10/24 21:10,71.3,1912.4,21.65
10/10/24 21:20,71.9,1911.5,21.63
10/10/24 21:30,72.5,1893.4,21.61
10/10/24 21:40,72,1898.6,21.59
10/10/24 21:50,71.6,1896.1,21.58
10/10/24 22:00,71.6,1898.3,21.56
10/10/24 22:10,71.8,1900.3,21.54
10/10/24 22:20,72.2,1905.5,21.52
10/10/24 22:30,71.8,1906.4,21.5
10/10/24 22:40,72.2,1911.7,21.48
10/10/24 22:50,71.3,1912.7,21.46
10/10/24 23:00,72.4,1917.7,21.44
10/10/24 23:10,72.1,1917.2,21.42
10/10/24 23:20,74.2,1916.6,21.4
10/10/24 23:30,72.3,1923.2,21.38
10/10/24 23:40,72.7,1928.3,21.35
10/10/24 23:50,72.5,1938.1,21.32
