8/17/2024 12:46,75.4
8/17/2024 12:56,76.1
8/17/2024 13:06,76.9
8/17/2024 13:16,74.6
8/17/2024 13:26,73.3
8/17/2024 13:36,73.8
8/17/2024 13:46,74.6
8/17/2024 13:56,74
8/17/2024 14:06,74.1
8/17/2024 14:16,72.3
8/17/2024 14:26,69.3
8/17/2024 14:36,65
8/17/2024 14:46,53.6
8/17/2024 14:56,41.7
8/17/2024 15:06,20
8/17/2024 15:16,12.9
8/17/2024 15:26,31.6
8/17/2024 15:36,60
8/17/2024 15:46,73.8
8/17/2024 15:56,74.7
8/17/2024 16:06,74.8
8/17/2024 16:16,76.3
8/17/2024 16:26,71.9
8/17/2024 16:36,74.9
8/17/2024 16:46,73.9
8/17/2024 16:56,76.1
8/17/2024 17:06,74.7
8/17/2024 17:16,74.9
8/17/2024 17:26,75.8
8/17/2024 17:36,72.4
8/17/2024 17:46,73.6
8/17/2024 17:56,75.6
8/17/2024 18:06,74.1
8/17/2024 18:16,73.3
8/17/2024 18:26,74
8/17/2024 18:36,75.2
8/17/2024 18:46,74
8/17/2024 18:56,75.5
8/17/2024 19:06,73.4
8/17/2024 19:16,72.7
8/17/2024 19:26,73.5
8/17/2024 19:36,74.3
8/17/2024 19:46,75.5
8/17/2024 19:56,73.1
8/17/2024 20:06,72.5
8/17/2024 20:16,75.2
8/17/2024 20:26,73.6
8/17/2024 20:36,74.3
8/17/2024 20:46,74
8/17/2024 20:56,73.7
8/17/2024 21:06,72.4
8/17/2024 21:16,72.8
8/17/2024 21:26,72.8
8/17/2024 21:36,73
8/17/2024 21:46,74.3
8/17/2024 21:56,72.8
8/17/2024 22:06,73.5
8/17/2024 22:16,71.1
8/17/2024 22:26,73.8
8/17/2024 22:36,74.8
8/17/2024 22:46,74
8/17/2024 22:56,74.2
8/17/2024 23:06,76
8/17/2024 23:16,75.1
8/17/2024 23:26,74.5
8/17/2024 23:36,74
8/17/2024 23:46,74.6
8/17/2024 23:56,73.6
8/18/2024 0:06,74.7
8/18/2024 0:16,74.7
8/18/2024 0:26,74.1
8/18/2024 0:36,76.8
8/18/2024 0:46,75.5
8/18/2024 0:56,74.6
8/18/2024 1:06,73.8
8/18/2024 1:16,75.2
8/18/2024 1:26,72.5
8/18/2024 1:36,73
8/18/2024 1:46,71.1
8/18/2024 1:56,63.9
8/18/2024 2:06,49.1
8/18/2024 2:16,19.7
8/18/2024 2:26,12
8/18/2024 2:36,29.4
8/18/2024 2:46,58.6
8/18/2024 2:56,72.9
8/18/2024 3:06,75.7
8/18/2024 3:16,76
8/18/2024 3:26,75.7
8/18/2024 3:36,75
8/18/2024 3:46,76.1
8/18/2024 3:56,74.8
8/18/2024 4:06,75.5
8/18/2024 4:16,75.9
8/18/2024 4:26,75.6
8/18/2024 4:36,75.8
8/18/2024 4:46,75.3
8/18/2024 4:56,74.7
8/18/2024 5:06,75.8
8/18/2024 5:16,77.1
8/18/2024 5:26,76.1
8/18/2024 5:36,74
8/18/2024 5:46,75.2
8/18/2024 5:56,76.7
8/18/2024 6:06,75.7
8/18/2024 6:16,74.5
8/18/2024 6:26,74.5
8/18/2024 6:36,74.6
8/18/2024 6:46,75.5
8/18/2024 6:56,75.2
8/18/2024 7:06,75.9
8/18/2024 7:16,74.3
8/18/2024 7:26,75.6
8/18/2024 7:36,76.3
8/18/2024 7:46,76.5
8/18/2024 7:56,74.9
8/18/2024 8:06,77.1
8/18/2024 8:16,76.4
8/18/2024 8:26,76.8
8/18/2024 8:36,77.1
8/18/2024 8:46,76
8/18/2024 8:56,77.8
8/18/2024 9:06,77.3
8/18/2024 9:16,76.5
8/18/2024 9:26,76.6
8/18/2024 9:36,76.5
8/18/2024 9:46,77.1
8/18/2024 9:56,76.5
8/18/2024 10:06,78.4
8/18/2024 10:16,74.7
8/18/2024 10:26,78
8/18/2024 10:36,79.4
8/18/2024 10:46,80
8/18/2024 11:06,80.9
8/18/2024 11:16,78.8
8/18/2024 11:26,78
8/18/2024 11:36,80.4
8/18/2024 11:46,78
8/18/2024 11:56,78.2
8/18/2024 12:06,77.5
8/18/2024 12:16,78.5
8/18/2024 12:26,78.9
8/18/2024 12:36,77.8
8/18/2024 12:46,76.4
8/18/2024 12:56,75.3
8/18/2024 13:06,75.8
8/18/2024 13:16,68.1
8/18/2024 13:26,63.2
8/18/2024 13:36,50.9
8/18/2024 13:46,25.3
8/18/2024 13:56,12.3
8/18/2024 14:06,20.4
8/18/2024 14:16,50.2
8/18/2024 14:26,68.7
8/18/2024 14:36,73.1
8/18/2024 14:46,74.3
8/18/2024 14:56,74.4
8/18/2024 15:06,72
8/18/2024 15:16,70.8
8/18/2024 15:26,71
8/18/2024 15:36,70.8
8/18/2024 15:46,71
8/18/2024 15:56,71.3
8/18/2024 16:06,69.8
8/18/2024 16:16,71.1
8/18/2024 16:26,70.9
8/18/2024 16:36,69.4
8/18/2024 16:46,71
8/18/2024 16:56,70.1
8/18/2024 17:06,68.7
8/18/2024 17:16,70.9
8/18/2024 17:26,70.6
8/18/2024 17:36,69.3
8/18/2024 17:46,71.2
8/18/2024 17:56,71.6
8/18/2024 18:06,71.1
8/18/2024 18:16,72.2
8/18/2024 18:26,70.2
8/18/2024 18:36,71.1
8/18/2024 18:46,72.3
8/18/2024 18:56,70.4
8/18/2024 19:06,70.2
8/18/2024 19:16,72.3
8/18/2024 19:26,70.9
8/18/2024 19:36,70.9
8/18/2024 19:46,70.8
8/18/2024 19:56,72.5
8/18/2024 20:06,71.6
8/18/2024 20:16,70.2
8/18/2024 20:26,69.8
8/18/2024 20:36,71
8/18/2024 20:46,70.6
8/18/2024 20:56,71.5
8/18/2024 21:06,70.2
8/18/2024 21:16,69.7
8/18/2024 21:26,71
8/18/2024 21:36,71.1
8/18/2024 21:46,69.9
8/18/2024 21:56,71.4
8/18/2024 22:06,70
8/18/2024 22:16,70.8
8/18/2024 22:26,71.5
8/18/2024 22:36,68.9
8/18/2024 22:46,70.5
8/18/2024 22:56,69.4
8/18/2024 23:06,71.7
8/18/2024 23:16,71.5
8/18/2024 23:26,72.8
8/18/2024 23:36,71.7
8/18/2024 23:46,72.6
8/18/2024 23:56,72.1
8/19/2024 0:06,71.6
8/19/2024 0:16,71.6
8/19/2024 0:26,72.2
8/19/2024 0:36,71.4
8/19/2024 0:46,70.5
8/19/2024 0:56,70.6
8/19/2024 1:06,72.8
8/19/2024 1:16,72.2
8/19/2024 1:26,72
8/19/2024 1:36,72.3
8/19/2024 1:46,70.2
8/19/2024 1:56,65.9
8/19/2024 2:06,59.1
8/19/2024 2:16,49.2
8/19/2024 2:26,29.9
8/19/2024 2:36,15
8/19/2024 2:46,15.7
8/19/2024 2:56,42.9
8/19/2024 3:06,64.4
8/19/2024 3:16,70.9
8/19/2024 3:26,73.2
8/19/2024 3:36,72
8/19/2024 3:46,72.8
8/19/2024 3:56,72.5
8/19/2024 4:06,73.4
8/19/2024 4:16,72.6
8/19/2024 4:26,71.9
8/19/2024 4:36,71.1
8/19/2024 4:46,71.8
8/19/2024 4:56,71.2
8/19/2024 5:06,72
8/19/2024 5:16,72.2
8/19/2024 5:26,74.1
8/19/2024 5:36,74
8/19/2024 5:46,73.1
8/19/2024 5:56,71.4
8/19/2024 6:06,72
8/19/2024 6:16,72.9
8/19/2024 6:26,73.1
8/19/2024 6:36,72.2
8/19/2024 6:46,72.9
8/19/2024 6:56,71.8
8/19/2024 7:06,72.4
8/19/2024 7:16,71.3
8/19/2024 7:26,75.1
8/19/2024 7:36,71.7
8/19/2024 7:46,73.9
8/19/2024 7:56,72.9
8/19/2024 8:06,73.5
8/19/2024 8:16,72
8/19/2024 8:26,73.3
8/19/2024 8:36,72.7
8/19/2024 8:46,74.7
8/19/2024 8:56,74.1
8/19/2024 9:06,73.4
8/19/2024 9:16,72.6
8/19/2024 9:26,73.5
8/19/2024 9:36,15
8/19/2024 9:46,15.7
8/19/2024 9:56,76.4
8/19/2024 10:06,75.3
8/19/2024 10:16,76.3
8/19/2024 10:26,75.3
8/19/2024 10:36,73
8/19/2024 10:46,71.7
8/19/2024 10:56,73.7
8/19/2024 11:06,73.3
8/19/2024 11:16,72.8
8/19/2024 11:26,74.2
8/19/2024 11:36,73.5
8/19/2024 11:46,74.4
8/19/2024 11:56,74.4
8/19/2024 12:06,74.2
8/19/2024 12:16,72.4
8/19/2024 12:26,72.5
8/19/2024 12:36,72.4
8/19/2024 12:46,74.3
8/19/2024 12:56,71.9
8/19/2024 13:06,72.5
8/19/2024 13:16,71.8
8/19/2024 13:26,70.6
8/19/2024 13:36,69.8
8/19/2024 13:46,72.8
8/19/2024 13:56,73.9
8/19/2024 14:06,72.1
8/19/2024 14:16,72.6
8/19/2024 14:26,71
8/19/2024 14:36,71.2
8/19/2024 14:46,71
8/19/2024 14:56,71.2
8/19/2024 15:06,70.7
8/19/2024 15:16,68.8
8/19/2024 15:26,71.2
8/19/2024 15:36,68.5
8/19/2024 15:46,70.3
8/19/2024 15:56,69.7
8/19/2024 16:06,71.4
8/19/2024 16:16,70.7
8/19/2024 16:26,72.4
8/19/2024 16:36,70.2
8/19/2024 16:46,70
8/19/2024 16:56,70.3
8/19/2024 17:06,71.3
8/19/2024 17:16,71.9
8/19/2024 17:26,72
8/19/2024 17:36,72.9
8/19/2024 17:46,70.7
8/19/2024 17:56,69.2
8/19/2024 18:06,71.6
8/19/2024 18:16,72.4
8/19/2024 18:26,72.3
8/19/2024 18:36,71.2
8/19/2024 18:46,72.1
8/19/2024 18:56,71.2
8/19/2024 19:06,68.8
8/19/2024 19:16,70.4
8/19/2024 19:26,70.1
8/19/2024 19:36,68.5
8/19/2024 19:46,70
8/19/2024 19:56,69.1
8/19/2024 20:06,68.3
8/19/2024 20:16,70.2
8/19/2024 20:26,67.1
8/19/2024 20:36,69.1
8/19/2024 20:46,70.2
8/19/2024 20:56,72
8/19/2024 21:06,70.4
8/19/2024 21:16,71.1
8/19/2024 21:26,71.9
8/19/2024 21:36,72
8/19/2024 21:46,70.8
8/19/2024 21:56,72.9
8/19/2024 22:06,70.3
8/19/2024 22:16,70.1
8/19/2024 22:26,72
8/19/2024 22:36,71.1
8/19/2024 22:46,72.1
8/19/2024 22:56,70.3
8/19/2024 23:06,71.3
8/19/2024 23:16,70.6
8/19/2024 23:26,72.7
8/19/2024 23:36,68.6
8/19/2024 23:46,72
8/19/2024 23:56,72.1
8/20/2024 0:06,71.2
8/20/2024 0:16,72.9
8/20/2024 0:26,73
8/20/2024 0:36,71
8/20/2024 0:46,68.7
8/20/2024 0:56,71.2
8/20/2024 1:06,71.9
8/20/2024 1:16,74.7
8/20/2024 1:26,73.5
8/20/2024 1:36,74
8/20/2024 1:46,73.6
8/20/2024 1:56,74.1
8/20/2024 2:06,74.8
8/20/2024 2:16,74.7
8/20/2024 2:26,74.2
8/20/2024 2:36,74.4
8/20/2024 2:46,73.9
8/20/2024 2:56,73.3
8/20/2024 3:06,75.5
8/20/2024 3:16,73.9
8/20/2024 3:26,76.6
8/20/2024 3:36,76.5
8/20/2024 3:46,76.5
8/20/2024 3:56,75.6
8/20/2024 4:06,74.4
8/20/2024 4:16,74.6
8/20/2024 4:26,76.5
8/20/2024 4:36,76.6
8/20/2024 4:46,75.2
8/20/2024 4:56,74.8
8/20/2024 5:06,76
8/20/2024 5:16,75.1
8/20/2024 5:26,75.3
8/20/2024 5:36,74.6
8/20/2024 5:46,76.1
8/20/2024 5:56,76.3
8/20/2024 6:06,77.7
8/20/2024 6:16,75.8
8/20/2024 6:26,74.8
8/20/2024 6:36,74.4
8/20/2024 6:46,75.5
8/20/2024 6:56,75.4
8/20/2024 7:06,74.4
8/20/2024 7:16,75.5
8/20/2024 7:26,76.7
8/20/2024 7:36,74.8
8/20/2024 7:46,75.3
8/20/2024 7:56,77.1
8/20/2024 8:06,74.9
8/20/2024 8:16,76
8/20/2024 8:26,74.9
8/20/2024 8:36,76
8/20/2024 8:46,74.3
8/20/2024 8:56,73.7
8/20/2024 9:06,76.2
8/20/2024 9:16,74.3
8/20/2024 9:26,72.5
8/20/2024 9:36,75.4
8/20/2024 9:46,72.4
8/20/2024 9:56,74.2
8/20/2024 10:06,73.2
8/20/2024 10:16,75
8/20/2024 10:26,75.3
8/20/2024 10:36,75
8/20/2024 10:46,73.2
8/20/2024 10:56,73.3
8/20/2024 11:06,73.9
8/20/2024 11:16,73.3
8/20/2024 11:26,74.4
8/20/2024 11:36,72.9
8/20/2024 11:46,74.8
8/20/2024 11:56,73.7
8/20/2024 12:06,74.1
8/20/2024 12:16,73.8
8/20/2024 12:26,74.2
8/20/2024 12:36,73.3
8/20/2024 12:46,72.6
8/20/2024 12:56,74.1
8/20/2024 13:06,73.2
8/20/2024 13:16,74.8
8/20/2024 13:26,72.2
8/20/2024 13:36,74.3
8/20/2024 13:46,71.8
8/20/2024 13:56,74.6
8/20/2024 14:06,70.5
8/20/2024 14:16,72.3
8/20/2024 14:26,71.7
8/20/2024 14:36,72.1
8/20/2024 14:46,72.9
8/20/2024 14:56,73.3
8/20/2024 15:06,72.7
8/20/2024 15:16,72.4
8/20/2024 15:26,71.9
8/20/2024 15:36,71.9
8/20/2024 15:46,74
8/20/2024 15:56,73.8
8/20/2024 16:06,73
8/20/2024 16:16,72
8/20/2024 16:26,73.9
8/20/2024 16:36,73.2
8/20/2024 16:46,72.3
8/20/2024 16:56,70.9
8/20/2024 17:06,72.2
8/20/2024 17:16,72.2
8/20/2024 17:26,72.9
8/20/2024 17:36,72.9
8/20/2024 17:46,72.3
8/20/2024 17:56,73.2
8/20/2024 18:06,72.1
8/20/2024 18:16,71
8/20/2024 18:26,71.6
8/20/2024 18:36,72.8
8/20/2024 18:46,71.7
8/20/2024 18:56,69.4
8/20/2024 19:06,69.6
8/20/2024 19:16,71.5
8/20/2024 19:26,69.3
8/20/2024 19:36,69.5
8/20/2024 19:46,69.8
8/20/2024 19:56,71
8/20/2024 20:06,69.2
8/20/2024 20:16,69.2
8/20/2024 20:26,71.2
8/20/2024 20:36,69.1
8/20/2024 20:46,70.2
8/20/2024 20:56,69.8
8/20/2024 21:06,68.4
8/20/2024 21:16,68.5
8/20/2024 21:26,69.7
8/20/2024 21:36,70.6
8/20/2024 21:46,72.2
8/20/2024 21:56,71.6
8/20/2024 22:06,70.8
8/20/2024 22:16,72
8/20/2024 22:26,71.7
8/20/2024 22:36,71.1
8/20/2024 22:46,71.4
8/20/2024 22:56,71.9
8/20/2024 23:06,72.7
8/20/2024 23:16,72.9
8/20/2024 23:26,73.3
8/20/2024 23:36,71.2
8/20/2024 23:46,72.8
8/20/2024 23:56,72.6
8/21/2024 0:06,73.3
8/21/2024 0:16,73.6
8/21/2024 0:26,74.7
8/21/2024 0:36,71.9
8/21/2024 0:46,72.1
8/21/2024 0:56,73.1
8/21/2024 1:06,74.4
8/21/2024 1:16,73.5
8/21/2024 1:26,72.6
8/21/2024 1:36,72.5
8/21/2024 1:46,75
8/21/2024 1:56,76.3
8/21/2024 2:06,73.3
8/21/2024 2:16,74.5
8/21/2024 2:26,73
8/21/2024 2:36,75.5
8/21/2024 2:46,74.5
8/21/2024 2:56,76
8/21/2024 3:06,74.9
8/21/2024 3:16,73.4
8/21/2024 3:26,74
8/21/2024 3:36,73.3
8/21/2024 3:46,73.3
8/21/2024 3:56,75.5
8/21/2024 4:06,74.4
8/21/2024 4:16,76.3
8/21/2024 4:26,74.6
8/21/2024 4:36,74.4
8/21/2024 4:46,75.3
8/21/2024 4:56,76.1
8/21/2024 5:06,74.5
8/21/2024 5:16,75.7
8/21/2024 5:26,74.8
8/21/2024 5:36,74.4
8/21/2024 5:46,75.9
8/21/2024 5:56,76.6
8/21/2024 6:06,74.9
8/21/2024 6:16,75.8
8/21/2024 6:26,74.4
8/21/2024 6:36,75.4
8/21/2024 6:46,75.8
8/21/2024 6:56,75.8
8/21/2024 7:06,75.5
8/21/2024 7:16,77.3
8/21/2024 7:26,75.1
8/21/2024 7:36,76.2
8/21/2024 7:46,74.9
8/21/2024 7:56,76.8
8/21/2024 8:06,74.3
8/21/2024 8:16,75.2
8/21/2024 8:26,76.7
8/21/2024 8:36,74.1
8/21/2024 8:46,76.4
8/21/2024 8:56,75.6
8/21/2024 9:06,76
8/21/2024 9:16,75.2
8/21/2024 9:26,75
8/21/2024 9:36,75.6
8/21/2024 9:46,75.3
8/21/2024 9:56,75.6
8/21/2024 10:06,75.2
8/21/2024 10:16,76.2
8/21/2024 10:26,74.4
8/21/2024 10:36,74.1
8/21/2024 10:46,73.6
8/21/2024 10:56,75.5
8/21/2024 11:06,76.5
8/21/2024 11:16,75.6
8/21/2024 11:26,75.2
8/21/2024 11:36,74.1
8/21/2024 11:46,74.8
8/21/2024 11:56,74.3
8/21/2024 12:06,73.6
8/21/2024 12:16,73.1
8/21/2024 12:26,72.5
8/21/2024 12:36,73.3
8/21/2024 12:46,74.2
8/21/2024 12:56,73.1
8/21/2024 13:06,73.6
8/21/2024 13:16,73.2
8/21/2024 13:26,72.4
8/21/2024 13:36,74.9
8/21/2024 13:46,73.1
8/21/2024 13:56,73.9
8/21/2024 14:06,71.9
8/21/2024 14:16,73
8/21/2024 14:26,74.4
8/21/2024 14:36,73.2
8/21/2024 14:46,73.1
8/21/2024 14:56,71.9
8/21/2024 15:06,73.8
8/21/2024 15:16,72.5
8/21/2024 15:26,72.6
8/21/2024 15:36,72.7
8/21/2024 15:46,72.9
8/21/2024 15:56,73.8
8/21/2024 16:06,75.3
8/21/2024 16:16,74.7
8/21/2024 16:26,72
8/21/2024 16:36,73.6
8/21/2024 16:46,73.6
8/21/2024 16:56,72
8/21/2024 17:06,72.6
8/21/2024 17:16,72.4
8/21/2024 17:26,72.7
8/21/2024 17:36,74.4
8/21/2024 17:46,72.3
8/21/2024 17:56,71.9
8/21/2024 18:06,72.2
8/21/2024 18:16,71.9
8/21/2024 18:26,72.9
8/21/2024 18:36,72.6
8/21/2024 18:46,73.7
8/21/2024 18:56,73.6
8/21/2024 19:06,72.2
8/21/2024 19:16,72.6
8/21/2024 19:26,74.4
8/21/2024 19:36,72.3
8/21/2024 19:46,72.7
8/21/2024 19:56,73.4
8/21/2024 20:06,72.2
8/21/2024 20:16,71.8
8/21/2024 20:26,73.7
8/21/2024 20:36,73.6
8/21/2024 20:46,73.8
8/21/2024 20:56,72.3
8/21/2024 21:06,73.3
8/21/2024 21:16,72.3
8/21/2024 21:26,74.7
8/21/2024 21:36,71.8
8/21/2024 21:46,73.3
8/21/2024 21:56,71.9
8/21/2024 22:06,72.8
8/21/2024 22:16,72.2
8/21/2024 22:26,72.1
8/21/2024 22:36,71
8/21/2024 22:46,73.4
8/21/2024 22:56,70.7
8/21/2024 23:06,72.8
8/21/2024 23:16,71.3
8/21/2024 23:26,71
8/21/2024 23:36,72.4
8/21/2024 23:46,72.7
8/21/2024 23:56,72.9
8/22/2024 0:06,70
8/22/2024 0:16,71.3
8/22/2024 0:26,71.6
8/22/2024 0:36,74.4
8/22/2024 0:46,73.4
8/22/2024 0:56,74.1
8/22/2024 1:06,73
8/22/2024 1:16,73.9
8/22/2024 1:26,72.2
8/22/2024 1:36,74.8
8/22/2024 1:46,73.6
8/22/2024 1:56,73.4
8/22/2024 2:06,71.3
8/22/2024 2:16,74
8/22/2024 2:26,72
8/22/2024 2:36,73.6
8/22/2024 2:46,75.2
8/22/2024 2:56,74
8/22/2024 3:06,74.7
8/22/2024 3:16,74.7
8/22/2024 3:26,76.3
8/22/2024 3:36,77.4
8/22/2024 3:46,76.5
8/22/2024 3:56,75.6
8/22/2024 4:06,77.1
8/22/2024 4:16,76.3
8/22/2024 4:26,75
8/22/2024 4:36,74.6
8/22/2024 4:46,76.7
8/22/2024 4:56,76.2
8/22/2024 5:06,75.9
8/22/2024 5:16,75.9
8/22/2024 5:26,76.6
8/22/2024 5:36,74.6
8/22/2024 5:46,74.9
8/22/2024 5:56,75.1
8/22/2024 6:06,76
8/22/2024 6:16,74.3
8/22/2024 6:26,76.2
8/22/2024 6:36,76.5
8/22/2024 6:46,75.7
8/22/2024 6:56,76
8/22/2024 7:06,75.8
8/22/2024 7:16,75.5
8/22/2024 7:26,75.2
8/22/2024 7:36,75.9
8/22/2024 7:46,75.8
8/22/2024 7:56,76.8
8/22/2024 8:06,77.4
8/22/2024 8:16,76.8
8/22/2024 8:26,76.7
8/22/2024 8:36,76.9
8/22/2024 8:46,76.4
8/22/2024 8:56,76.8
8/22/2024 9:06,74.5
8/22/2024 9:16,76.6
8/22/2024 9:26,77
8/22/2024 9:36,77.7
8/22/2024 9:46,77.5
8/22/2024 9:56,75.8
8/22/2024 10:06,77.1
8/22/2024 10:16,76.9
8/22/2024 10:26,76.1
8/22/2024 10:36,74.9
8/22/2024 10:46,76.3
8/22/2024 10:56,75.1
8/22/2024 11:06,74.7
8/22/2024 11:16,75.7
8/22/2024 11:26,75.7
8/22/2024 11:36,74.6
8/22/2024 11:46,76.8
8/22/2024 11:56,75.6
8/22/2024 12:06,76.4
8/22/2024 12:16,74.4
8/22/2024 12:26,73.7
8/22/2024 12:36,75.7
8/22/2024 12:46,71.8
8/22/2024 12:56,74.1
8/22/2024 13:06,76
8/22/2024 13:16,77.2
8/22/2024 13:26,75.8
8/22/2024 13:36,75.2
8/22/2024 13:46,74.7
8/22/2024 13:56,74.7
8/22/2024 14:06,74.7
8/22/2024 14:16,75.1
8/22/2024 14:26,73.6
8/22/2024 14:36,74.1
8/22/2024 14:46,73.5
8/22/2024 14:56,73
8/22/2024 15:06,73.9
8/22/2024 15:16,75.5
8/22/2024 15:26,73.1
8/22/2024 15:36,74.6
8/22/2024 15:46,75.3
8/22/2024 15:56,75
8/22/2024 16:06,74.1
8/22/2024 16:16,76.3
8/22/2024 16:26,74.4
8/22/2024 16:36,74.1
8/22/2024 16:46,76.1
8/22/2024 16:56,75
8/22/2024 17:06,74.5
8/22/2024 17:16,74.4
8/22/2024 17:26,74.7
8/22/2024 17:36,74.1
8/22/2024 17:46,73.6
8/22/2024 17:56,74.5
8/22/2024 18:06,72.8
8/22/2024 18:16,73.8
8/22/2024 18:26,73.5
8/22/2024 18:36,72.1
8/22/2024 18:46,73.2
8/22/2024 18:56,74.6
8/22/2024 19:06,72.6
8/22/2024 19:16,72.5
8/22/2024 19:26,72.3
8/22/2024 19:36,73.4
8/22/2024 19:46,72.5
8/22/2024 19:56,73.8
8/22/2024 20:06,71.6
8/22/2024 20:16,73
8/22/2024 20:26,74.4
8/22/2024 20:36,72.5
8/22/2024 20:46,72.5
8/22/2024 20:56,72.1
8/22/2024 21:06,72.8
8/22/2024 21:16,72.1
8/22/2024 21:26,71.7
8/22/2024 21:36,72.4
8/22/2024 21:46,71.5
8/22/2024 21:56,72.3
8/22/2024 22:06,71
8/22/2024 22:16,71.7
8/22/2024 22:26,73.7
8/22/2024 22:36,70.9
8/22/2024 22:46,70.7
8/22/2024 22:56,73.7
8/22/2024 23:06,72.5
8/22/2024 23:16,72.8
8/22/2024 23:26,71.9
8/22/2024 23:36,73.8
8/22/2024 23:46,72.6
8/22/2024 23:56,72.2
8/23/2024 0:06,72
8/23/2024 0:16,71
8/23/2024 0:26,71.6
8/23/2024 0:36,74
8/23/2024 0:46,73.2
8/23/2024 0:56,72.1
8/23/2024 1:06,74.6
8/23/2024 1:16,75.1
8/23/2024 1:26,73.6
8/23/2024 1:36,73.5
8/23/2024 1:46,74.7
8/23/2024 1:56,73.5
8/23/2024 2:06,73.4
8/23/2024 2:16,73.5
8/23/2024 2:26,73.9
8/23/2024 2:36,74.2
8/23/2024 2:46,74.6
8/23/2024 2:56,74.4
8/23/2024 3:06,73.9
8/23/2024 3:16,77.1
8/23/2024 3:26,74.9
8/23/2024 3:36,76.6
8/23/2024 3:46,74.9
8/23/2024 3:56,76.3
8/23/2024 4:06,78.2
8/23/2024 4:16,74.9
8/23/2024 4:26,75.4
8/23/2024 4:36,76.1
8/23/2024 4:46,76.5
8/23/2024 4:56,75.6
8/23/2024 5:06,76.2
8/23/2024 5:16,76.5
8/23/2024 5:26,77.3
8/23/2024 5:36,77
8/23/2024 5:46,75.5
8/23/2024 5:56,76.5
8/23/2024 6:06,75.2
8/23/2024 6:16,74.9
8/23/2024 6:26,75.7
8/23/2024 6:36,77.3
8/23/2024 6:46,75.8
8/23/2024 6:56,76.4
8/23/2024 7:06,77.1
8/23/2024 7:16,76.7
8/23/2024 7:26,77.4
8/23/2024 7:36,76.6
8/23/2024 7:46,75.6
8/23/2024 7:56,77.4
8/23/2024 8:06,76.4
8/23/2024 8:16,76.4
8/23/2024 8:26,77.8
8/23/2024 8:36,77.8
8/23/2024 8:46,74.1
8/23/2024 8:56,76.9
8/23/2024 9:06,76.9
8/23/2024 9:16,75.7
8/23/2024 9:26,77.6
8/23/2024 9:36,77.5
8/23/2024 9:46,77
8/23/2024 9:56,76.7
8/23/2024 10:06,76.1
8/23/2024 10:16,76.8
8/23/2024 10:26,76.2
8/23/2024 10:36,74.4
8/23/2024 10:46,75.4
8/23/2024 10:56,76.9
8/23/2024 11:06,76.2
8/23/2024 11:16,75.4
8/23/2024 11:26,74.6
8/23/2024 11:36,75.5
8/23/2024 11:46,76.7
8/23/2024 11:56,74.5
8/23/2024 12:06,75.3
8/23/2024 12:16,76.5
8/23/2024 12:26,77.2
8/23/2024 12:36,75.2
8/23/2024 12:46,74.3
8/23/2024 12:56,74.3
8/23/2024 13:06,74.3
8/23/2024 13:16,75.1
8/23/2024 13:26,73.6
8/23/2024 13:36,75.5
8/23/2024 13:46,73.3
8/23/2024 13:56,75.2
8/23/2024 14:06,74.6
8/23/2024 14:16,73.6
8/23/2024 14:26,74.2
8/23/2024 14:36,75.1
8/23/2024 14:46,73.4
8/23/2024 14:56,76.1
8/23/2024 15:06,75.7
8/23/2024 15:16,75.5
8/23/2024 15:26,75.2
8/23/2024 15:36,72.7
8/23/2024 15:46,73.3
8/23/2024 15:56,73.7
8/23/2024 16:06,73
8/23/2024 16:16,72.7
8/23/2024 16:26,72.6
8/23/2024 16:36,73.4
8/23/2024 16:46,73.5
8/23/2024 16:56,74.6
8/23/2024 17:06,73.9
8/23/2024 17:16,72.9
8/23/2024 17:26,74.4
8/23/2024 17:36,74.6
8/23/2024 17:46,75
8/23/2024 17:56,73.1
8/23/2024 18:06,73.8
8/23/2024 18:16,73.3
8/23/2024 18:26,72.2
8/23/2024 18:36,74
8/23/2024 18:46,74.4
8/23/2024 18:56,72.8
8/23/2024 19:06,71.6
8/23/2024 19:16,72.3
8/23/2024 19:26,73.9
8/23/2024 19:36,74.7
8/23/2024 19:46,73.5
8/23/2024 19:56,72.6
8/23/2024 20:06,73.6
8/23/2024 20:16,73.1
8/23/2024 20:26,71.8
8/23/2024 20:36,72.9
8/23/2024 20:46,71.2
8/23/2024 20:56,72.6
8/23/2024 21:06,72.9
8/23/2024 21:16,73.4
8/23/2024 21:26,72.3
8/23/2024 21:36,72.9
8/23/2024 21:46,72.1
8/23/2024 21:56,72.4
8/23/2024 22:06,72.8
8/23/2024 22:16,71.4
8/23/2024 22:26,71.4
8/23/2024 22:36,71.8
8/23/2024 22:46,71.7
8/23/2024 22:56,72.2
8/23/2024 23:06,71
8/23/2024 23:16,74
8/23/2024 23:26,72.2
8/23/2024 23:36,73
8/23/2024 23:46,74.1
8/23/2024 23:56,75.1
8/24/2024 0:06,72.3
8/24/2024 0:16,73.3
8/24/2024 0:26,72.6
8/24/2024 0:36,73.3
8/24/2024 0:46,72.5
8/24/2024 0:56,73.4
8/24/2024 1:06,73.8
8/24/2024 1:16,73.4
8/24/2024 1:26,72.7
8/24/2024 1:36,73.7
8/24/2024 1:46,74.7
8/24/2024 1:56,74.4
8/24/2024 2:06,73.3
8/24/2024 2:16,74.5
8/24/2024 2:26,75.2
8/24/2024 2:36,75.6
8/24/2024 2:46,73.8
8/24/2024 2:56,75.9
8/24/2024 3:06,73.1
8/24/2024 3:16,77.8
8/24/2024 3:26,75.2
8/24/2024 3:36,75.8
8/24/2024 3:46,76.6
8/24/2024 3:56,77.4
8/24/2024 4:06,76.6
8/24/2024 4:16,76.6
8/24/2024 4:26,77.4
8/24/2024 4:36,76.8
8/24/2024 4:46,77.5
8/24/2024 4:56,76.5
8/24/2024 5:06,76.8
8/24/2024 5:16,78
8/24/2024 5:26,78.5
8/24/2024 5:36,77.4
8/24/2024 5:46,78
8/24/2024 5:56,77.3
8/24/2024 6:06,76.6
8/24/2024 6:16,77.4
8/24/2024 6:26,77.8
8/24/2024 6:36,76.3
8/24/2024 6:46,77.8
8/24/2024 6:56,77
8/24/2024 7:06,76.8
8/24/2024 7:16,77.1
8/24/2024 7:26,78
8/24/2024 7:36,77.8
8/24/2024 7:46,78.5
8/24/2024 7:56,76.8
8/24/2024 8:06,76.8
8/24/2024 8:16,77.4
8/24/2024 8:26,77.8
8/24/2024 8:36,81.9
8/24/2024 8:46,76
8/24/2024 8:56,77.1
8/24/2024 9:06,77.5
8/24/2024 9:16,78.1
8/24/2024 9:26,78.2
8/24/2024 9:36,77.9
8/24/2024 9:46,78.5
8/24/2024 9:56,75.8
8/24/2024 10:06,76.5
8/24/2024 10:16,78
8/24/2024 10:26,77.1
8/24/2024 10:36,77.4
8/24/2024 10:46,78.4
8/24/2024 10:56,77
8/24/2024 11:06,77.9
8/24/2024 11:16,76.1
8/24/2024 11:26,76.1
8/24/2024 11:36,77.2
8/24/2024 11:46,76.8
8/24/2024 11:56,76.2
8/24/2024 12:06,76.5
8/24/2024 12:16,76.3
8/24/2024 12:26,77.2
8/24/2024 12:36,77.1
8/24/2024 12:46,78.4
8/24/2024 12:56,76.6
8/24/2024 13:06,74.9
8/24/2024 13:16,75.2
8/24/2024 13:26,74.7
8/24/2024 13:36,76.6
8/24/2024 13:46,76.1
8/24/2024 13:56,76.8
8/24/2024 14:06,75.3
8/24/2024 14:16,74
8/24/2024 14:26,76.8
8/24/2024 14:36,73.5
8/24/2024 14:46,73.4
8/24/2024 14:56,74.6
8/24/2024 15:06,76.9
8/24/2024 15:16,76.8
8/24/2024 15:26,75.3
8/24/2024 15:36,75.5
8/24/2024 15:46,76.2
8/24/2024 15:56,74.6
8/24/2024 16:06,73.9
8/24/2024 16:16,77.6
8/24/2024 16:26,74.1
8/24/2024 16:36,74.4
8/24/2024 16:46,74.1
8/24/2024 16:56,75.1
8/24/2024 17:06,75.9
8/24/2024 17:16,74.3
8/24/2024 17:26,77.9
8/24/2024 17:36,75.6
8/24/2024 17:46,74.1
8/24/2024 17:56,73
8/24/2024 18:06,74.3
8/24/2024 18:16,75.1
8/24/2024 18:26,73.9
8/24/2024 18:36,74.3
8/24/2024 18:46,74.3
8/24/2024 18:56,74.7
8/24/2024 19:06,73.3
8/24/2024 19:16,74.3
8/24/2024 19:26,74.7
8/24/2024 19:36,73.9
8/24/2024 19:46,73
8/24/2024 19:56,73.8
8/24/2024 20:06,74.4
8/24/2024 20:16,72
8/24/2024 20:26,72.4
8/24/2024 20:36,75.3
8/24/2024 20:46,73.5
8/24/2024 20:56,74.6
8/24/2024 21:06,72.8
8/24/2024 21:16,73.1
8/24/2024 21:26,74.8
8/24/2024 21:36,73.2
8/24/2024 21:46,72.9
8/24/2024 21:56,74.4
8/24/2024 22:06,74.1
8/24/2024 22:16,72.7
8/24/2024 22:26,72.2
8/24/2024 22:36,74
8/24/2024 22:46,73.3
8/24/2024 22:56,73.1
8/24/2024 23:06,74.1
8/24/2024 23:16,73.6
8/24/2024 23:26,74
8/24/2024 23:36,76
8/24/2024 23:46,73
8/24/2024 23:56,72.5
8/25/2024 0:06,73.4
8/25/2024 0:16,73.4
8/25/2024 0:26,74.6
8/25/2024 0:36,72.5
8/25/2024 0:46,74.3
8/25/2024 0:56,73.8
8/25/2024 1:06,74.2
8/25/2024 1:16,75.3
8/25/2024 1:26,73.9
8/25/2024 1:36,74.8
8/25/2024 1:46,73.4
8/25/2024 1:56,73.9
8/25/2024 2:06,73.7
8/25/2024 2:16,74.9
8/25/2024 2:26,73.9
8/25/2024 2:36,75.5
8/25/2024 2:46,75.4
8/25/2024 2:56,74
8/25/2024 3:06,75.1
8/25/2024 3:16,75.3
8/25/2024 3:26,74.9
8/25/2024 3:36,76.2
8/25/2024 3:46,75.5
8/25/2024 3:56,76.5
8/25/2024 4:06,76.4
8/25/2024 4:16,76.3
8/25/2024 4:26,74.9
8/25/2024 4:36,75.6
8/25/2024 4:46,75.7
8/25/2024 4:56,76.5
8/25/2024 5:06,76.1
8/25/2024 5:16,76.1
8/25/2024 5:26,76.7
8/25/2024 5:36,75.9
8/25/2024 5:46,76.9
8/25/2024 5:56,77.6
8/25/2024 6:06,76.4
8/25/2024 6:16,76.5
8/25/2024 6:26,75.4
8/25/2024 6:36,76.7
8/25/2024 6:46,76.2
8/25/2024 6:56,75.5
8/25/2024 7:06,75.1
8/25/2024 7:16,75.8
8/25/2024 7:26,77
8/25/2024 7:36,74.6
8/25/2024 7:46,77.2
8/25/2024 7:56,78.3
8/25/2024 8:06,77.2
8/25/2024 8:16,76.3
8/25/2024 8:26,77.9
8/25/2024 8:36,78.1
8/25/2024 8:46,77.6
8/25/2024 8:56,77.9
8/25/2024 9:06,77.7
8/25/2024 9:16,77.6
8/25/2024 9:26,76.6
8/25/2024 9:36,74.9
8/25/2024 9:46,75.9
8/25/2024 9:56,76.2
8/25/2024 10:06,75.5
8/25/2024 10:16,77.6
8/25/2024 10:26,76.9
8/25/2024 10:36,76.3
8/25/2024 10:46,78.8
8/25/2024 10:56,75.6
8/25/2024 11:06,78.1
8/25/2024 11:16,75.5
8/25/2024 11:26,75
8/25/2024 11:36,77
8/25/2024 11:46,78
8/25/2024 11:56,76.3
8/25/2024 12:06,76.1
8/25/2024 12:16,76.2
8/25/2024 12:26,73
8/25/2024 12:36,75.6
8/25/2024 12:46,76.5
8/25/2024 12:56,75.1
8/25/2024 13:06,74.8
8/25/2024 13:16,73.8
8/25/2024 13:26,76.1
8/25/2024 13:36,75.1
8/25/2024 13:46,73.8
8/25/2024 13:56,74.5
8/25/2024 14:06,75.4
8/25/2024 14:16,74.1
8/25/2024 14:26,75.9
8/25/2024 14:36,75.4
8/25/2024 14:46,74.9
8/25/2024 14:56,74.8
8/25/2024 15:06,73.4
8/25/2024 15:16,76
8/25/2024 15:26,74.6
8/25/2024 15:36,75.3
8/25/2024 15:46,74
8/25/2024 15:56,74.6
8/25/2024 16:06,74.4
8/25/2024 16:16,74.4
8/25/2024 16:26,76.5
8/25/2024 16:36,73.4
8/25/2024 16:46,74.5
8/25/2024 16:56,72.2
8/25/2024 17:06,74.3
8/25/2024 17:16,73.4
8/25/2024 17:26,74.2
8/25/2024 17:36,74.2
8/25/2024 17:46,75
8/25/2024 17:56,73.8
8/25/2024 18:06,73
8/25/2024 18:16,73.9
8/25/2024 18:26,73.5
8/25/2024 18:36,73.1
8/25/2024 18:46,74.2
8/25/2024 18:56,71.9
8/25/2024 19:06,74
8/25/2024 19:16,72.8
8/25/2024 19:26,72.4
8/25/2024 19:36,72.3
8/25/2024 19:46,71.5
8/25/2024 19:56,74.1
8/25/2024 20:06,73.2
8/25/2024 20:16,73.2
8/25/2024 20:26,72.7
8/25/2024 20:36,72.5
8/25/2024 20:46,72.4
8/25/2024 20:56,72.2
8/25/2024 21:06,71.9
8/25/2024 21:16,73.1
8/25/2024 21:26,71.7
8/25/2024 21:36,72.8
8/25/2024 21:46,73.2
8/25/2024 21:56,71.7
8/25/2024 22:06,71.9
8/25/2024 22:16,72.1
8/25/2024 22:26,72.7
8/25/2024 22:36,71.2
8/25/2024 22:46,71.7
8/25/2024 22:56,71.9
8/25/2024 23:06,73.3
8/25/2024 23:16,71.2
8/25/2024 23:26,70.4
8/25/2024 23:36,72
8/25/2024 23:46,71
8/25/2024 23:56,71.7
8/26/2024 0:06,70.7
8/26/2024 0:16,70.4
8/26/2024 0:26,71.2
8/26/2024 0:36,70.3
8/26/2024 0:46,72.3
8/26/2024 0:56,72.6
8/26/2024 1:06,72.6
8/26/2024 1:16,71.5
8/26/2024 1:26,72.8
8/26/2024 1:36,72.6
8/26/2024 1:46,71.5
8/26/2024 1:56,71.7
8/26/2024 2:06,72.2
8/26/2024 2:16,73.8
8/26/2024 2:26,72.9
8/26/2024 2:36,71.9
8/26/2024 2:46,73
8/26/2024 2:56,73
8/26/2024 3:06,73.7
8/26/2024 3:16,71.8
8/26/2024 3:26,73.3
8/26/2024 3:36,74.7
8/26/2024 3:46,72.9
8/26/2024 3:56,73.5
8/26/2024 4:06,74.9
8/26/2024 4:16,73.8
8/26/2024 4:26,74
8/26/2024 4:36,74.6
8/26/2024 4:46,74.4
8/26/2024 4:56,75.3
8/26/2024 5:06,73.5
8/26/2024 5:16,73.9
8/26/2024 5:26,74.1
8/26/2024 5:36,74.3
8/26/2024 5:46,73.7
8/26/2024 5:56,74.8
8/26/2024 6:06,75.8
8/26/2024 6:16,75.3
8/26/2024 6:26,75
8/26/2024 6:36,74.8
8/26/2024 6:46,74
8/26/2024 6:56,74.7
8/26/2024 7:06,74.7
8/26/2024 7:16,74.4
8/26/2024 7:26,75.6
8/26/2024 7:36,74.5
8/26/2024 7:46,74.5
8/26/2024 7:56,74.6
8/26/2024 8:06,75.5
8/26/2024 8:16,75.3
8/26/2024 8:26,75
8/26/2024 8:36,74.2
8/26/2024 8:46,74.6
8/26/2024 8:56,73.6
8/26/2024 9:06,75.5
8/26/2024 9:16,75.4
8/26/2024 9:26,73.2
8/26/2024 9:36,75.4
8/26/2024 9:46,72.6
8/26/2024 9:56,74.9
8/26/2024 10:06,75.1
8/26/2024 10:16,76.3
8/26/2024 10:26,75.7
8/26/2024 10:36,76.2
8/26/2024 10:46,75.3
8/26/2024 10:56,75.1
8/26/2024 11:06,75.1
8/26/2024 11:16,73.6
8/26/2024 11:26,74.9
8/26/2024 11:36,73.2
8/26/2024 11:46,75
8/26/2024 11:56,73.5
8/26/2024 12:06,75.8
8/26/2024 12:16,73.5
8/26/2024 12:26,75
8/26/2024 12:36,71.9
8/26/2024 12:46,74.6
8/26/2024 12:56,73.4
8/26/2024 13:06,72.9
8/26/2024 13:16,75.7
8/26/2024 13:26,74
8/26/2024 13:36,74.3
8/26/2024 13:46,73.7
8/26/2024 13:56,74
8/26/2024 14:06,72.9
8/26/2024 14:16,74
8/26/2024 14:26,72.7
8/26/2024 14:36,73.2
8/26/2024 14:46,73
8/26/2024 14:56,72.4
8/26/2024 15:06,73.2
8/26/2024 15:16,72.2
8/26/2024 15:26,74.3
8/26/2024 15:36,74.6
8/26/2024 15:46,71.9
8/26/2024 15:56,73.1
8/26/2024 16:06,72.1
8/26/2024 16:16,72
8/26/2024 16:26,73.2
8/26/2024 16:36,72.2
8/26/2024 16:46,72.9
8/26/2024 16:56,72.9
8/26/2024 17:06,72.6
8/26/2024 17:16,73.4
8/26/2024 17:26,73
8/26/2024 17:36,72.7
8/26/2024 17:46,73.1
8/26/2024 17:56,73.1
8/26/2024 18:06,73.9
8/26/2024 18:16,72.1
8/26/2024 18:26,71.7
8/26/2024 18:36,72.4
8/26/2024 18:46,71.5
8/26/2024 18:56,70.8
8/26/2024 19:06,71.3
8/26/2024 19:16,71.6
8/26/2024 19:26,72.3
8/26/2024 19:36,72
8/26/2024 19:46,72.1
8/26/2024 19:56,72
8/26/2024 20:06,70.7
8/26/2024 20:16,72
8/26/2024 20:26,70.8
8/26/2024 20:36,70.6
8/26/2024 20:46,70.8
8/26/2024 20:56,71.8
8/26/2024 21:06,72.4
8/26/2024 21:16,72.3
8/26/2024 21:26,72.6
8/26/2024 21:36,70.9
8/26/2024 21:46,71.5
8/26/2024 21:56,71.2
8/26/2024 22:06,71.3
8/26/2024 22:16,72.4
8/26/2024 22:26,72
8/26/2024 22:36,71.6
8/26/2024 22:46,70.7
8/26/2024 22:56,72
8/26/2024 23:06,72.4
8/26/2024 23:16,71.6
8/26/2024 23:26,71.9
8/26/2024 23:36,71.5
8/26/2024 23:46,72.3
8/26/2024 23:56,69.9
8/27/2024 0:06,70.8
8/27/2024 0:16,71.5
8/27/2024 0:26,71.4
8/27/2024 0:36,70.4
8/27/2024 0:46,69.1
8/27/2024 0:56,72.8
8/27/2024 1:06,71.4
8/27/2024 1:16,72.4
8/27/2024 1:26,72.3
8/27/2024 1:36,72.3
8/27/2024 1:46,73.3
8/27/2024 1:56,72.5
8/27/2024 2:06,72.7
8/27/2024 2:16,74.1
8/27/2024 2:26,74.9
8/27/2024 2:36,72
8/27/2024 2:46,71.6
8/27/2024 2:56,72.8
8/27/2024 3:06,73.5
8/27/2024 3:16,73.2
8/27/2024 3:26,72.3
8/27/2024 3:36,72.1
8/27/2024 3:46,73.4
8/27/2024 3:56,74.1
8/27/2024 4:06,72.9
8/27/2024 4:16,73.5
8/27/2024 4:26,73.5
8/27/2024 4:36,74.1
8/27/2024 4:46,74.2
8/27/2024 4:56,73.1
8/27/2024 5:06,73.7
8/27/2024 5:16,72.7
8/27/2024 5:26,74.1
8/27/2024 5:36,74
8/27/2024 5:46,74.3
8/27/2024 5:56,74.2
8/27/2024 6:06,74.6
8/27/2024 6:16,74.4
8/27/2024 6:26,73.5
8/27/2024 6:36,73.8
8/27/2024 6:46,72.9
8/27/2024 6:56,74.4
8/27/2024 7:06,72.9
8/27/2024 7:16,74.3
8/27/2024 7:26,74.7
8/27/2024 7:36,73.8
8/27/2024 7:46,72.3
8/27/2024 7:56,73.9
8/27/2024 8:06,72.6
8/27/2024 8:16,72.4
8/27/2024 8:26,72.2
8/27/2024 8:36,73.1
8/27/2024 8:46,72.5
8/27/2024 8:56,73.5
8/27/2024 9:06,73.1
8/27/2024 9:16,72.6
8/27/2024 9:26,73.4
8/27/2024 9:36,75
8/27/2024 9:46,74.9
8/27/2024 9:56,73.6
8/27/2024 10:06,73.7
8/27/2024 10:16,73.8
8/27/2024 10:26,73.1
8/27/2024 10:36,74.4
8/27/2024 10:46,73.4
8/27/2024 10:56,72.6
8/27/2024 11:06,75.1
8/27/2024 11:16,73.5
8/27/2024 11:26,72.6
8/27/2024 11:36,73.5
8/27/2024 11:46,72
8/27/2024 11:56,73.5
8/27/2024 12:06,72.7
8/27/2024 12:16,72.7
8/27/2024 12:26,73
8/27/2024 12:36,71.1
8/27/2024 12:46,73.1
8/27/2024 12:56,74.3
8/27/2024 13:06,73.6
8/27/2024 13:16,73.1
8/27/2024 13:26,73
8/27/2024 13:36,73.4
8/27/2024 13:46,72.7
8/27/2024 13:56,73.3
8/27/2024 14:06,72.8
8/27/2024 14:16,72.1
8/27/2024 14:26,71.5
8/27/2024 14:36,71.7
8/27/2024 14:46,72.9
8/27/2024 14:56,72.9
8/27/2024 15:06,71
8/27/2024 15:16,71.8
8/27/2024 15:26,70.3
8/27/2024 15:36,71.1
8/27/2024 15:46,73.4
8/27/2024 15:56,72.8
8/27/2024 16:06,70
8/27/2024 16:16,73.2
8/27/2024 16:26,72.8
8/27/2024 16:36,70.9
8/27/2024 16:46,72.7
8/27/2024 16:56,71.2
8/27/2024 17:06,71.3
8/27/2024 17:16,71.5
8/27/2024 17:26,71
8/27/2024 17:36,70.8
8/27/2024 17:46,70.6
8/27/2024 17:56,70.1
8/27/2024 18:06,69.5
8/27/2024 18:16,69.8
8/27/2024 18:26,70.2
8/27/2024 18:36,70.9
8/27/2024 18:46,70.4
8/27/2024 18:56,69.8
8/27/2024 19:06,71
8/27/2024 19:16,70.1
8/27/2024 19:26,70.9
8/27/2024 19:36,69.8
8/27/2024 19:46,70.6
8/27/2024 19:56,69.2
8/27/2024 20:06,69.7
8/27/2024 20:16,71.2
8/27/2024 20:26,68.6
8/27/2024 20:36,69.9
8/27/2024 20:46,69.2
8/27/2024 20:56,68.7
8/27/2024 21:06,69.8
8/27/2024 21:16,69.1
8/27/2024 21:26,69.9
8/27/2024 21:36,67
8/27/2024 21:46,68.5
8/27/2024 21:56,68.4
8/27/2024 22:06,69.5
8/27/2024 22:16,69.5
8/27/2024 22:26,68.8
8/27/2024 22:36,69.7
8/27/2024 22:46,69.4
8/27/2024 22:56,68.3
8/27/2024 23:06,69
8/27/2024 23:16,68.9
8/27/2024 23:26,70.4
8/27/2024 23:36,69.4
8/27/2024 23:46,69.3
8/27/2024 23:56,70
8/28/2024 0:06,70.1
8/28/2024 0:16,69.6
8/28/2024 0:26,67.2
8/28/2024 0:36,69.5
8/28/2024 0:46,69.3
8/28/2024 0:56,68.4
8/28/2024 1:06,68.8
8/28/2024 1:16,68.2
8/28/2024 1:26,70.2
8/28/2024 1:36,70.9
8/28/2024 1:46,69.7
8/28/2024 1:56,71
8/28/2024 2:06,69.6
8/28/2024 2:16,71.5
8/28/2024 2:26,69.9
8/28/2024 2:36,69.5
8/28/2024 2:46,69.6
8/28/2024 2:56,70.6
8/28/2024 3:06,71.5
8/28/2024 3:16,72.3
8/28/2024 3:26,71.7
8/28/2024 3:36,70.6
8/28/2024 3:46,70.7
8/28/2024 3:56,71.8
8/28/2024 4:06,72.3
8/28/2024 4:16,71.7
8/28/2024 4:26,72
8/28/2024 4:36,72.5
8/28/2024 4:46,71.7
8/28/2024 4:56,72
8/28/2024 5:06,72.5
8/28/2024 5:16,72.7
8/28/2024 5:26,71.8
8/28/2024 5:36,73.2
8/28/2024 5:46,73.8
8/28/2024 5:56,71.2
8/28/2024 6:06,72.2
8/28/2024 6:16,72.1
8/28/2024 6:26,71.5
8/28/2024 6:36,71
8/28/2024 6:46,71.4
8/28/2024 6:56,73.2
8/28/2024 7:06,72.4
8/28/2024 7:16,71.9
8/28/2024 7:26,71.7
8/28/2024 7:36,71.5
8/28/2024 7:46,72
8/28/2024 7:56,73.6
8/28/2024 8:06,72
8/28/2024 8:16,73
8/28/2024 8:26,72.9
8/28/2024 8:36,73.7
8/28/2024 8:46,73.9
8/28/2024 8:56,74.5
8/28/2024 9:06,74.3
8/28/2024 9:16,73.2
8/28/2024 9:26,72.9
8/28/2024 9:36,73.2
8/28/2024 9:46,71.2
8/28/2024 9:56,73.9
8/28/2024 10:06,74.3
8/28/2024 10:16,73.3
8/28/2024 10:26,73.7
8/28/2024 10:36,71.5
8/28/2024 10:46,72.5
8/28/2024 10:56,70.7
8/28/2024 11:06,73.2
8/28/2024 11:16,72.8
8/28/2024 11:26,72.5
8/28/2024 11:36,70.9
8/28/2024 11:46,73
8/28/2024 11:56,71.6
8/28/2024 12:06,69.9
8/28/2024 12:16,71.9
8/28/2024 12:26,71.6
8/28/2024 12:36,71.9
8/28/2024 12:46,71.2
8/28/2024 12:56,72.4
8/28/2024 13:06,70.7
8/28/2024 13:16,72.2
8/28/2024 13:26,71.8
8/28/2024 13:36,70.8
8/28/2024 13:46,73.2
8/28/2024 13:56,70.3
8/28/2024 14:06,69.5
8/28/2024 14:16,70.8
8/28/2024 14:26,70.2
8/28/2024 14:36,69.8
8/28/2024 14:46,70.7
8/28/2024 14:56,69.4
8/28/2024 15:06,70.6
8/28/2024 15:16,69.8
8/28/2024 15:26,71
8/28/2024 15:36,70.5
8/28/2024 15:46,70.5
8/28/2024 15:56,69.6
8/28/2024 16:06,69
8/28/2024 16:16,70.8
8/28/2024 16:26,69.8
8/28/2024 16:36,70.4
8/28/2024 16:46,68.8
8/28/2024 16:56,71.2
8/28/2024 17:06,71.1
8/28/2024 17:16,69.7
8/28/2024 17:26,69.9
8/28/2024 17:36,71.1
8/28/2024 17:46,69.9
8/28/2024 17:56,71.6
8/28/2024 18:06,70.2
8/28/2024 18:16,68.1
8/28/2024 18:26,71.2
8/28/2024 18:36,69.9
8/28/2024 18:46,69.8
8/28/2024 18:56,70.9
8/28/2024 19:06,68.6
8/28/2024 19:16,70
8/28/2024 19:26,69.3
8/28/2024 19:36,69.7
8/28/2024 19:46,70.1
8/28/2024 19:56,68.9
8/28/2024 20:06,70.7
8/28/2024 20:16,68.5
8/28/2024 20:26,69.3
8/28/2024 20:36,68.7
8/28/2024 20:46,68
8/28/2024 20:56,68.5
8/28/2024 21:06,68.8
8/28/2024 21:16,68.8
8/28/2024 21:26,70.5
8/28/2024 21:36,69.1
8/28/2024 21:46,68.7
8/28/2024 21:56,68.5
8/28/2024 22:06,69.9
8/28/2024 22:16,69.6
8/28/2024 22:26,68.4
8/28/2024 22:36,71.1
8/28/2024 22:46,69.2
8/28/2024 22:56,69.2
8/28/2024 23:06,67.9
8/28/2024 23:16,67.7
8/28/2024 23:26,67.3
8/28/2024 23:36,69.1
8/28/2024 23:46,69.5
8/28/2024 23:56,67.9
8/29/2024 0:06,68.8
8/29/2024 0:16,69
8/29/2024 0:26,67.8
8/29/2024 0:36,68.8
8/29/2024 0:46,69.5
8/29/2024 0:56,69.9
8/29/2024 1:06,68.9
8/29/2024 1:16,69.6
8/29/2024 1:26,67.9
8/29/2024 1:36,68.8
8/29/2024 1:46,69.9
8/29/2024 1:56,70.2
8/29/2024 2:06,70.1
8/29/2024 2:16,71.7
8/29/2024 2:26,70.5
8/29/2024 2:36,69.9
8/29/2024 2:46,70.5
8/29/2024 2:56,70.8
8/29/2024 3:06,71.1
8/29/2024 3:16,70.5
8/29/2024 3:26,69.8
8/29/2024 3:36,69.1
8/29/2024 3:46,71.1
8/29/2024 3:56,69.3
8/29/2024 4:06,70.3
8/29/2024 4:16,71.3
8/29/2024 4:26,70.6
8/29/2024 4:36,69.7
8/29/2024 4:46,70.6
8/29/2024 4:56,71.3
8/29/2024 5:06,69.4
8/29/2024 5:16,69.7
8/29/2024 5:26,71.3
8/29/2024 5:36,71.4
8/29/2024 5:46,70.9
8/29/2024 5:56,70.9
8/29/2024 6:06,69.9
8/29/2024 6:16,70
8/29/2024 6:26,70
8/29/2024 6:36,70.3
8/29/2024 6:46,70.2
8/29/2024 6:56,70.4
8/29/2024 7:06,70.1
8/29/2024 7:16,72.6
8/29/2024 7:26,71.8
8/29/2024 7:36,70.4
8/29/2024 7:46,71.7
8/29/2024 7:56,70.8
8/29/2024 8:06,70.8
8/29/2024 8:16,69.5
8/29/2024 8:26,71.7
8/29/2024 8:36,70.1
8/29/2024 8:46,71.4
8/29/2024 8:56,71
8/29/2024 9:06,71.5
8/29/2024 9:16,70.4
8/29/2024 9:26,70.8
8/29/2024 9:36,69.1
8/29/2024 9:46,70.2
8/29/2024 9:56,68.9
8/29/2024 10:06,70.5
8/29/2024 10:16,71.1
8/29/2024 10:26,69.7
8/29/2024 10:36,71.3
8/29/2024 10:46,69.8
8/29/2024 10:56,69.6
8/29/2024 11:06,69
8/29/2024 11:16,69.5
8/29/2024 11:26,69.6
8/29/2024 11:36,69.7
8/29/2024 11:46,67.9
8/29/2024 11:56,71.1
8/29/2024 12:06,68.8
8/29/2024 12:16,69.7
8/29/2024 12:26,69.3
8/29/2024 12:36,70
8/29/2024 12:46,68.5
8/29/2024 12:56,69.7
8/29/2024 13:06,67.9
8/29/2024 13:16,68.9
8/29/2024 13:26,68.9
8/29/2024 13:36,69.3
8/29/2024 13:46,67.1
8/29/2024 13:56,67.3
8/29/2024 14:06,67.2
8/29/2024 14:16,67.6
8/29/2024 14:26,69.2
8/29/2024 14:36,67.5
8/29/2024 14:46,66.8
8/29/2024 14:56,67.9
8/29/2024 15:06,66.8
8/29/2024 15:16,67
8/29/2024 15:26,67.8
8/29/2024 15:36,66.9
8/29/2024 15:46,66.2
8/29/2024 15:56,66.3
8/29/2024 16:06,63.7
8/29/2024 16:16,66.3
8/29/2024 16:26,66.8
8/29/2024 16:36,66.6
8/29/2024 16:46,65.6
8/29/2024 16:56,65.6
8/29/2024 17:06,65.7
8/29/2024 17:16,66.3
8/29/2024 17:26,66.2
8/29/2024 17:36,66.3
8/29/2024 17:46,65.6
8/29/2024 17:56,66.4
8/29/2024 18:06,65.5
8/29/2024 18:16,66.4
8/29/2024 18:26,66.8
8/29/2024 18:36,66.4
8/29/2024 18:46,65.5
8/29/2024 18:56,68
8/29/2024 19:06,68
8/29/2024 19:16,65.1
8/29/2024 19:26,67.7
8/29/2024 19:36,65.5
8/29/2024 19:46,65.7
8/29/2024 19:56,65.9
8/29/2024 20:06,66.4
8/29/2024 20:16,65.6
8/29/2024 20:26,66
8/29/2024 20:36,65.8
8/29/2024 20:46,65.4
8/29/2024 20:56,66.5
8/29/2024 21:06,64.3
8/29/2024 21:16,65
8/29/2024 21:26,68.9
8/29/2024 21:36,65.8
8/29/2024 21:46,65.7
8/29/2024 21:56,65.4
8/29/2024 22:06,63.5
8/29/2024 22:16,65.4
8/29/2024 22:26,67.8
8/29/2024 22:36,65.6
8/29/2024 22:46,64.5
8/29/2024 22:56,65.4
8/29/2024 23:06,65.4
8/29/2024 23:16,66
8/29/2024 23:26,65.1
8/29/2024 23:36,65.3
8/29/2024 23:46,63.9
8/29/2024 23:56,65.5
8/30/2024 0:06,65.7
8/30/2024 0:16,63.4
8/30/2024 0:26,63
8/30/2024 0:36,65.1
8/30/2024 0:46,65.5
8/30/2024 0:56,65.3
8/30/2024 1:06,64.5
8/30/2024 1:16,65.2
8/30/2024 1:26,65.8
8/30/2024 1:36,65
8/30/2024 1:46,66.6
8/30/2024 1:56,65.7
8/30/2024 2:06,64.9
8/30/2024 2:16,65.4
8/30/2024 2:26,65.5
8/30/2024 2:36,65.8
8/30/2024 2:46,66
8/30/2024 2:56,65.7
8/30/2024 3:06,66.4
8/30/2024 3:16,65.6
8/30/2024 3:26,65.4
8/30/2024 3:36,64.8
8/30/2024 3:46,66.3
8/30/2024 3:56,65.6
8/30/2024 4:06,66.2
8/30/2024 4:16,66.7
8/30/2024 4:26,66.7
8/30/2024 4:36,66.9
8/30/2024 4:46,66
8/30/2024 4:56,67.4
8/30/2024 5:06,68.6
8/30/2024 5:16,66.7
8/30/2024 5:26,66.2
8/30/2024 5:36,67.8
8/30/2024 5:46,67.1
8/30/2024 5:56,68.4
8/30/2024 6:06,67.6
8/30/2024 6:16,67.3
8/30/2024 6:26,66.6
8/30/2024 6:36,66.5
8/30/2024 6:46,67.3
8/30/2024 6:56,67
8/30/2024 7:06,68.5
8/30/2024 7:16,67.6
8/30/2024 7:26,67.4
8/30/2024 7:36,65.9
8/30/2024 7:46,67.5
8/30/2024 7:56,66.2
8/30/2024 8:06,67.3
8/30/2024 8:16,67.1
8/30/2024 8:26,67.6
8/30/2024 8:36,67.8
8/30/2024 8:46,67.2
8/30/2024 8:56,66.7
8/30/2024 9:06,68.3
8/30/2024 9:16,66.6
8/30/2024 9:26,66
8/30/2024 9:36,65.5
8/30/2024 9:46,66.4
8/30/2024 9:56,66.3
8/30/2024 10:06,66.6
8/30/2024 10:16,67.1
8/30/2024 10:26,66.4
8/30/2024 10:36,67
8/30/2024 10:46,66.6
8/30/2024 10:56,66.5
8/30/2024 11:06,14.4
8/30/2024 11:16,10.1
8/30/2024 11:26,74.5
8/30/2024 11:36,75.2
8/30/2024 11:46,73.5
8/30/2024 11:56,74.7
8/30/2024 12:06,73.8
8/30/2024 12:16,73.3
8/30/2024 12:26,76
8/30/2024 12:36,72.6
8/30/2024 12:46,73.1
8/30/2024 12:56,74.9
8/30/2024 13:06,75.5
8/30/2024 13:16,72.2
8/30/2024 13:26,73
8/30/2024 13:36,74.3
8/30/2024 13:46,73.3
8/30/2024 13:56,74.8
8/30/2024 14:06,74.5
8/30/2024 14:16,71.3
8/30/2024 14:26,70.8
8/30/2024 14:36,73.7
8/30/2024 14:46,74.8
8/30/2024 14:56,72.9
8/30/2024 15:06,74.8
8/30/2024 15:16,75.5
8/30/2024 15:26,73.6
8/30/2024 15:36,72.7
8/30/2024 15:46,73.6
8/30/2024 15:56,75.4
8/30/2024 16:06,75
8/30/2024 16:16,73.4
8/30/2024 16:26,74
8/30/2024 16:36,74.3
8/30/2024 16:46,72.9
8/30/2024 16:56,73.1
8/30/2024 17:06,71.3
8/30/2024 17:16,71.3
8/30/2024 17:26,69.5
8/30/2024 17:36,72.4
8/30/2024 17:46,72.2
8/30/2024 17:56,71.4
8/30/2024 18:06,73.8
8/30/2024 18:16,70
8/30/2024 18:26,70.4
8/30/2024 18:36,69.8
8/30/2024 18:46,72.9
8/30/2024 18:56,73.3
8/30/2024 19:06,72.9
8/30/2024 19:16,73.2
8/30/2024 19:26,74
8/30/2024 19:36,71.4
8/30/2024 19:46,73
8/30/2024 19:56,72.5
8/30/2024 20:06,72.7
8/30/2024 20:16,72.7
8/30/2024 20:26,73.1
8/30/2024 20:36,72.4
8/30/2024 20:46,70.1
8/30/2024 20:56,71.9
8/30/2024 21:06,72.8
8/30/2024 21:16,72.2
8/30/2024 21:26,70.6
8/30/2024 21:36,71.5
8/30/2024 21:46,68.3
8/30/2024 21:56,72
8/30/2024 22:06,72.2
8/30/2024 22:16,69
8/30/2024 22:26,71
8/30/2024 22:36,69.8
8/30/2024 22:46,68.1
8/30/2024 22:56,68.5
8/30/2024 23:06,69.6
8/30/2024 23:16,70
8/30/2024 23:26,69.5
8/30/2024 23:36,70
8/30/2024 23:46,69.3
8/30/2024 23:56,70.4
8/31/2024 0:06,69.8
8/31/2024 0:16,70.4
8/31/2024 0:26,71.3
8/31/2024 0:36,73.3
8/31/2024 0:46,69.6
8/31/2024 0:56,69.5
8/31/2024 1:06,71.3
8/31/2024 1:16,71.7
8/31/2024 1:26,71.2
8/31/2024 1:36,70.6
8/31/2024 1:46,73.1
8/31/2024 1:56,71.4
8/31/2024 2:06,70.5
8/31/2024 2:16,71.1
8/31/2024 2:26,73.1
8/31/2024 2:36,75.7
8/31/2024 2:46,72.2
8/31/2024 2:56,73.4
8/31/2024 3:06,74.2
8/31/2024 3:16,73.6
8/31/2024 3:26,72.9
8/31/2024 3:36,72.7
8/31/2024 3:46,73.9
8/31/2024 3:56,74.6
8/31/2024 4:06,75.5
8/31/2024 4:16,74.4
8/31/2024 4:26,73.9
8/31/2024 4:36,76.1
8/31/2024 4:46,75.9
8/31/2024 4:56,74.5
8/31/2024 5:06,75.1
8/31/2024 5:16,74.3
8/31/2024 5:26,74.5
8/31/2024 5:36,73.6
8/31/2024 5:46,76.7
8/31/2024 5:56,74.4
8/31/2024 6:06,74
8/31/2024 6:16,75.8
8/31/2024 6:26,73.9
8/31/2024 6:36,74.4
8/31/2024 6:46,75.4
8/31/2024 6:56,76.6
8/31/2024 7:06,74.8
8/31/2024 7:16,75.6
8/31/2024 7:26,77.4
8/31/2024 7:36,76.5
8/31/2024 7:46,74
8/31/2024 7:56,74.8
8/31/2024 8:06,74.7
8/31/2024 8:16,75.9
8/31/2024 8:26,74.6
8/31/2024 8:36,74.7
8/31/2024 8:46,74.7
8/31/2024 8:56,75.8
8/31/2024 9:06,75.8
8/31/2024 9:16,75.2
8/31/2024 9:26,75.2
8/31/2024 9:36,74.5
8/31/2024 9:46,75.9
8/31/2024 9:56,74.3
8/31/2024 10:06,77
8/31/2024 10:16,76.1
8/31/2024 10:26,73.6
8/31/2024 10:36,72.1
8/31/2024 10:46,73.7
8/31/2024 10:56,72.2
8/31/2024 11:06,73.3
8/31/2024 11:16,72.8
8/31/2024 11:26,71
8/31/2024 11:36,71.7
8/31/2024 11:46,71.4
8/31/2024 11:56,75.2
8/31/2024 12:06,73.5
8/31/2024 12:16,71.2
8/31/2024 12:26,70.5
8/31/2024 12:36,73.4
8/31/2024 12:46,75.3
8/31/2024 12:56,75.2
8/31/2024 13:06,73.5
8/31/2024 13:16,73.2
8/31/2024 13:26,71.8
8/31/2024 13:36,73.5
8/31/2024 13:46,72.2
8/31/2024 13:56,71.6
8/31/2024 14:06,71.4
8/31/2024 14:16,71.4
8/31/2024 14:26,72
8/31/2024 14:36,70.8
8/31/2024 14:46,73.9
8/31/2024 14:56,73.6
8/31/2024 15:06,73.5
8/31/2024 15:16,74.1
8/31/2024 15:26,73
8/31/2024 15:36,72.6
8/31/2024 15:46,74.9
8/31/2024 15:56,72.1
8/31/2024 16:06,74
8/31/2024 16:16,72.1
8/31/2024 16:26,73
8/31/2024 16:36,72.2
8/31/2024 16:46,69.7
8/31/2024 16:56,71.6
8/31/2024 17:06,72.5
8/31/2024 17:16,71.6
8/31/2024 17:26,70.2
8/31/2024 17:36,72.2
8/31/2024 17:46,71.7
8/31/2024 17:56,71.9
8/31/2024 18:06,69.4
8/31/2024 18:16,71.4
8/31/2024 18:26,72.4
8/31/2024 18:36,72.5
8/31/2024 18:46,72
8/31/2024 18:56,71.2
8/31/2024 19:06,72.9
8/31/2024 19:16,71
8/31/2024 19:26,71.3
8/31/2024 19:36,71.6
8/31/2024 19:46,69.5
8/31/2024 19:56,72
8/31/2024 20:06,71.3
8/31/2024 20:16,69.8
8/31/2024 20:26,70.4
8/31/2024 20:36,69.8
8/31/2024 20:46,71.6
8/31/2024 20:56,71.5
8/31/2024 21:06,70.4
8/31/2024 21:16,69.4
8/31/2024 21:26,69.4
8/31/2024 21:36,70.7
8/31/2024 21:46,70.8
8/31/2024 21:56,69.9
8/31/2024 22:06,71.2
8/31/2024 22:16,70.6
8/31/2024 22:26,69.5
8/31/2024 22:36,70
8/31/2024 22:46,69.9
8/31/2024 22:56,69.5
8/31/2024 23:06,69.6
8/31/2024 23:16,70.1
8/31/2024 23:26,69.5
8/31/2024 23:36,71.1
8/31/2024 23:46,69.6
8/31/2024 23:56,69.3
9/1/2024 0:06,69
9/1/2024 0:16,70.3
9/1/2024 0:26,70.5
9/1/2024 0:36,71.1
9/1/2024 0:46,70.5
9/1/2024 0:56,71.4
9/1/2024 1:06,72.5
9/1/2024 1:16,70.8
9/1/2024 1:26,70.5
9/1/2024 1:36,70.8
9/1/2024 1:46,66.8
9/1/2024 1:56,68.5
9/1/2024 2:06,71.3
9/1/2024 2:16,70.2
9/1/2024 2:26,70.8
9/1/2024 2:36,72.8
9/1/2024 2:46,73.1
9/1/2024 2:56,71.2
9/1/2024 3:06,73.3
9/1/2024 3:16,74.8
9/1/2024 3:26,73.8
9/1/2024 3:36,72.9
9/1/2024 3:46,71
9/1/2024 3:56,72.7
9/1/2024 4:06,72.5
9/1/2024 4:16,72.9
9/1/2024 4:26,74.8
9/1/2024 4:36,72.4
9/1/2024 4:46,74.4
9/1/2024 4:56,73.3
9/1/2024 5:06,74.1
9/1/2024 5:16,74.6
9/1/2024 5:26,72.5
9/1/2024 5:36,73.3
9/1/2024 5:46,73.3
9/1/2024 5:56,72.9
9/1/2024 6:06,73.7
9/1/2024 6:16,70.8
9/1/2024 6:26,73.6
9/1/2024 6:36,74.7
9/1/2024 6:46,72.1
9/1/2024 6:56,74.4
9/1/2024 7:06,73.2
9/1/2024 7:16,72.7
9/1/2024 7:26,72.7
9/1/2024 7:36,73
9/1/2024 7:46,72.7
9/1/2024 7:56,73.4
9/1/2024 8:06,73
9/1/2024 8:16,73.1
9/1/2024 8:26,73
9/1/2024 8:36,74.4
9/1/2024 8:46,72.1
9/1/2024 8:56,73
9/1/2024 9:06,74.6
9/1/2024 9:16,75.8
9/1/2024 9:26,75.1
9/1/2024 9:36,74.6
9/1/2024 9:46,72.7
9/1/2024 9:56,74.1
9/1/2024 10:06,72.7
9/1/2024 10:16,73.1
9/1/2024 10:26,74.3
9/1/2024 10:36,74.3
9/1/2024 10:46,71.9
9/1/2024 10:56,70.6
9/1/2024 11:06,71.6
9/1/2024 11:16,71.1
9/1/2024 11:26,71.7
9/1/2024 11:36,71.8
9/1/2024 11:46,70.6
9/1/2024 11:56,71.9
9/1/2024 12:06,71.3
9/1/2024 12:16,71.7
9/1/2024 12:26,70.3
9/1/2024 12:36,71.1
9/1/2024 12:46,70.6
9/1/2024 12:56,71.6
9/1/2024 13:06,72.2
9/1/2024 13:16,72
9/1/2024 13:26,71.3
9/1/2024 13:36,70.5
9/1/2024 13:46,69.8
9/1/2024 13:56,70
9/1/2024 14:06,68.5
9/1/2024 14:16,70.8
9/1/2024 14:26,70.2
9/1/2024 14:36,72.6
9/1/2024 14:46,71.4
9/1/2024 14:56,71.4
9/1/2024 15:06,73.7
9/1/2024 15:16,72.2
9/1/2024 15:26,71.8
9/1/2024 15:36,71.5
9/1/2024 15:46,72.5
9/1/2024 15:56,72
9/1/2024 16:06,73.6
9/1/2024 16:16,73.5
9/1/2024 16:26,71.8
9/1/2024 16:36,71.9
9/1/2024 16:46,71.3
9/1/2024 16:56,71.1
9/1/2024 17:06,70.6
9/1/2024 17:16,71.5
9/1/2024 17:26,69.7
9/1/2024 17:36,71.3
9/1/2024 17:46,71.3
9/1/2024 17:56,72.1
9/1/2024 18:06,72.6
9/1/2024 18:16,73
9/1/2024 18:26,72.9
9/1/2024 18:36,70.3
9/1/2024 18:46,70
9/1/2024 18:56,71.8
9/1/2024 19:06,73.8
9/1/2024 19:16,71.5
9/1/2024 19:26,72.4
9/1/2024 19:36,73.5
9/1/2024 19:46,71.1
9/1/2024 19:56,71
9/1/2024 20:06,72.4
9/1/2024 20:16,71.9
9/1/2024 20:26,72.3
9/1/2024 20:36,72.1
9/1/2024 20:46,72.2
9/1/2024 20:56,73.8
9/1/2024 21:06,73.4
9/1/2024 21:16,73
9/1/2024 21:26,71.3
9/1/2024 21:36,73.3
9/1/2024 21:46,71
9/1/2024 21:56,72.6
9/1/2024 22:06,71.8
9/1/2024 22:16,71.5
9/1/2024 22:26,73.3
9/1/2024 22:36,72.7
9/1/2024 22:46,71.7
9/1/2024 22:56,71.1
9/1/2024 23:06,71.6
9/1/2024 23:16,71.7
9/1/2024 23:26,72.1
9/1/2024 23:36,69.9
9/1/2024 23:46,71.2
9/1/2024 23:56,71.7
9/2/2024 0:06,71.4
9/2/2024 0:16,71.6
9/2/2024 0:26,72.2
9/2/2024 0:36,72.1
9/2/2024 0:46,73.9
9/2/2024 0:56,72.1
9/2/2024 1:06,72.8
9/2/2024 1:16,71.9
9/2/2024 1:26,70.4
9/2/2024 1:36,72.4
9/2/2024 1:46,71.8
9/2/2024 1:56,70.9
9/2/2024 2:06,72.5
9/2/2024 2:16,71.7
9/2/2024 2:26,72.3
9/2/2024 2:36,72.5
9/2/2024 2:46,74.6
9/2/2024 2:56,74.7
9/2/2024 3:06,74.3
9/2/2024 3:16,74.1
9/2/2024 3:26,73.2
9/2/2024 3:36,73.9
9/2/2024 3:46,74.3
9/2/2024 3:56,74.2
9/2/2024 4:06,73.8
9/2/2024 4:16,76
9/2/2024 4:26,73.7
9/2/2024 4:36,73.2
9/2/2024 4:46,74.5
9/2/2024 4:56,75.1
9/2/2024 5:06,73.3
9/2/2024 5:16,74.2
9/2/2024 5:26,75.6
9/2/2024 5:36,76
9/2/2024 5:46,74.6
9/2/2024 5:56,73.7
9/2/2024 6:06,73.5
9/2/2024 6:16,73.2
9/2/2024 6:26,74.5
9/2/2024 6:36,75.6
9/2/2024 6:46,74.6
9/2/2024 6:56,73.9
9/2/2024 7:06,76.4
9/2/2024 7:16,72.3
9/2/2024 7:26,74.2
9/2/2024 7:36,73.6
9/2/2024 7:46,76.1
9/2/2024 7:56,76.2
9/2/2024 8:06,74.7
9/2/2024 8:16,74.9
9/2/2024 8:26,74.8
9/2/2024 8:36,73.4
9/2/2024 8:46,75.2
9/2/2024 8:56,74.2
9/2/2024 9:06,74.6
9/2/2024 9:16,74.1
9/2/2024 9:26,73.1
9/2/2024 9:36,74.4
9/2/2024 9:46,73.8
9/2/2024 9:56,73.4
9/2/2024 10:06,72
9/2/2024 10:16,71.9
9/2/2024 10:26,73.3
9/2/2024 10:36,72.6
9/2/2024 10:46,72.1
9/2/2024 10:56,72.9
9/2/2024 11:06,72.9
9/2/2024 11:16,73.1
9/2/2024 11:26,71.9
9/2/2024 11:36,73.3
9/2/2024 11:46,73.4
9/2/2024 11:56,73.9
9/2/2024 12:06,74.4
9/2/2024 12:16,73.7
9/2/2024 12:26,73.2
9/2/2024 12:36,73.3
9/2/2024 12:46,71.9
9/2/2024 12:56,75.2
9/2/2024 13:06,72
9/2/2024 13:16,72.7
9/2/2024 13:26,72
9/2/2024 13:36,72.8
9/2/2024 13:46,72.3
9/2/2024 13:56,72.6
9/2/2024 14:06,70.9
9/2/2024 14:16,71.7
9/2/2024 14:26,72.1
9/2/2024 14:36,71.2
9/2/2024 14:46,73.3
9/2/2024 14:56,71.5
9/2/2024 15:06,71.3
9/2/2024 15:16,68.9
9/2/2024 15:26,70.4
9/2/2024 15:36,72
9/2/2024 15:46,70.4
9/2/2024 15:56,71.5
9/2/2024 16:06,71.5
9/2/2024 16:16,72.3
9/2/2024 16:26,72.3
9/2/2024 16:36,69.3
9/2/2024 16:46,69
9/2/2024 16:56,70.4
9/2/2024 17:06,71.5
9/2/2024 17:16,69.5
9/2/2024 17:26,71.6
9/2/2024 17:36,70.1
9/2/2024 17:46,71.5
9/2/2024 17:56,69.7
9/2/2024 18:06,69.7
9/2/2024 18:16,69.7
9/2/2024 18:26,69.5
9/2/2024 18:36,69.3
9/2/2024 18:46,68.1
9/2/2024 18:56,69.4
9/2/2024 19:06,69.8
9/2/2024 19:16,68.8
9/2/2024 19:26,70.3
9/2/2024 19:36,68.3
9/2/2024 19:46,69.4
9/2/2024 19:56,69.6
9/2/2024 20:06,66.5
9/2/2024 20:16,70.2
9/2/2024 20:26,68.4
9/2/2024 20:36,69.2
9/2/2024 20:46,69.9
9/2/2024 20:56,69.8
9/2/2024 21:06,70.1
9/2/2024 21:16,69.3
9/2/2024 21:26,69
9/2/2024 21:36,69.1
9/2/2024 21:46,70.2
9/2/2024 21:56,69.4
9/2/2024 22:06,71.4
9/2/2024 22:16,70.9
9/2/2024 22:26,69.9
9/2/2024 22:36,67.5
9/2/2024 22:46,69.3
9/2/2024 22:56,69
9/2/2024 23:06,68.2
9/2/2024 23:16,68
9/2/2024 23:26,67
9/2/2024 23:36,69.5
9/2/2024 23:46,68.5
9/2/2024 23:56,69.7
9/3/2024 0:06,66.9
9/3/2024 0:16,68.2
9/3/2024 0:26,70.6
9/3/2024 0:36,68
9/3/2024 0:46,69.8
9/3/2024 0:56,68.3
9/3/2024 1:06,71.7
9/3/2024 1:16,71.4
9/3/2024 1:26,69.9
9/3/2024 1:36,69.8
9/3/2024 1:46,72.1
9/3/2024 1:56,71.9
9/3/2024 2:06,70.9
9/3/2024 2:16,71.8
9/3/2024 2:26,70.6
9/3/2024 2:36,70
9/3/2024 2:46,71.3
9/3/2024 2:56,71.9
9/3/2024 3:06,72.3
9/3/2024 3:16,71.8
9/3/2024 3:26,71.3
9/3/2024 3:36,72.9
9/3/2024 3:46,71.1
9/3/2024 3:56,72.1
9/3/2024 4:06,71.7
9/3/2024 4:16,71.9
9/3/2024 4:26,73.8
9/3/2024 4:36,72.1
9/3/2024 4:46,73.1
9/3/2024 4:56,70.3
9/3/2024 5:06,71.5
9/3/2024 5:16,72.8
9/3/2024 5:26,73.2
9/3/2024 5:36,72.9
9/3/2024 5:46,72.6
9/3/2024 5:56,73.6
9/3/2024 6:06,72.9
9/3/2024 6:16,72
9/3/2024 6:26,72.7
9/3/2024 6:36,72.2
9/3/2024 6:46,73.4
9/3/2024 6:56,69.5
9/3/2024 7:06,70.5
9/3/2024 7:16,72.6
9/3/2024 7:26,71.6
9/3/2024 7:36,72.2
9/3/2024 7:46,72.3
9/3/2024 7:56,72.3
9/3/2024 8:06,73.2
9/3/2024 8:16,71.4
9/3/2024 8:26,71.5
9/3/2024 8:36,71.3
9/3/2024 8:46,72.3
9/3/2024 8:56,71.8
9/3/2024 9:06,73.4
9/3/2024 9:16,72
9/3/2024 9:26,71.7
9/3/2024 9:36,71.6
9/3/2024 9:46,71.3
9/3/2024 9:56,70.5
9/3/2024 10:06,71
9/3/2024 10:16,71.6
9/3/2024 10:26,69.4
9/3/2024 10:36,71.9
9/3/2024 10:46,69.4
9/3/2024 10:56,70.7
9/3/2024 11:06,71
9/3/2024 11:16,71.8
9/3/2024 11:26,68.8
9/3/2024 11:36,71.5
9/3/2024 11:46,69.8
9/3/2024 11:56,69.2
9/3/2024 12:06,69
9/3/2024 12:16,71.2
9/3/2024 12:26,69.9
9/3/2024 12:36,71.7
9/3/2024 12:46,70.6
9/3/2024 12:56,68.4
9/3/2024 13:06,71.2
9/3/2024 13:16,72.1
9/3/2024 13:26,69.5
9/3/2024 13:36,67.9
9/3/2024 13:46,69.9
9/3/2024 13:56,68.9
9/3/2024 14:06,68.9
9/3/2024 14:16,69.4
9/3/2024 14:26,69.1
9/3/2024 14:36,69.6
9/3/2024 14:46,70.4
9/3/2024 14:56,69.6
9/3/2024 15:06,69.2
9/3/2024 15:16,70.1
9/3/2024 15:26,67.8
9/3/2024 15:36,68.7
9/3/2024 15:46,69.7
9/3/2024 15:56,68.6
9/3/2024 16:06,70.4
9/3/2024 16:16,70.5
9/3/2024 16:26,69.6
9/3/2024 16:36,68
9/3/2024 16:46,67.9
9/3/2024 16:56,67.8
9/3/2024 17:06,69.6
9/3/2024 17:16,68.8
9/3/2024 17:26,69.8
9/3/2024 17:36,68.5
9/3/2024 17:46,70.9
9/3/2024 17:56,69.8
9/3/2024 18:06,68.8
9/3/2024 18:16,69.8
9/3/2024 18:26,67.9
9/3/2024 18:36,69
9/3/2024 18:46,68.9
9/3/2024 18:56,68.4
9/3/2024 19:06,66.4
9/3/2024 19:16,68
9/3/2024 19:26,66.6
9/3/2024 19:36,68.7
9/3/2024 19:46,67.2
9/3/2024 19:56,66.7
9/3/2024 20:06,66.6
9/3/2024 20:16,68.1
9/3/2024 20:26,67
9/3/2024 20:36,66.2
9/3/2024 20:46,67.2
9/3/2024 20:56,68.3
9/3/2024 21:06,68.9
9/3/2024 21:16,69.1
9/3/2024 21:26,68.3
9/3/2024 21:36,69.9
9/3/2024 21:46,70.2
9/3/2024 21:56,69.5
9/3/2024 22:06,67.8
9/3/2024 22:16,66.9
9/3/2024 22:26,68.2
9/3/2024 22:36,69.6
9/3/2024 22:46,67.4
9/3/2024 22:56,68.3
9/3/2024 23:06,66.8
9/3/2024 23:16,68.6
9/3/2024 23:26,68.5
9/3/2024 23:36,67.4
9/3/2024 23:46,66.7
9/3/2024 23:56,68.6
9/4/2024 0:06,65.5
9/4/2024 0:16,65.6
9/4/2024 0:26,69.1
9/4/2024 0:36,67.4
9/4/2024 0:46,67.2
9/4/2024 0:56,67.8
9/4/2024 1:06,68.4
9/4/2024 1:16,66.8
9/4/2024 1:26,70.1
9/4/2024 1:36,67.7
9/4/2024 1:46,68.8
9/4/2024 1:56,69.4
9/4/2024 2:06,71.2
9/4/2024 2:16,70.6
9/4/2024 2:26,70.3
9/4/2024 2:36,69
9/4/2024 2:46,69.8
9/4/2024 2:56,70.4
9/4/2024 3:06,71.1
9/4/2024 3:16,69.9
9/4/2024 3:26,70.6
9/4/2024 3:36,68.6
9/4/2024 3:46,70.6
9/4/2024 3:56,71.1
9/4/2024 4:06,70.6
9/4/2024 4:16,71.4
9/4/2024 4:26,73.8
9/4/2024 4:36,70.9
9/4/2024 4:46,70.8
9/4/2024 4:56,69.9
9/4/2024 5:06,69.7
9/4/2024 5:16,70.9
9/4/2024 5:26,71
9/4/2024 5:36,71.3
9/4/2024 5:46,71
9/4/2024 5:56,70.7
9/4/2024 6:06,70.5
9/4/2024 6:16,71.5
9/4/2024 6:26,70.4
9/4/2024 6:36,69.9
9/4/2024 6:46,70.8
9/4/2024 6:56,71
9/4/2024 7:06,71.2
9/4/2024 7:16,71.7
9/4/2024 7:26,71.1
9/4/2024 7:36,71.7
9/4/2024 7:46,69.5
9/4/2024 7:56,70.7
9/4/2024 8:06,68.9
9/4/2024 8:16,72.3
9/4/2024 8:26,72.4
9/4/2024 8:36,70.1
9/4/2024 8:46,72.1
9/4/2024 8:56,70.3
9/4/2024 9:06,71.4
9/4/2024 9:16,70.5
9/4/2024 9:26,71.1
9/4/2024 9:36,70.5
9/4/2024 9:46,70.4
9/4/2024 9:56,69.7
9/4/2024 10:06,69.7
9/4/2024 10:16,70.3
9/4/2024 10:26,68.6
9/4/2024 10:36,69.4
9/4/2024 10:46,66.8
9/4/2024 10:56,68.7
9/4/2024 11:06,69
9/4/2024 11:16,68.3
9/4/2024 11:26,68.4
9/4/2024 11:36,69
9/4/2024 11:46,68.4
9/4/2024 11:56,68.4
9/4/2024 12:06,69.8
9/4/2024 12:16,69.3
9/4/2024 12:26,69.5
9/4/2024 12:36,69.2
9/4/2024 12:46,71.1
9/4/2024 12:56,70.3
9/4/2024 13:06,69.6
9/4/2024 13:16,70.1
9/4/2024 13:26,67.2
9/4/2024 13:36,69
9/4/2024 13:46,69.2
9/4/2024 13:56,68.4
9/4/2024 14:06,68.4
9/4/2024 14:16,67.4
9/4/2024 14:26,68.7
9/4/2024 14:36,66.7
9/4/2024 14:46,69.1
9/4/2024 14:56,67.5
9/4/2024 15:06,68.8
9/4/2024 15:16,67.8
9/4/2024 15:26,65.1
9/4/2024 15:36,67.9
9/4/2024 15:46,69
9/4/2024 15:56,66.7
9/4/2024 16:06,68.4
9/4/2024 16:16,68.5
9/4/2024 16:26,67.1
9/4/2024 16:36,68.2
9/4/2024 16:46,68.7
9/4/2024 16:56,68.1
9/4/2024 17:06,68.2
9/4/2024 17:16,68.4
9/4/2024 17:26,69.1
9/4/2024 17:36,67.4
9/4/2024 17:46,66.7
9/4/2024 17:56,68.5
9/4/2024 18:06,67.6
9/4/2024 18:16,68
9/4/2024 18:26,67.4
9/4/2024 18:36,68.3
9/4/2024 18:46,68.1
9/4/2024 18:56,67.4
9/4/2024 19:06,68.6
9/4/2024 19:16,66.7
9/4/2024 19:26,65.8
9/4/2024 19:36,67.7
9/4/2024 19:46,67.4
9/4/2024 19:56,67.4
9/4/2024 20:06,67.7
9/4/2024 20:16,65.9
9/4/2024 20:26,66.7
9/4/2024 20:36,66.4
9/4/2024 20:46,66.4
9/4/2024 20:56,66.1
9/4/2024 21:06,66.4
9/4/2024 21:16,66.8
9/4/2024 21:26,66.2
9/4/2024 21:36,66.2
9/4/2024 21:46,65.8
9/4/2024 21:56,67.6
9/4/2024 22:06,66.2
9/4/2024 22:16,66.2
9/4/2024 22:26,67
9/4/2024 22:36,65.8
9/4/2024 22:46,65.7
9/4/2024 22:56,65.9
9/4/2024 23:06,66.2
9/4/2024 23:16,66
9/4/2024 23:26,65.1
9/4/2024 23:36,66.1
9/4/2024 23:46,65.9
9/4/2024 23:56,66.3
9/5/2024 0:06,67.4
9/5/2024 0:16,66.3
9/5/2024 0:26,67.7
9/5/2024 0:36,66.2
9/5/2024 0:46,66.3
9/5/2024 0:56,66.1
9/5/2024 1:06,66.7
9/5/2024 1:16,68.7
9/5/2024 1:26,64.6
9/5/2024 1:36,65.3
9/5/2024 1:46,66.7
9/5/2024 1:56,65.8
9/5/2024 2:06,65.9
9/5/2024 2:16,69.2
9/5/2024 2:26,68.2
9/5/2024 2:36,69.2
9/5/2024 2:46,68.2
9/5/2024 2:56,68.7
9/5/2024 3:06,69.8
9/5/2024 3:16,69.8
9/5/2024 3:26,68.7
9/5/2024 3:36,70.5
9/5/2024 3:46,70.1
9/5/2024 3:56,71
9/5/2024 4:06,70.2
9/5/2024 4:16,70
9/5/2024 4:26,69.2
9/5/2024 4:36,71.6
9/5/2024 4:46,68.8
9/5/2024 4:56,69.7
9/5/2024 5:06,69.8
9/5/2024 5:16,69.4
9/5/2024 5:26,70.9
9/5/2024 5:36,71
9/5/2024 5:46,69.2
9/5/2024 5:56,71
9/5/2024 6:06,70.8
9/5/2024 6:16,70.8
9/5/2024 6:26,70.6
9/5/2024 6:36,70.7
9/5/2024 6:46,69.6
9/5/2024 6:56,70.1
9/5/2024 7:06,70.5
9/5/2024 7:16,71.5
9/5/2024 7:26,70.1
9/5/2024 7:36,70
9/5/2024 7:46,70.5
9/5/2024 7:56,69.1
9/5/2024 8:06,71.2
9/5/2024 8:16,70.6
9/5/2024 8:26,71.5
9/5/2024 8:36,68
9/5/2024 8:46,67.7
9/5/2024 8:56,70.5
9/5/2024 9:06,68.3
9/5/2024 9:16,69.4
9/5/2024 9:26,68.8
9/5/2024 9:36,67.6
9/5/2024 9:46,67.9
9/5/2024 9:56,69.8
9/5/2024 10:06,69.3
9/5/2024 10:16,68.8
9/5/2024 10:26,68.2
9/5/2024 10:36,66.8
9/5/2024 10:46,66.4
9/5/2024 10:56,67.4
9/5/2024 11:06,68.3
9/5/2024 11:16,69.8
9/5/2024 11:26,69.6
9/5/2024 11:36,68.7
9/5/2024 11:46,69.8
9/5/2024 11:56,68.1
9/5/2024 12:06,67.3
9/5/2024 12:16,68.9
9/5/2024 12:26,67.9
9/5/2024 12:36,68.2
9/5/2024 12:46,67.9
9/5/2024 12:56,68.4
9/5/2024 13:06,66.3
9/5/2024 13:16,68
9/5/2024 13:26,68.7
9/5/2024 13:36,67
9/5/2024 13:46,68
9/5/2024 13:56,67.4
9/5/2024 14:06,69.1
9/5/2024 14:16,68
9/5/2024 14:26,66.9
9/5/2024 14:36,65
9/5/2024 14:46,67.3
9/5/2024 14:56,66.5
9/5/2024 15:06,64.7
9/5/2024 15:16,67.1
9/5/2024 15:26,67
9/5/2024 15:36,65.8
9/5/2024 15:46,64.9
9/5/2024 15:56,65.9
9/5/2024 16:06,66.2
9/5/2024 16:16,67.1
9/5/2024 16:26,68.3
9/5/2024 16:36,66.3
9/5/2024 16:46,67.6
9/5/2024 16:56,66.2
9/5/2024 17:06,68.3
9/5/2024 17:16,65.3
9/5/2024 17:26,66.6
9/5/2024 17:36,65.5
9/5/2024 17:46,66.3
9/5/2024 17:56,66.6
9/5/2024 18:06,65.1
9/5/2024 18:16,66.6
9/5/2024 18:26,66
9/5/2024 18:36,65.3
9/5/2024 18:46,65.5
9/5/2024 18:56,63.5
9/5/2024 19:06,65.3
9/5/2024 19:16,66.6
9/5/2024 19:26,66.3
9/5/2024 19:36,64.8
9/5/2024 19:46,65.9
9/5/2024 19:56,65.8
9/5/2024 20:06,67.1
9/5/2024 20:16,64
9/5/2024 20:26,66.3
9/5/2024 20:36,65.7
9/5/2024 20:46,64.7
9/5/2024 20:56,64.2
9/5/2024 21:06,67.1
9/5/2024 21:16,64.2
9/5/2024 21:26,64.1
9/5/2024 21:36,62.6
9/5/2024 21:46,64.4
9/5/2024 21:56,65.2
9/5/2024 22:06,64.2
9/5/2024 22:16,64.9
9/5/2024 22:26,65.2
9/5/2024 22:36,63.5
9/5/2024 22:46,65.4
9/5/2024 22:56,65.5
9/5/2024 23:06,65.8
9/5/2024 23:16,65
9/5/2024 23:26,66.2
9/5/2024 23:36,64.3
9/5/2024 23:46,66
9/5/2024 23:56,67.4
9/6/2024 0:06,65.9
9/6/2024 0:16,65.3
9/6/2024 0:26,65.6
9/6/2024 0:36,64.9
9/6/2024 0:46,65.5
9/6/2024 0:56,67.3
9/6/2024 1:06,64.6
9/6/2024 1:16,65.7
9/6/2024 1:26,67.4
9/6/2024 1:36,67
9/6/2024 1:46,65.7
9/6/2024 1:56,67.4
9/6/2024 2:06,67.6
9/6/2024 2:16,66.7
9/6/2024 2:26,67.3
9/6/2024 2:36,67.5
9/6/2024 2:46,67.6
9/6/2024 2:56,68.4
9/6/2024 3:06,66.7
9/6/2024 3:16,68.4
9/6/2024 3:26,67.1
9/6/2024 3:36,67.6
9/6/2024 3:46,66.6
9/6/2024 3:56,67.1
9/6/2024 4:06,66
9/6/2024 4:16,68.1
9/6/2024 4:26,67.8
9/6/2024 4:36,68.3
9/6/2024 4:46,65.3
9/6/2024 4:56,66.6
9/6/2024 5:06,68.1
9/6/2024 5:16,67.3
9/6/2024 5:26,68.6
9/6/2024 5:36,67.4
9/6/2024 5:46,68
9/6/2024 5:56,68.1
9/6/2024 6:06,69.1
9/6/2024 6:16,68
9/6/2024 6:26,67.5
9/6/2024 6:36,67.7
9/6/2024 6:46,67.7
9/6/2024 6:56,66.6
9/6/2024 7:06,66.7
9/6/2024 7:16,68.5
9/6/2024 7:26,67.5
9/6/2024 7:36,67.9
9/6/2024 7:46,67.3
9/6/2024 7:56,68.7
9/6/2024 8:06,69.1
9/6/2024 8:16,68.5
9/6/2024 8:26,68
9/6/2024 8:36,67.4
9/6/2024 8:46,66.6
9/6/2024 8:56,68.3
9/6/2024 9:06,67.9
9/6/2024 9:16,66
9/6/2024 9:26,67
9/6/2024 9:36,66.5
9/6/2024 9:46,66.2
9/6/2024 9:56,68.7
9/6/2024 10:06,66.9
9/6/2024 10:16,66.9
9/6/2024 10:26,67.3
9/6/2024 10:36,66.6
9/6/2024 10:46,65.1
9/6/2024 10:56,65.2
9/6/2024 11:06,66.2
9/6/2024 11:16,66.8
9/6/2024 11:26,66.1
9/6/2024 11:36,67.5
9/6/2024 11:46,68.1
9/6/2024 11:56,66.4
9/6/2024 12:06,67
9/6/2024 12:16,68.9
9/6/2024 12:26,68
9/6/2024 12:36,67.2
9/6/2024 12:46,64.9
9/6/2024 12:56,66.1
9/6/2024 13:06,67.3
9/6/2024 13:16,67.3
9/6/2024 13:26,66.4
9/6/2024 13:36,65.3
9/6/2024 13:46,66.7
9/6/2024 13:56,66.6
9/6/2024 14:06,66.6
9/6/2024 14:16,66
9/6/2024 14:26,66.4
9/6/2024 14:36,65.9
9/6/2024 14:46,64.8
9/6/2024 14:56,65.3
9/6/2024 15:06,66.5
9/6/2024 15:16,67.9
9/6/2024 15:26,65.3
9/6/2024 15:36,64.5
9/6/2024 15:46,64.7
9/6/2024 15:56,66.6
9/6/2024 16:06,65.2
9/6/2024 16:16,67.1
9/6/2024 16:26,66.1
9/6/2024 16:36,66.4
9/6/2024 16:46,65.2
9/6/2024 16:56,66.4
9/6/2024 17:06,66
9/6/2024 17:16,67.9
9/6/2024 17:26,65.1
9/6/2024 17:36,64.3
9/6/2024 17:46,66.6
9/6/2024 17:56,65.5
9/6/2024 18:06,66
9/6/2024 18:16,64.4
9/6/2024 18:26,66.8
9/6/2024 18:36,67
9/6/2024 18:46,63.9
9/6/2024 18:56,65.6
9/6/2024 19:06,66.2
9/6/2024 19:16,66.6
9/6/2024 19:26,66
9/6/2024 19:36,66
9/6/2024 19:46,64.7
9/6/2024 19:56,65.3
9/6/2024 20:06,66.4
9/6/2024 20:16,65.9
9/6/2024 20:26,67
9/6/2024 20:36,67
9/6/2024 20:46,65.6
9/6/2024 20:56,66.5
9/6/2024 21:06,66.5
9/6/2024 21:16,64.3
9/6/2024 21:26,66
9/6/2024 21:36,65
9/6/2024 21:46,66.1
9/6/2024 21:56,66.6
9/6/2024 22:06,65.1
9/6/2024 22:16,66.4
9/6/2024 22:26,65.9
9/6/2024 22:36,66.2
9/6/2024 22:46,66.8
9/6/2024 22:56,67.1
9/6/2024 23:06,66.6
9/6/2024 23:16,67.3
9/6/2024 23:26,66.9
9/6/2024 23:36,67
9/6/2024 23:46,66.3
9/6/2024 23:56,67.4
9/7/2024 0:06,67.4
9/7/2024 0:16,66.9
9/7/2024 0:26,66.8
9/7/2024 0:36,67.2
9/7/2024 0:46,67.7
9/7/2024 0:56,67.4
9/7/2024 1:06,67.3
9/7/2024 1:16,70.1
9/7/2024 1:26,68.5
9/7/2024 1:36,69.1
9/7/2024 1:46,66.2
9/7/2024 1:56,69.4
9/7/2024 2:06,68
9/7/2024 2:16,68.6
9/7/2024 2:26,68.2
9/7/2024 2:36,68.3
9/7/2024 2:46,67.8
9/7/2024 2:56,68.3
9/7/2024 3:06,69.3
9/7/2024 3:16,68.9
9/7/2024 3:26,69
9/7/2024 3:36,68.9
9/7/2024 3:46,68.3
9/7/2024 3:56,68.8
9/7/2024 4:06,69.9
9/7/2024 4:16,69.2
9/7/2024 4:26,67.5
9/7/2024 4:36,70.4
9/7/2024 4:46,69.5
9/7/2024 4:56,68.9
9/7/2024 5:06,69.8
9/7/2024 5:16,70.1
9/7/2024 5:26,70
9/7/2024 5:36,68.5
9/7/2024 5:46,67.4
9/7/2024 5:56,69.6
9/7/2024 6:06,68.9
9/7/2024 6:16,69.1
9/7/2024 6:26,68.2
9/7/2024 6:36,69.8
9/7/2024 6:46,68.3
9/7/2024 6:56,67.1
9/7/2024 7:06,68.2
9/7/2024 7:16,68.9
9/7/2024 7:26,67.8
9/7/2024 7:36,67.8
9/7/2024 7:46,69.5
9/7/2024 7:56,66.2
9/7/2024 8:06,68.8
9/7/2024 8:16,68.7
9/7/2024 8:26,68.6
9/7/2024 8:36,66.3
9/7/2024 8:46,67.4
9/7/2024 8:56,68.4
9/7/2024 9:06,66.3
9/7/2024 9:16,66.8
9/7/2024 9:26,67.7
9/7/2024 9:36,68.1
9/7/2024 9:46,68.4
9/7/2024 9:56,67.7
9/7/2024 10:06,68.4
9/7/2024 10:16,65.9
9/7/2024 10:26,67.4
9/7/2024 10:36,68.3
9/7/2024 10:46,65.9
9/7/2024 10:56,67.3
9/7/2024 11:06,66.6
9/7/2024 11:16,66.2
9/7/2024 11:26,67.3
9/7/2024 11:36,66.3
9/7/2024 11:46,67.8
9/7/2024 11:56,67.6
9/7/2024 12:06,66.4
9/7/2024 12:16,69.1
9/7/2024 12:26,66.5
9/7/2024 12:36,67.9
9/7/2024 12:46,67.4
9/7/2024 12:56,67.3
9/7/2024 13:06,67.7
9/7/2024 13:16,66.2
9/7/2024 13:26,67.1
9/7/2024 13:36,67.1
9/7/2024 13:46,67.5
9/7/2024 13:56,66.9
9/7/2024 14:06,66.7
9/7/2024 14:16,66.4
9/7/2024 14:26,66.8
9/7/2024 14:36,66.3
9/7/2024 14:46,66.7
9/7/2024 14:56,65.8
9/7/2024 15:06,64.8
9/7/2024 15:16,65.2
9/7/2024 15:26,65.6
9/7/2024 15:36,64.3
9/7/2024 15:46,65.2
9/7/2024 15:56,65.4
9/7/2024 16:06,65.5
9/7/2024 16:16,65.1
9/7/2024 16:26,67.3
9/7/2024 16:36,64
9/7/2024 16:46,65.9
9/7/2024 16:56,68.4
9/7/2024 17:06,67.4
9/7/2024 17:16,64.9
9/7/2024 17:26,66.8
9/7/2024 17:36,64.9
9/7/2024 17:46,66.4
9/7/2024 17:56,65.8
9/7/2024 18:06,66.2
9/7/2024 18:16,66.9
9/7/2024 18:26,67.5
9/7/2024 18:36,66.3
9/7/2024 18:46,66.3
9/7/2024 18:56,63.4
9/7/2024 19:06,65.2
9/7/2024 19:16,63.8
9/7/2024 19:26,64.9
9/7/2024 19:36,64.6
9/7/2024 19:46,65.7
9/7/2024 19:56,65
9/7/2024 20:06,64.3
9/7/2024 20:16,65.2
9/7/2024 20:26,63.6
9/7/2024 20:36,65.3
9/7/2024 20:46,64.8
9/7/2024 20:56,66.1
9/7/2024 21:06,65.7
9/7/2024 21:16,65
9/7/2024 21:26,64.2
9/7/2024 21:36,63.8
9/7/2024 21:46,63.4
9/7/2024 21:56,65.2
9/7/2024 22:06,64.2
9/7/2024 22:16,64.8
9/7/2024 22:26,64.6
9/7/2024 22:36,65.4
9/7/2024 22:46,64.4
9/7/2024 22:56,65.6
9/7/2024 23:06,65.4
9/7/2024 23:16,64.6
9/7/2024 23:26,63.9
9/7/2024 23:36,63.4
9/7/2024 23:46,64.2
9/7/2024 23:56,63.9
9/8/2024 0:06,62.5
9/8/2024 0:16,64.1
9/8/2024 0:26,64.2
9/8/2024 0:36,64.4
9/8/2024 0:46,63.5
9/8/2024 0:56,64.8
9/8/2024 1:06,63.1
9/8/2024 1:16,64.6
9/8/2024 1:26,66.2
9/8/2024 1:36,65.3
9/8/2024 1:46,64.3
9/8/2024 1:56,64.5
9/8/2024 2:06,64.4
9/8/2024 2:16,64.8
9/8/2024 2:26,65.7
9/8/2024 2:36,65.8
9/8/2024 2:46,66.2
9/8/2024 2:56,66.4
9/8/2024 3:06,66
9/8/2024 3:16,65.1
9/8/2024 3:26,66.3
9/8/2024 3:36,65.1
9/8/2024 3:46,65.7
9/8/2024 3:56,66
9/8/2024 4:06,66.1
9/8/2024 4:16,66.6
9/8/2024 4:26,66
9/8/2024 4:36,66.4
9/8/2024 4:46,65
9/8/2024 4:56,66
9/8/2024 5:06,66.1
9/8/2024 5:16,66.2
9/8/2024 5:26,66.5
9/8/2024 5:36,66.4
9/8/2024 5:46,66.2
9/8/2024 5:56,65.3
9/8/2024 6:06,66.2
9/8/2024 6:16,66.6
9/8/2024 6:26,65.8
9/8/2024 6:36,66.8
9/8/2024 6:46,66
9/8/2024 6:56,65.1
9/8/2024 7:06,65.4
9/8/2024 7:16,67.9
9/8/2024 7:26,67.7
9/8/2024 7:36,66.9
9/8/2024 7:46,67.5
9/8/2024 7:56,66.8
9/8/2024 8:06,66.3
9/8/2024 8:16,67.3
9/8/2024 8:26,66.7
9/8/2024 8:36,66.4
9/8/2024 8:46,65.9
9/8/2024 8:56,66.4
9/8/2024 9:06,64.6
9/8/2024 9:16,67.7
9/8/2024 9:26,63.6
9/8/2024 9:36,65
9/8/2024 9:46,66.5
9/8/2024 9:56,65.8
9/8/2024 10:06,65.7
9/8/2024 10:16,65.1
9/8/2024 10:26,66.6
9/8/2024 10:36,64.9
9/8/2024 10:46,65.3
9/8/2024 10:56,65.9
9/8/2024 11:06,65.9
9/8/2024 11:16,66.8
9/8/2024 11:26,64.8
9/8/2024 11:36,65.6
9/8/2024 11:46,65.4
9/8/2024 11:56,67
9/8/2024 12:06,66.2
9/8/2024 12:16,65.4
9/8/2024 12:26,66.3
9/8/2024 12:36,65.9
9/8/2024 12:46,66.8
9/8/2024 12:56,65.3
9/8/2024 13:06,65.6
9/8/2024 13:16,66.5
9/8/2024 13:26,65.9
9/8/2024 13:36,67.4
9/8/2024 13:46,63.6
9/8/2024 13:56,65.3
9/8/2024 14:06,64.5
9/8/2024 14:16,64.6
9/8/2024 14:26,63.2
9/8/2024 14:36,64.5
9/8/2024 14:46,65.1
9/8/2024 14:56,63.2
9/8/2024 15:06,65.2
9/8/2024 15:16,63.5
9/8/2024 15:26,65.4
9/8/2024 15:36,63.3
9/8/2024 15:46,62.9
9/8/2024 15:56,64
9/8/2024 16:06,62.3
9/8/2024 16:16,62.7
9/8/2024 16:26,62.8
9/8/2024 16:36,63.2
9/8/2024 16:46,64.9
9/8/2024 16:56,64
9/8/2024 17:06,64.9
9/8/2024 17:16,63.7
9/8/2024 17:26,65.3
9/8/2024 17:36,65.5
9/8/2024 17:46,63.6
9/8/2024 17:56,64.2
9/8/2024 18:06,64.2
9/8/2024 18:16,64.1
9/8/2024 18:26,64.4
9/8/2024 18:36,64.9
9/8/2024 18:46,64
9/8/2024 18:56,63.7
9/8/2024 19:06,65.2
9/8/2024 19:16,62.7
9/8/2024 19:26,63.9
9/8/2024 19:36,63
9/8/2024 19:46,64.4
9/8/2024 19:56,64.8
9/8/2024 20:06,64.7
9/8/2024 20:16,64
9/8/2024 20:26,62.4
9/8/2024 20:36,62.5
9/8/2024 20:46,62.9
9/8/2024 20:56,62.7
9/8/2024 21:06,62.7
9/8/2024 21:16,61.9
9/8/2024 21:26,63.1
9/8/2024 21:46,65.2
9/8/2024 21:56,62.7
9/8/2024 22:06,62.9
9/8/2024 22:16,61.4
9/8/2024 22:26,63.5
9/8/2024 22:36,62.4
9/8/2024 22:46,63.4
9/8/2024 22:56,63.1
9/8/2024 23:06,62.3
9/8/2024 23:16,61.3
9/8/2024 23:26,61.4
9/8/2024 23:36,62.1
9/8/2024 23:46,62.7
9/8/2024 23:56,62.2
9/9/2024 0:06,62
9/9/2024 0:16,62.1
9/9/2024 0:26,63.9
9/9/2024 0:36,62.5
9/9/2024 0:46,63.8
9/9/2024 0:56,62.3
9/9/2024 1:06,63.2
9/9/2024 1:16,61.8
9/9/2024 1:26,62
9/9/2024 1:36,60.6
9/9/2024 1:46,62.8
9/9/2024 1:56,62.4
9/9/2024 2:06,64.5
9/9/2024 2:16,64.2
9/9/2024 2:26,63.9
9/9/2024 2:36,63.2
9/9/2024 2:46,64.4
9/9/2024 2:56,63.3
9/9/2024 3:06,65.8
9/9/2024 3:16,64.4
9/9/2024 3:26,64.1
9/9/2024 3:36,64.4
9/9/2024 3:46,63.2
9/9/2024 3:56,64.7
9/9/2024 4:06,63.4
9/9/2024 4:16,65.4
9/9/2024 4:26,65.1
9/9/2024 4:36,66.1
9/9/2024 4:46,65.1
9/9/2024 4:56,65.2
9/9/2024 5:06,66.7
9/9/2024 5:16,64
9/9/2024 5:26,66.7
9/9/2024 5:36,64.4
9/9/2024 5:46,64.6
9/9/2024 5:56,66.3
9/9/2024 6:06,64.9
9/9/2024 6:16,65.4
9/9/2024 6:26,66.7
9/9/2024 6:36,64.6
9/9/2024 6:46,66.6
9/9/2024 6:56,67.4
9/9/2024 7:06,66.6
9/9/2024 7:16,64.2
9/9/2024 7:26,66.4
9/9/2024 7:36,64.9
9/9/2024 7:46,66
9/9/2024 7:56,67
9/9/2024 8:06,66.2
9/9/2024 8:16,65.7
9/9/2024 8:26,64.7
9/9/2024 8:36,64.2
9/9/2024 8:46,65.4
9/9/2024 8:56,64
9/9/2024 9:06,65
9/9/2024 9:16,66.5
9/9/2024 9:26,65.5
9/9/2024 9:36,64.3
9/9/2024 9:46,64.1
9/9/2024 9:56,65.6
9/9/2024 10:06,65.3
9/9/2024 10:16,65
9/9/2024 10:26,64.5
9/9/2024 10:36,63.5
9/9/2024 10:46,65.4
9/9/2024 10:56,65.3
9/9/2024 11:06,64.9
9/9/2024 11:16,63.2
9/9/2024 11:26,64.3
9/9/2024 11:36,63.4
9/9/2024 11:46,64.3
9/9/2024 11:56,64.4
9/9/2024 12:06,65.1
9/9/2024 12:16,64.2
9/9/2024 12:26,64.6
9/9/2024 12:36,65
9/9/2024 12:46,64.9
9/9/2024 12:56,65.2
9/9/2024 13:06,63.8
9/9/2024 13:16,64
9/9/2024 13:26,63.2
9/9/2024 13:36,63.2
9/9/2024 13:46,63.7
9/9/2024 13:56,64.3
9/9/2024 14:06,64.4
9/9/2024 14:16,63.1
9/9/2024 14:26,63.4
9/9/2024 14:36,64.4
9/9/2024 14:46,64
9/9/2024 14:56,63
9/9/2024 15:06,64.1
9/9/2024 15:16,61.2
9/9/2024 15:26,61.9
9/9/2024 15:36,61.8
9/9/2024 15:46,63
9/9/2024 15:56,63.4
9/9/2024 16:06,61.5
9/9/2024 16:16,63
9/9/2024 16:26,62.5
9/9/2024 16:36,61.7
9/9/2024 16:46,61.8
9/9/2024 16:56,61.8
9/9/2024 17:06,61.4
9/9/2024 17:16,63
9/9/2024 17:26,62.2
9/9/2024 17:36,63.3
9/9/2024 17:46,62.2
9/9/2024 17:56,62.4
9/9/2024 18:06,63.2
9/9/2024 18:16,62.3
9/9/2024 18:26,64.5
9/9/2024 18:36,62.8
9/9/2024 18:46,62.3
9/9/2024 18:56,61.7
9/9/2024 19:06,61.8
9/9/2024 19:16,61.8
9/9/2024 19:26,61.3
9/9/2024 19:36,61.9
9/9/2024 19:46,61.8
9/9/2024 19:56,62
9/9/2024 20:06,61.4
9/9/2024 20:16,63.9
9/9/2024 20:26,62.7
9/9/2024 20:36,63.2
9/9/2024 20:46,62.3
9/9/2024 20:56,61.1
9/9/2024 21:06,60.4
9/9/2024 21:16,62.9
9/9/2024 21:26,60.8
9/9/2024 21:36,63.2
9/9/2024 21:46,59.8
9/9/2024 21:56,62.1
9/9/2024 22:06,61.4
9/9/2024 22:16,61.3
9/9/2024 22:26,62
9/9/2024 22:36,61.6
9/9/2024 22:46,61.5
9/9/2024 22:56,61.5
9/9/2024 23:06,60.3
9/9/2024 23:16,61.8
9/9/2024 23:26,62.1
9/9/2024 23:36,61.8
9/9/2024 23:46,60.4
9/9/2024 23:56,61
9/10/2024 0:06,60.7
9/10/2024 0:16,63.5
9/10/2024 0:26,63.8
9/10/2024 0:36,61.3
9/10/2024 0:46,60.4
9/10/2024 0:56,62.3
9/10/2024 1:06,60.5
9/10/2024 1:16,63.6
9/10/2024 1:26,62.8
9/10/2024 1:36,63.5
9/10/2024 1:46,63.5
9/10/2024 1:56,63.8
9/10/2024 2:06,63.7
9/10/2024 2:16,64.1
9/10/2024 2:26,64.1
9/10/2024 2:36,65.9
9/10/2024 2:46,64.6
9/10/2024 2:56,64.2
9/10/2024 3:06,64.8
9/10/2024 3:16,64.5
9/10/2024 3:26,64.8
9/10/2024 3:36,65.9
9/10/2024 3:46,65.8
9/10/2024 3:56,65.4
9/10/2024 4:06,65.2
9/10/2024 4:16,64.6
9/10/2024 4:26,64.2
9/10/2024 4:36,63.8
9/10/2024 4:46,64.5
9/10/2024 4:56,64.7
9/10/2024 5:06,66.1
9/10/2024 5:16,64.5
9/10/2024 5:26,64.3
9/10/2024 5:36,65.3
9/10/2024 5:46,64.6
9/10/2024 5:56,66
9/10/2024 6:06,64.2
9/10/2024 6:16,65.1
9/10/2024 6:26,66.5
9/10/2024 6:36,66.5
9/10/2024 6:46,66.2
9/10/2024 6:56,66.5
9/10/2024 7:06,66.3
9/10/2024 7:16,65.3
9/10/2024 7:26,65.5
9/10/2024 7:36,65.5
9/10/2024 7:46,66.5
9/10/2024 7:56,65.5
9/10/2024 8:06,63.8
9/10/2024 8:16,65.5
9/10/2024 8:26,63.9
9/10/2024 8:36,65
9/10/2024 8:46,66.3
9/10/2024 8:56,64.2
9/10/2024 9:06,65.9
9/10/2024 9:16,64.1
9/10/2024 9:26,64.4
9/10/2024 9:36,65.3
9/10/2024 9:46,65.7
9/10/2024 9:56,66.5
9/10/2024 10:06,64.7
9/10/2024 10:16,67.6
9/10/2024 10:26,65.4
9/10/2024 10:36,65.9
9/10/2024 10:46,65.1
9/10/2024 10:56,65.1
9/10/2024 11:06,65.3
9/10/2024 11:16,65.6
9/10/2024 11:26,64.7
9/10/2024 11:36,65.3
9/10/2024 11:46,65.9
9/10/2024 11:56,65
9/10/2024 12:06,63.1
9/10/2024 12:16,64.9
9/10/2024 12:26,63.1
9/10/2024 12:36,65.1
9/10/2024 12:46,65.5
9/10/2024 12:56,65
9/10/2024 13:06,65.6
9/10/2024 13:16,66.7
9/10/2024 13:26,64.9
9/10/2024 13:36,64.1
9/10/2024 13:46,65.1
9/10/2024 13:56,65
9/10/2024 14:06,63
9/10/2024 14:16,64.9
9/10/2024 14:26,64
9/10/2024 14:36,66.3
9/10/2024 14:46,63.2
9/10/2024 14:56,63.4
9/10/2024 15:06,65.1
9/10/2024 15:16,64.9
9/10/2024 15:26,64.8
9/10/2024 15:36,63.1
9/10/2024 15:46,64
9/10/2024 15:56,63.4
9/10/2024 16:06,63.1
9/10/2024 16:16,63.7
9/10/2024 16:26,64.8
9/10/2024 16:36,65.1
9/10/2024 16:46,63.4
9/10/2024 16:56,65
9/10/2024 17:06,64.2
9/10/2024 17:16,64.3
9/10/2024 17:26,63.5
9/10/2024 17:36,64.2
9/10/2024 17:46,63.8
9/10/2024 17:56,63.3
9/10/2024 18:06,63.8
9/10/2024 18:16,62.5
9/10/2024 18:26,63.1
9/10/2024 18:36,63.6
9/10/2024 18:46,63
9/10/2024 18:56,63.1
9/10/2024 19:06,62.6
9/10/2024 19:16,63.8
9/10/2024 19:26,64.5
9/10/2024 19:36,63.2
9/10/2024 19:46,63.7
9/10/2024 19:56,64.3
9/10/2024 20:06,63
9/10/2024 20:16,62.9
9/10/2024 20:26,62.1
9/10/2024 20:36,62.9
9/10/2024 20:46,62.8
9/10/2024 20:56,62.6
9/10/2024 21:06,60.2
9/10/2024 21:16,64.4
9/10/2024 21:26,61.7
9/10/2024 21:36,62.9
9/10/2024 21:46,62.9
9/10/2024 21:56,63.3
9/10/2024 22:06,60.9
9/10/2024 22:16,61.4
9/10/2024 22:26,63.1
9/10/2024 22:36,61.4
9/10/2024 22:46,62.7
9/10/2024 22:56,62.2
9/10/2024 23:06,62.7
9/10/2024 23:16,63.4
9/10/2024 23:26,61.9
9/10/2024 23:36,62.1
9/10/2024 23:46,61.1
9/10/2024 23:56,62.5
9/11/2024 0:06,61
9/11/2024 0:16,62.4
9/11/2024 0:26,62.3
9/11/2024 0:36,62.7
9/11/2024 0:46,62.8
9/11/2024 0:56,62.7
9/11/2024 1:06,64.5
9/11/2024 1:16,62.7
9/11/2024 1:26,63.6
9/11/2024 1:36,63.6
9/11/2024 1:46,63.6
9/11/2024 1:56,62.7
9/11/2024 2:06,65
9/11/2024 2:16,64.3
9/11/2024 2:26,64.6
9/11/2024 2:36,64.3
9/11/2024 2:46,67.1
9/11/2024 2:56,66
9/11/2024 3:06,64.9
9/11/2024 3:16,64
9/11/2024 3:26,65
9/11/2024 3:36,64.4
9/11/2024 3:46,64.9
9/11/2024 3:56,65.6
9/11/2024 4:06,64.5
9/11/2024 4:16,65.9
9/11/2024 4:26,65.2
9/11/2024 4:36,64.6
9/11/2024 4:46,64.9
9/11/2024 4:56,66
9/11/2024 5:06,64.3
9/11/2024 5:16,66.1
9/11/2024 5:26,65.4
9/11/2024 5:36,66
9/11/2024 5:46,65
9/11/2024 5:56,64.5
9/11/2024 6:06,64.5
9/11/2024 6:16,65
9/11/2024 6:26,64.7
9/11/2024 6:36,66.7
9/11/2024 6:46,65.4
9/11/2024 6:56,67.1
9/11/2024 7:06,65.2
9/11/2024 7:16,65.2
9/11/2024 7:26,65.2
9/11/2024 7:36,64.4
9/11/2024 7:46,65.9
9/11/2024 7:56,64.5
9/11/2024 8:06,66
9/11/2024 8:16,65.5
9/11/2024 8:26,65.6
9/11/2024 8:36,65.2
9/11/2024 8:46,64.2
9/11/2024 8:56,65.9
9/11/2024 9:06,64.9
9/11/2024 9:16,63.6
9/11/2024 9:26,64.1
9/11/2024 9:36,66.1
9/11/2024 9:46,66.1
9/11/2024 9:56,65.1
9/11/2024 10:06,64.1
9/11/2024 10:16,64.8
9/11/2024 10:26,64.8
9/11/2024 10:36,64.2
9/11/2024 10:46,67
9/11/2024 10:56,65.5
9/11/2024 11:06,62.8
9/11/2024 11:16,63.4
9/11/2024 11:26,61.7
9/11/2024 11:36,63.4
9/11/2024 11:46,64
9/11/2024 11:56,63.1
9/11/2024 12:06,64.4
9/11/2024 12:16,64.6
9/11/2024 12:26,61.9
9/11/2024 12:36,63.7
9/11/2024 12:46,64.6
9/11/2024 12:56,63.1
9/11/2024 13:06,63.4
9/11/2024 13:16,64
9/11/2024 13:26,63.7
9/11/2024 13:36,63.4
9/11/2024 13:46,62.8
9/11/2024 13:56,64.9
9/11/2024 14:06,65.2
9/11/2024 14:16,64.5
9/11/2024 14:26,63.6
9/11/2024 14:36,64.1
9/11/2024 14:46,63.9
9/11/2024 14:56,62
9/11/2024 15:06,63.6
9/11/2024 15:16,64.7
9/11/2024 15:26,63.6
9/11/2024 15:36,63.8
9/11/2024 15:46,64.5
9/11/2024 15:56,63.4
9/11/2024 16:06,63.7
9/11/2024 16:16,64.2
9/11/2024 16:26,62
9/11/2024 16:36,63.5
9/11/2024 16:46,62.9
9/11/2024 16:56,62.4
9/11/2024 17:06,64.6
9/11/2024 17:16,63
9/11/2024 17:26,63.5
9/11/2024 17:36,63.8
9/11/2024 17:46,62.6
9/11/2024 17:56,62.4
9/11/2024 18:06,62.5
9/11/2024 18:16,64.7
9/11/2024 18:26,63.1
9/11/2024 18:36,64.6
9/11/2024 18:46,61
9/11/2024 18:56,63.5
9/11/2024 19:06,63.2
9/11/2024 19:16,61
9/11/2024 19:26,62
9/11/2024 19:36,63.6
9/11/2024 19:46,63.4
9/11/2024 19:56,62.5
9/11/2024 20:06,63.3
9/11/2024 20:16,62.2
9/11/2024 20:26,63.1
9/11/2024 20:36,65
9/11/2024 20:46,62.5
9/11/2024 20:56,61.7
9/11/2024 21:06,61.3
9/11/2024 21:16,63
9/11/2024 21:26,62.4
9/11/2024 21:36,62.7
9/11/2024 21:46,62.7
9/11/2024 21:56,62.2
9/11/2024 22:06,63.1
9/11/2024 22:16,62.6
9/11/2024 22:26,61.4
9/11/2024 22:36,62.7
9/11/2024 22:46,62.2
9/11/2024 22:56,62.6
9/11/2024 23:06,62.8
9/11/2024 23:16,63.5
9/11/2024 23:26,60.8
9/11/2024 23:36,61.3
9/11/2024 23:46,62
9/11/2024 23:56,61.5
9/12/2024 0:06,62.5
9/12/2024 0:16,62.4
9/12/2024 0:26,61.1
9/12/2024 0:36,63.8
9/12/2024 0:46,63.5
9/12/2024 0:56,62.4
9/12/2024 1:06,61.8
9/12/2024 1:16,63.4
9/12/2024 1:26,64.3
9/12/2024 1:36,62.3
9/12/2024 1:46,63
9/12/2024 1:56,63
9/12/2024 2:06,63.1
9/12/2024 2:16,62.4
9/12/2024 2:26,62.8
9/12/2024 2:36,62.4
9/12/2024 2:46,63.7
9/12/2024 2:56,63.9
9/12/2024 3:06,63
9/12/2024 3:16,62.7
9/12/2024 3:26,64.2
9/12/2024 3:36,65.5
9/12/2024 3:46,65.2
9/12/2024 3:56,63.2
9/12/2024 4:06,63.5
9/12/2024 4:16,63.1
9/12/2024 4:26,63.5
9/12/2024 4:36,64.2
9/12/2024 4:46,64.4
9/12/2024 4:56,64.2
9/12/2024 5:06,63.2
9/12/2024 5:16,62.7
9/12/2024 5:26,64.2
9/12/2024 5:36,64.1
9/12/2024 5:46,64.1
9/12/2024 5:56,64
9/12/2024 6:06,63.7
9/12/2024 6:16,64
9/12/2024 6:26,62.4
9/12/2024 6:36,64
9/12/2024 6:46,64.2
9/12/2024 6:56,64.3
9/12/2024 7:06,64.9
9/12/2024 7:16,63.1
9/12/2024 7:26,63.4
9/12/2024 7:36,64.6
9/12/2024 7:46,62.3
9/12/2024 7:56,64.4
9/12/2024 8:06,64.1
9/12/2024 8:16,63.7
9/12/2024 8:26,63.9
9/12/2024 8:36,65.3
9/12/2024 8:46,64.1
9/12/2024 8:56,62.7
9/12/2024 9:06,64.6
9/12/2024 9:16,63.5
9/12/2024 9:26,61.8
9/12/2024 9:36,63.3
9/12/2024 9:46,62.9
9/12/2024 9:56,63.2
9/12/2024 10:06,62.8
9/12/2024 10:16,64.1
9/12/2024 10:26,62.9
9/12/2024 10:36,63.3
9/12/2024 10:46,64.8
9/12/2024 10:56,63.8
9/12/2024 11:06,64.6
9/12/2024 11:16,62.3
9/12/2024 11:26,61.9
9/12/2024 11:36,63.2
9/12/2024 11:46,61.1
9/12/2024 11:56,62.3
9/12/2024 12:06,61.5
9/12/2024 12:16,61.5
9/12/2024 12:26,62.1
9/12/2024 12:36,62.4
9/12/2024 12:46,61.9
9/12/2024 12:56,63.7
9/12/2024 13:06,60.5
9/12/2024 13:16,61.5
9/12/2024 13:26,62.8
9/12/2024 13:36,62.6
9/12/2024 13:46,62.8
9/12/2024 13:56,61.8
9/12/2024 14:06,60.3
9/12/2024 14:16,62.6
9/12/2024 14:26,61.7
9/12/2024 14:36,61.1
9/12/2024 14:46,63.3
9/12/2024 14:56,61.1
9/12/2024 15:06,62.2
9/12/2024 15:16,61.6
9/12/2024 15:26,62.3
9/12/2024 15:36,61.6
9/12/2024 15:46,60
9/12/2024 15:56,61.7
9/12/2024 16:06,59
9/12/2024 16:16,60.7
9/12/2024 16:26,63.8
9/12/2024 16:36,61.9
9/12/2024 16:46,62
9/12/2024 16:56,61.1
9/12/2024 17:06,60.6
9/12/2024 17:16,61.1
9/12/2024 17:26,61.4
9/12/2024 17:36,60.7
9/12/2024 17:46,61.2
9/12/2024 17:56,61.3
9/12/2024 18:06,61
9/12/2024 18:16,61.7
9/12/2024 18:26,60.9
9/12/2024 18:36,61.3
9/12/2024 18:46,61.9
9/12/2024 18:56,61.1
9/12/2024 19:06,62.1
9/12/2024 19:16,62.4
9/12/2024 19:26,61.3
9/12/2024 19:36,61
9/12/2024 19:46,61.2
9/12/2024 19:56,59.9
9/12/2024 20:06,61
9/12/2024 20:16,60.3
9/12/2024 20:26,59.4
9/12/2024 20:36,61
9/12/2024 20:46,61.1
9/12/2024 20:56,61.6
9/12/2024 21:06,60.7
9/12/2024 21:16,61.2
9/12/2024 21:26,59.9
9/12/2024 21:36,60.2
9/12/2024 21:46,59.4
9/12/2024 21:56,60.3
9/12/2024 22:06,60.4
9/12/2024 22:16,60.5
9/12/2024 22:26,58.8
9/12/2024 22:36,61
9/12/2024 22:46,60.1
9/12/2024 22:56,59.8
9/12/2024 23:06,61.3
9/12/2024 23:16,59.2
9/12/2024 23:26,60.4
9/12/2024 23:36,59.7
9/12/2024 23:46,59.4
9/12/2024 23:56,58.8
9/13/2024 0:06,60.5
9/13/2024 0:16,59.1
9/13/2024 0:26,61.1
9/13/2024 0:36,59.5
9/13/2024 0:46,59.2
9/13/2024 0:56,59.5
9/13/2024 1:06,60.3
9/13/2024 1:16,59.9
9/13/2024 1:26,59.5
9/13/2024 1:36,59.7
9/13/2024 1:46,58
9/13/2024 1:56,61.8
9/13/2024 2:06,59.3
9/13/2024 2:16,59.2
9/13/2024 2:26,62
9/13/2024 2:36,60.6
9/13/2024 2:46,60.3
9/13/2024 2:56,60.9
9/13/2024 3:06,60.2
9/13/2024 3:16,61.6
9/13/2024 3:26,61
9/13/2024 3:36,62
9/13/2024 3:46,61.6
9/13/2024 3:56,61.3
9/13/2024 4:06,61
9/13/2024 4:16,60.4
9/13/2024 4:26,61.7
9/13/2024 4:36,60.3
9/13/2024 4:46,62.1
9/13/2024 4:56,61.5
9/13/2024 5:06,60.6
9/13/2024 5:16,60
9/13/2024 5:26,61.5
9/13/2024 5:36,61.2
9/13/2024 5:46,61.9
9/13/2024 5:56,59.4
9/13/2024 6:06,60.4
9/13/2024 6:16,61.8
9/13/2024 6:26,61.9
9/13/2024 6:36,61.3
9/13/2024 6:46,60.2
9/13/2024 6:56,59.9
9/13/2024 7:06,62.2
9/13/2024 7:16,60.3
9/13/2024 7:26,61.4
9/13/2024 7:36,61.1
9/13/2024 7:46,59
9/13/2024 7:56,61.9
9/13/2024 8:06,60
9/13/2024 8:16,61.2
9/13/2024 8:26,60.1
9/13/2024 8:36,61.6
9/13/2024 8:46,60.2
9/13/2024 8:56,60.8
9/13/2024 9:06,60.8
9/13/2024 9:16,60.1
9/13/2024 9:26,62.4
9/13/2024 9:36,60.6
9/13/2024 9:46,60.8
9/13/2024 9:56,59.5
9/13/2024 10:06,60.2
9/13/2024 10:16,60.2
9/13/2024 10:26,59
9/13/2024 10:36,60.1
9/13/2024 10:46,59.9
9/13/2024 10:56,62.2
9/13/2024 11:06,61.4
9/13/2024 11:16,59.7
9/13/2024 11:26,61.4
9/13/2024 11:36,60.3
9/13/2024 11:46,59.8
9/13/2024 11:56,59.1
9/13/2024 12:06,60.3
9/13/2024 12:16,59.4
9/13/2024 12:26,60.1
9/13/2024 12:36,60.6
9/13/2024 12:46,59.4
9/13/2024 12:56,60.2
9/13/2024 13:06,59.5
9/13/2024 13:16,59.7
9/13/2024 13:26,61
9/13/2024 13:36,62.6
9/13/2024 13:46,60.7
9/13/2024 13:56,61.2
9/13/2024 14:06,61.5
9/13/2024 14:16,60.4
9/13/2024 14:26,58.8
9/13/2024 14:36,60.6
9/13/2024 14:46,59
9/13/2024 14:56,58.9
9/13/2024 15:06,60.8
9/13/2024 15:16,57.9
9/13/2024 15:26,59
9/13/2024 15:36,59.2
9/13/2024 15:46,59.7
9/13/2024 15:56,58.3
9/13/2024 16:06,59.5
9/13/2024 16:16,59.3
9/13/2024 16:26,59.8
9/13/2024 16:36,58.6
9/13/2024 16:46,60
9/13/2024 16:56,60.3
9/13/2024 17:06,59.7
9/13/2024 17:16,59.5
9/13/2024 17:26,60.3
9/13/2024 17:36,57.7
9/13/2024 17:46,59.2
9/13/2024 17:56,60.8
9/13/2024 18:06,60.7
9/13/2024 18:16,59.5
9/13/2024 18:26,58.9
9/13/2024 18:36,59.1
9/13/2024 18:46,59.1
9/13/2024 18:56,59.7
9/13/2024 19:06,60
9/13/2024 19:16,59.4
9/13/2024 19:26,59.1
9/13/2024 19:36,60.4
9/13/2024 19:46,59
9/13/2024 19:56,59.3
9/13/2024 20:06,59.9
9/13/2024 20:16,57.1
9/13/2024 20:26,57
9/13/2024 20:36,58.8
9/13/2024 20:46,57.3
9/13/2024 20:56,58.5
9/13/2024 21:06,57.6
9/13/2024 21:16,58.8
9/13/2024 21:26,57.6
9/13/2024 21:36,57.7
9/13/2024 21:46,58.7
9/13/2024 21:56,57.3
9/13/2024 22:06,57.6
9/13/2024 22:16,59.1
9/13/2024 22:26,58.1
9/13/2024 22:36,59.3
9/13/2024 22:46,58.6
9/13/2024 22:56,55.4
9/13/2024 23:06,56.6
9/13/2024 23:16,58.2
9/13/2024 23:26,58.4
9/13/2024 23:36,57.2
9/13/2024 23:46,57.9
9/13/2024 23:56,58.2
9/14/2024 0:06,58.6
9/14/2024 0:16,57.7
9/14/2024 0:26,58.6
9/14/2024 0:36,58.9
9/14/2024 0:46,59.5
9/14/2024 0:56,58.2
9/14/2024 1:06,57.5
9/14/2024 1:16,57.8
9/14/2024 1:26,56.3
9/14/2024 1:36,58.4
9/14/2024 1:46,56.6
9/14/2024 1:56,58.1
9/14/2024 2:06,56.9
9/14/2024 2:16,58.9
9/14/2024 2:26,59.7
9/14/2024 2:36,60.1
9/14/2024 2:46,60.1
9/14/2024 2:56,57.8
9/14/2024 3:06,58.8
9/14/2024 3:16,59.3
9/14/2024 3:26,60.2
9/14/2024 3:36,60
9/14/2024 3:46,58.4
9/14/2024 3:56,59.3
9/14/2024 4:06,60
9/14/2024 4:16,60.6
9/14/2024 4:26,60.5
9/14/2024 4:36,60.7
9/14/2024 4:46,59.3
9/14/2024 4:56,59.4
9/14/2024 5:06,60
9/14/2024 5:16,59.2
9/14/2024 5:26,59.4
9/14/2024 5:36,58.5
9/14/2024 5:46,60.2
9/14/2024 5:56,57.9
9/14/2024 6:06,59
9/14/2024 6:16,58.5
9/14/2024 6:26,59.6
9/14/2024 6:36,60.2
9/14/2024 6:46,57.3
9/14/2024 6:56,60.9
9/14/2024 7:06,58.6
9/14/2024 7:16,59.4
9/14/2024 7:26,59
9/14/2024 7:36,59.8
9/14/2024 7:46,60.4
9/14/2024 7:56,59.4
9/14/2024 8:06,59.5
9/14/2024 8:16,58.6
9/14/2024 8:26,59.3
9/14/2024 8:36,59.3
9/14/2024 8:46,59.9
9/14/2024 8:56,59.4
9/14/2024 9:06,60
9/14/2024 9:16,59.6
9/14/2024 9:26,59.6
9/14/2024 9:36,59
9/14/2024 9:46,60.2
9/14/2024 9:56,58.2
9/14/2024 10:06,59
9/14/2024 10:16,60.1
9/14/2024 10:26,58.9
9/14/2024 10:36,59.1
9/14/2024 10:46,58.8
9/14/2024 10:56,59.3
9/14/2024 11:06,58.4
9/14/2024 11:16,61.3
9/14/2024 11:26,60.5
9/14/2024 11:36,58
9/14/2024 11:46,60.4
9/14/2024 11:56,60.4
9/14/2024 12:06,58.6
9/14/2024 12:16,57.9
9/14/2024 12:26,59
9/14/2024 12:36,57.8
9/14/2024 12:46,57.7
9/14/2024 12:56,58.3
9/14/2024 13:06,59.7
9/14/2024 13:16,59.3
9/14/2024 13:26,57.2
9/14/2024 13:36,59.2
9/14/2024 13:46,58.5
9/14/2024 13:56,58.5
9/14/2024 14:06,58.6
9/14/2024 14:16,58.4
9/14/2024 14:26,59.7
9/14/2024 14:36,56.7
9/14/2024 14:46,58.3
9/14/2024 14:56,57.4
9/14/2024 15:06,59.3
9/14/2024 15:16,57.5
9/14/2024 15:26,59.3
9/14/2024 15:36,58.4
9/14/2024 15:46,57.6
9/14/2024 15:56,56
9/14/2024 16:06,56.2
9/14/2024 16:16,56.9
9/14/2024 16:26,57.7
9/14/2024 16:36,57.9
9/14/2024 16:46,56.3
9/14/2024 16:56,59.7
9/14/2024 17:06,57.7
9/14/2024 17:16,58.7
9/14/2024 17:26,55.8
9/14/2024 17:36,58
9/14/2024 17:46,56.7
9/14/2024 17:56,57.6
9/14/2024 18:06,58
9/14/2024 18:16,57.2
9/14/2024 18:26,57.4
9/14/2024 18:36,56.6
9/14/2024 18:46,57.8
9/14/2024 18:56,56.6
9/14/2024 19:06,58.9
9/14/2024 19:16,58.1
9/14/2024 19:26,58
9/14/2024 19:36,56.3
9/14/2024 19:46,56.8
9/14/2024 19:56,56.6
9/14/2024 20:06,57.9
9/14/2024 20:16,56.9
9/14/2024 20:26,56.7
9/14/2024 20:36,57.3
9/14/2024 20:46,55.4
9/14/2024 20:56,57.2
9/14/2024 21:06,55.2
9/14/2024 21:16,56.8
9/14/2024 21:26,56.6
9/14/2024 21:36,55.8
9/14/2024 21:46,56.2
9/14/2024 21:56,56.6
9/14/2024 22:06,55.6
9/14/2024 22:16,58.3
9/14/2024 22:26,56.6
9/14/2024 22:36,56.6
9/14/2024 22:46,57
9/14/2024 22:56,56.5
9/14/2024 23:06,56.5
9/14/2024 23:16,55.5
9/14/2024 23:26,57.3
9/14/2024 23:36,56
9/14/2024 23:46,58
9/14/2024 23:56,56.4
9/15/2024 0:06,56
9/15/2024 0:16,56.5
9/15/2024 0:26,55.9
9/15/2024 0:36,54.1
9/15/2024 0:46,56.7
9/15/2024 0:56,56.3
9/15/2024 1:06,53.1
9/15/2024 1:16,55.5
9/15/2024 1:26,52.6
9/15/2024 1:36,50.3
9/15/2024 1:46,56
9/15/2024 1:56,55.6
9/15/2024 2:06,56.6
9/15/2024 2:16,54.2
9/15/2024 2:26,55.4
9/15/2024 2:36,55.2
9/15/2024 2:46,56.5
9/15/2024 2:56,56.4
9/15/2024 3:06,55.6
9/15/2024 3:16,56.6
9/15/2024 3:26,56.7
9/15/2024 3:36,55.9
9/15/2024 3:46,56.8
9/15/2024 3:56,56.6
9/15/2024 4:06,56.9
9/15/2024 4:16,58
9/15/2024 4:26,56.3
9/15/2024 4:36,56.7
9/15/2024 4:46,55.7
9/15/2024 4:56,58.5
9/15/2024 5:06,55.5
9/15/2024 5:16,56.7
9/15/2024 5:26,57
9/15/2024 5:36,59.1
9/15/2024 5:46,56.7
9/15/2024 5:56,56.7
9/15/2024 6:06,56.6
9/15/2024 6:16,56.6
9/15/2024 6:26,56.3
9/15/2024 6:36,57.6
9/15/2024 6:46,57.4
9/15/2024 6:56,56.4
9/15/2024 7:06,56.9
9/15/2024 7:16,57.7
9/15/2024 7:26,56.8
9/15/2024 7:36,56
9/15/2024 7:46,57.1
9/15/2024 7:56,56.3
9/15/2024 8:06,56.8
9/15/2024 8:16,57
9/15/2024 8:26,56.3
9/15/2024 8:36,55.9
9/15/2024 8:46,56.4
9/15/2024 8:56,57.2
9/15/2024 9:06,56.9
9/15/2024 9:16,56.7
9/15/2024 9:26,55.6
9/15/2024 9:36,53.8
9/15/2024 9:46,54.4
9/15/2024 9:56,54.9
9/15/2024 10:06,54.5
9/15/2024 10:16,56.2
9/15/2024 10:26,55.4
9/15/2024 10:36,54.3
9/15/2024 10:46,54.7
9/15/2024 10:56,54
9/15/2024 11:06,56.3
9/15/2024 11:16,56.8
9/15/2024 11:26,54
9/15/2024 11:36,56.6
9/15/2024 11:46,56.3
9/15/2024 11:56,57.2
9/15/2024 12:06,56.9
9/15/2024 12:16,56.4
9/15/2024 12:26,57
9/15/2024 12:36,57.5
9/15/2024 12:46,55.7
9/15/2024 12:56,56.9
9/15/2024 13:06,57.4
9/15/2024 13:16,56.9
9/15/2024 13:26,57.2
9/15/2024 13:36,56.2
9/15/2024 13:46,59.6
9/15/2024 13:56,56.1
9/15/2024 14:06,56.1
9/15/2024 14:16,56.3
9/15/2024 14:26,54.9
9/15/2024 14:36,57.8
9/15/2024 14:46,57
9/15/2024 14:56,56.7
9/15/2024 15:06,55.8
9/15/2024 15:16,56.9
9/15/2024 15:26,56.9
9/15/2024 15:36,57.2
9/15/2024 15:46,57.3
9/15/2024 15:56,56.6
9/15/2024 16:06,57.7
9/15/2024 16:16,57
9/15/2024 16:26,57.6
9/15/2024 16:36,56.4
9/15/2024 16:46,56.7
9/15/2024 16:56,55.8
9/15/2024 17:06,56.4
9/15/2024 17:16,56.2
9/15/2024 17:26,56.1
9/15/2024 17:36,55.9
9/15/2024 17:46,55.3
9/15/2024 17:56,57
9/15/2024 18:06,56.8
9/15/2024 18:16,57.3
9/15/2024 18:26,56.6
9/15/2024 18:36,56.2
9/15/2024 18:46,57.6
9/15/2024 18:56,55.9
9/15/2024 19:06,57.6
9/15/2024 19:16,56
9/15/2024 19:26,57.4
9/15/2024 19:36,54.9
9/15/2024 19:46,57.5
9/15/2024 19:56,57.1
9/15/2024 20:06,57.1
9/15/2024 20:16,55.8
9/15/2024 20:26,58.2
9/15/2024 20:36,56.8
9/15/2024 20:46,57.3
9/15/2024 20:56,56.8
9/15/2024 21:06,57.8
9/15/2024 21:16,56
9/15/2024 21:26,55.5
9/15/2024 21:36,56.7
9/15/2024 21:46,55.7
9/15/2024 21:56,56.3
9/15/2024 22:06,57.5
9/15/2024 22:16,56.5
9/15/2024 22:26,56.6
9/15/2024 22:36,56.9
9/15/2024 22:46,57
9/15/2024 22:56,56.2
9/15/2024 23:06,56.9
9/15/2024 23:16,56
9/15/2024 23:26,56.5
9/15/2024 23:36,55.8
9/15/2024 23:46,55.6
9/15/2024 23:56,56.7
9/16/2024 0:06,55.5
9/16/2024 0:16,56.5
9/16/2024 0:26,57.6
9/16/2024 0:36,57.4
9/16/2024 0:46,54.5
9/16/2024 0:56,57
9/16/2024 1:06,55.1
9/16/2024 1:16,56
9/16/2024 1:26,56.1
9/16/2024 1:36,58.1
9/16/2024 1:46,57.1
9/16/2024 1:56,57
9/16/2024 2:06,57.1
9/16/2024 2:16,56.2
9/16/2024 2:26,57
9/16/2024 2:36,56.5
9/16/2024 2:46,56.8
9/16/2024 2:56,57.2
9/16/2024 3:06,56.2
9/16/2024 3:16,56.2
9/16/2024 3:26,57.1
9/16/2024 3:36,56.9
9/16/2024 3:46,56.1
9/16/2024 3:56,56.6
9/16/2024 4:06,56.7
9/16/2024 4:16,56
9/16/2024 4:26,56.3
9/16/2024 4:36,55
9/16/2024 4:46,56.6
9/16/2024 4:56,55.7
9/16/2024 5:06,57.7
9/16/2024 5:16,57.5
9/16/2024 5:26,56.9
9/16/2024 5:36,57.6
9/16/2024 5:46,56.9
9/16/2024 5:56,57.7
9/16/2024 6:06,56.3
9/16/2024 6:16,57.1
9/16/2024 6:26,57
9/16/2024 6:36,57.1
9/16/2024 6:46,58.5
9/16/2024 6:56,58.3
9/16/2024 7:06,58.4
9/16/2024 7:16,56.1
9/16/2024 7:26,58.6
9/16/2024 7:36,57.6
9/16/2024 7:46,57.6
9/16/2024 7:56,57.4
9/16/2024 8:06,56.8
9/16/2024 8:16,57.3
9/16/2024 8:26,57.2
9/16/2024 8:36,56.6
9/16/2024 8:46,56.1
9/16/2024 8:56,57.6
9/16/2024 9:06,57.3
9/16/2024 9:16,56.4
9/16/2024 9:26,56
9/16/2024 9:36,57.7
9/16/2024 9:46,57.3
9/16/2024 9:56,55.8
9/16/2024 10:06,55.1
9/16/2024 10:16,55.6
9/16/2024 10:26,56.2
9/16/2024 10:36,56.5
9/16/2024 10:46,57.1
9/16/2024 10:56,56
9/16/2024 11:06,56.6
9/16/2024 11:16,57.2
9/16/2024 11:26,56.7
9/16/2024 11:36,56
9/16/2024 11:46,57.3
9/16/2024 11:56,55.7
9/16/2024 12:06,57
9/16/2024 12:16,57.5
9/16/2024 12:26,56.8
9/16/2024 12:36,56.3
9/16/2024 12:46,57.2
9/16/2024 12:56,56.6
9/16/2024 13:06,55.2
9/16/2024 13:16,55.6
9/16/2024 13:26,56.2
9/16/2024 13:36,56.8
9/16/2024 13:46,55.6
9/16/2024 13:56,55.7
9/16/2024 14:06,55
9/16/2024 14:16,55.2
9/16/2024 14:26,54.7
9/16/2024 14:36,55
9/16/2024 14:46,55.9
9/16/2024 14:56,55.1
9/16/2024 15:06,55.1
9/16/2024 15:16,54.4
9/16/2024 15:26,55.2
9/16/2024 15:36,55.9
9/16/2024 15:46,53.8
9/16/2024 15:56,56
9/16/2024 16:06,55.8
9/16/2024 16:16,55.1
9/16/2024 16:26,55
9/16/2024 16:36,55.4
9/16/2024 16:46,54.8
9/16/2024 16:56,55.6
9/16/2024 17:06,54.8
9/16/2024 17:16,54.1
9/16/2024 17:26,54.2
9/16/2024 17:36,53.9
9/16/2024 17:46,54.9
9/16/2024 17:56,55.9
9/16/2024 18:06,54.6
9/16/2024 18:16,54.7
9/16/2024 18:26,54.9
9/16/2024 18:36,54.7
9/16/2024 18:46,55.4
9/16/2024 18:56,53.6
9/16/2024 19:06,54.7
9/16/2024 19:16,52.7
9/16/2024 19:26,53
9/16/2024 19:36,54.1
9/16/2024 19:46,52.9
9/16/2024 19:56,53.6
9/16/2024 20:06,53.6
9/16/2024 20:16,53.6
9/16/2024 20:26,52.5
9/16/2024 20:36,54.4
9/16/2024 20:46,52.8
9/16/2024 20:56,53.3
9/16/2024 21:06,53.5
9/16/2024 21:16,53.6
9/16/2024 21:26,52.8
9/16/2024 21:36,53.1
9/16/2024 21:46,54.3
9/16/2024 21:56,52.4
9/16/2024 22:06,53.3
9/16/2024 22:16,52.3
9/16/2024 22:26,52.1
9/16/2024 22:36,53.5
9/16/2024 22:46,53.2
9/16/2024 22:56,53.5
9/16/2024 23:06,53.5
9/16/2024 23:16,52.8
9/16/2024 23:26,53.5
9/16/2024 23:36,53
9/16/2024 23:46,52.3
9/16/2024 23:56,52.4
9/17/2024 0:06,52.8
9/17/2024 0:16,53.7
9/17/2024 0:26,53.8
9/17/2024 0:36,51.7
9/17/2024 0:46,52.5
9/17/2024 0:56,54
9/17/2024 1:06,50.7
9/17/2024 1:16,53.9
9/17/2024 1:26,52.6
9/17/2024 1:36,51.3
9/17/2024 1:46,54.4
9/17/2024 1:56,54.3
9/17/2024 2:06,53.5
9/17/2024 2:16,55
9/17/2024 2:26,54
9/17/2024 2:36,53.1
9/17/2024 2:46,54.5
9/17/2024 2:56,53.7
9/17/2024 3:06,54.7
9/17/2024 3:16,54.2
9/17/2024 3:26,53.2
9/17/2024 3:36,55.9
9/17/2024 3:46,55
9/17/2024 3:56,53.9
9/17/2024 4:06,56
9/17/2024 4:16,55
9/17/2024 4:26,54.3
9/17/2024 4:36,54.5
9/17/2024 4:46,54.9
9/17/2024 4:56,56.8
9/17/2024 5:06,54
9/17/2024 5:16,53.4
9/17/2024 5:26,54.1
9/17/2024 5:36,54.7
9/17/2024 5:46,56.3
9/17/2024 5:56,54.8
9/17/2024 6:06,55
9/17/2024 6:16,56.5
9/17/2024 6:26,54.6
9/17/2024 6:36,53.7
9/17/2024 6:46,54.7
9/17/2024 6:56,54.2
9/17/2024 7:06,54.3
9/17/2024 7:16,54.5
9/17/2024 7:26,55.1
9/17/2024 7:36,53.5
9/17/2024 7:46,55.4
9/17/2024 7:56,54.2
9/17/2024 8:06,53.8
9/17/2024 8:16,54.2
9/17/2024 8:26,54.7
9/17/2024 8:36,54.1
9/17/2024 8:46,54.2
9/17/2024 8:56,55.5
9/17/2024 9:06,53.5
9/17/2024 9:16,54.9
9/17/2024 9:26,53
9/17/2024 9:36,54.1
9/17/2024 9:46,54.6
9/17/2024 9:56,53.8
9/17/2024 10:06,52.7
9/17/2024 10:16,54.1
9/17/2024 10:26,53.7
9/17/2024 10:36,55.2
9/17/2024 10:46,54.5
9/17/2024 10:56,53.6
9/17/2024 11:06,53.1
9/17/2024 11:16,54.5
9/17/2024 11:26,53.4
9/17/2024 11:36,52.9
9/17/2024 11:46,52.2
9/17/2024 11:56,53.3
9/17/2024 12:06,52.4
9/17/2024 12:16,52.3
9/17/2024 12:26,53.2
9/17/2024 12:36,53.6
