Site,Alvarado Creek,Alvarado Creek
Time America/Tijuana UTC-07:00,Tryptophan RFU,Temperature
,RFU,C
9/19/2024 12:06,74.2,20.09
9/19/2024 12:16,75.1,20.12
9/19/2024 12:26,73.9,20.17
9/19/2024 12:36,75,20.24
9/19/2024 12:46,75.6,20.31
9/19/2024 12:56,74.2,20.38
9/19/2024 13:06,75.4,20.45
9/19/2024 13:16,75.7,20.52
9/19/2024 13:26,74.1,20.59
9/19/2024 13:36,74.6,20.67
9/19/2024 13:46,75.4,20.73
9/19/2024 13:56,74.2,20.79
9/19/2024 14:06,75.2,20.84
9/19/2024 14:16,75.2,20.87
9/19/2024 14:26,73.5,20.89
9/19/2024 14:36,73.6,20.88
9/19/2024 14:46,74.1,20.87
9/19/2024 14:56,75,20.87
9/19/2024 15:06,75.3,20.85
9/19/2024 15:16,74.2,20.82
9/19/2024 15:26,75.7,20.8
9/19/2024 15:36,74.2,20.79
9/19/2024 15:46,74.8,20.76
9/19/2024 15:56,74.8,20.74
9/19/2024 16:06,74.8,20.71
9/19/2024 16:16,76.5,20.7
9/19/2024 16:26,76.7,20.69
9/19/2024 16:36,75.5,20.68
9/19/2024 16:46,76.3,20.68
9/19/2024 16:56,74.6,20.68
9/19/2024 17:06,75.2,20.68
9/19/2024 17:16,75.3,20.69
9/19/2024 17:26,76.2,20.69
9/19/2024 17:36,75.5,20.7
9/19/2024 17:46,74.7,20.71
9/19/2024 17:56,75.4,20.72
9/19/2024 18:06,75.2,20.71
9/19/2024 18:16,75.4,20.72
9/19/2024 18:26,74.2,20.71
9/19/2024 18:36,75.2,20.72
9/19/2024 18:46,75,20.74
9/19/2024 18:56,75.5,20.75
9/19/2024 19:06,76.1,20.78
9/19/2024 19:16,75.1,20.81
9/19/2024 19:26,75.3,20.84
9/19/2024 19:36,73,20.87
9/19/2024 19:46,74.3,20.9
9/19/2024 19:56,75,20.94
9/19/2024 20:06,77.5,20.97
9/19/2024 20:16,73.4,21
9/19/2024 20:26,73.5,21.04
9/19/2024 20:36,75,21.08
9/19/2024 20:46,75.9,21.11
9/19/2024 20:56,75.2,21.15
9/19/2024 21:06,75,21.17
9/19/2024 21:16,75.4,21.2
9/19/2024 21:26,73.9,21.23
9/19/2024 21:36,74,21.26
9/19/2024 21:46,76.1,21.28
9/19/2024 21:56,74.3,21.31
9/19/2024 22:06,75.1,21.33
9/19/2024 22:16,73.5,21.36
9/19/2024 22:26,74.2,21.38
9/19/2024 22:36,74.7,21.41
9/19/2024 22:46,74.6,21.43
9/19/2024 22:56,75.5,21.44
9/19/2024 23:06,73.5,21.46
9/19/2024 23:16,74.1,21.48
9/19/2024 23:26,74.7,21.49
9/19/2024 23:36,74.3,21.51
9/19/2024 23:46,73.9,21.52
9/19/2024 23:56,75,21.53
9/20/2024 0:06,74.3,21.55
9/20/2024 0:16,75.1,21.56
9/20/2024 0:26,74,21.57
9/20/2024 0:36,74.5,21.58
9/20/2024 0:46,76.6,21.58
9/20/2024 0:56,75.4,21.58
9/20/2024 1:06,75.6,21.58
9/20/2024 1:16,75.3,21.58
9/20/2024 1:26,75,21.57
9/20/2024 1:36,74.6,21.56
9/20/2024 1:46,73.6,21.55
9/20/2024 1:56,75,21.53
9/20/2024 2:06,74.7,21.5
9/20/2024 2:16,73.4,21.48
9/20/2024 2:26,74.2,21.46
9/20/2024 2:36,75.2,21.43
9/20/2024 2:46,76,21.4
9/20/2024 2:56,74.2,21.37
9/20/2024 3:06,74.9,21.33
9/20/2024 3:16,76.5,21.28
9/20/2024 3:26,76.3,21.24
9/20/2024 3:36,77.1,21.19
9/20/2024 3:46,76.9,21.14
9/20/2024 3:56,76.2,21.1
9/20/2024 4:06,75.2,21.04
9/20/2024 4:16,76.7,21
9/20/2024 4:26,76.6,20.95
9/20/2024 4:36,76.3,20.9
9/20/2024 4:46,75.1,20.86
9/20/2024 4:56,75.6,20.81
9/20/2024 5:06,77.1,20.77
9/20/2024 5:16,76.6,20.72
9/20/2024 5:26,76.2,20.68
9/20/2024 5:36,76.3,20.64
9/20/2024 5:46,76.5,20.58
9/20/2024 5:56,76.8,20.53
9/20/2024 6:06,77.4,20.5
9/20/2024 6:16,76,20.45
9/20/2024 6:26,77,20.41
9/20/2024 6:36,76.3,20.37
9/20/2024 6:46,76.6,20.32
9/20/2024 6:56,76.2,20.29
9/20/2024 7:06,76.2,20.25
9/20/2024 7:16,76.1,20.21
9/20/2024 7:26,76.8,20.18
9/20/2024 7:36,77,20.14
9/20/2024 7:46,76,20.12
9/20/2024 7:56,77.8,20.09
9/20/2024 8:06,76.2,20.08
9/20/2024 8:16,77.1,20.07
9/20/2024 8:26,75.5,20.06
9/20/2024 8:36,76.6,20.05
9/20/2024 8:46,76.6,20.05
9/20/2024 8:56,76.3,20.05
9/20/2024 9:06,75.2,20.05
9/20/2024 9:16,76.1,20.05
9/20/2024 9:26,76,20.05
9/20/2024 9:36,76.1,20.05
9/20/2024 9:46,75.1,20.06
9/20/2024 9:56,77.4,20.06
9/20/2024 10:06,76.2,20.06
9/20/2024 10:16,76.5,20.07
9/20/2024 10:26,75.8,20.07
9/20/2024 10:36,75.1,20.09
9/20/2024 10:46,75.1,20.1
9/20/2024 10:56,75.8,20.11
9/20/2024 11:06,75.9,20.12
9/20/2024 11:16,74.6,20.13
9/20/2024 11:26,75.6,20.13
9/20/2024 11:36,74.4,20.13
9/20/2024 11:46,75.8,20.13
9/20/2024 11:56,75,20.12
9/20/2024 12:06,74.2,20.14
9/20/2024 12:16,74.1,20.16
9/20/2024 12:26,74.4,20.18
9/20/2024 12:36,74.5,20.19
9/20/2024 12:46,74.9,20.19
9/20/2024 12:56,74.2,20.19
9/20/2024 13:06,75.6,20.2
9/20/2024 13:16,74,20.19
9/20/2024 13:26,75.6,20.2
9/20/2024 13:36,74.2,20.22
9/20/2024 13:46,76.4,20.23
9/20/2024 13:56,76.2,20.24
9/20/2024 14:06,76.5,20.25
9/20/2024 14:16,75.9,20.25
9/20/2024 14:26,75.5,20.24
9/20/2024 14:36,74.5,20.24
9/20/2024 14:46,77,20.27
9/20/2024 14:56,75.6,20.28
9/20/2024 15:06,75.2,20.3
9/20/2024 15:16,74.1,20.3
9/20/2024 15:26,74,20.3
9/20/2024 15:36,74.5,20.31
9/20/2024 15:46,75.4,20.3
9/20/2024 15:56,74.8,20.3
9/20/2024 16:06,75.2,20.31
9/20/2024 16:16,75,20.32
9/20/2024 16:26,74.7,20.33
9/20/2024 16:36,76.5,20.35
9/20/2024 16:46,74,20.36
9/20/2024 16:56,74.9,20.38
9/20/2024 17:06,74.5,20.39
9/20/2024 17:16,74.3,20.39
9/20/2024 17:26,74.4,20.4
9/20/2024 17:36,75.5,20.4
9/20/2024 17:46,75.7,20.41
9/20/2024 17:56,75.5,20.41
9/20/2024 18:06,75.2,20.41
9/20/2024 18:16,76.6,20.42
9/20/2024 18:26,75,20.44
9/20/2024 18:36,74.4,20.45
9/20/2024 18:46,74.2,20.47
9/20/2024 18:56,74.9,20.49
9/20/2024 19:06,76.2,20.51
9/20/2024 19:16,74.4,20.53
9/20/2024 19:26,76.6,20.55
9/20/2024 19:36,75.7,20.57
9/20/2024 19:46,75.5,20.6
9/20/2024 19:56,75.8,20.61
9/20/2024 20:06,75.1,20.63
9/20/2024 20:16,73.4,20.66
9/20/2024 20:26,74.1,20.68
9/20/2024 20:36,75.1,20.7
9/20/2024 20:46,75.8,20.72
9/20/2024 20:56,75.9,20.73
9/20/2024 21:06,75.2,20.74
9/20/2024 21:16,74.8,20.76
9/20/2024 21:26,75.1,20.77
9/20/2024 21:36,75.6,20.78
9/20/2024 21:46,75.3,20.79
9/20/2024 21:56,75.9,20.8
9/20/2024 22:06,75.2,20.81
9/20/2024 22:16,75.1,20.82
9/20/2024 22:26,75.5,20.81
9/20/2024 22:36,75.7,20.82
9/20/2024 22:46,75.9,20.82
9/20/2024 22:56,75.7,20.81
9/20/2024 23:06,76.2,20.81
9/20/2024 23:16,75.5,20.81
9/20/2024 23:26,74.6,20.8
9/20/2024 23:36,77.1,20.79
9/20/2024 23:46,75.1,20.78
9/20/2024 23:56,75.2,20.77
9/21/2024 0:06,76.1,20.76
9/21/2024 0:16,76.2,20.75
9/21/2024 0:26,75.9,20.74
9/21/2024 0:36,75.7,20.73
9/21/2024 0:46,74.6,20.72
9/21/2024 0:56,75.7,20.71
9/21/2024 1:06,76.7,20.7
9/21/2024 1:16,76,20.68
9/21/2024 1:26,76.8,20.66
9/21/2024 1:36,77.5,20.65
9/21/2024 1:46,75.9,20.63
9/21/2024 1:56,77.1,20.61
9/21/2024 2:06,77,20.59
9/21/2024 2:16,75.9,20.56
9/21/2024 2:26,77.4,20.54
9/21/2024 2:36,76.6,20.52
9/21/2024 2:46,76.3,20.49
9/21/2024 2:56,77.8,20.46
9/21/2024 3:06,77.4,20.43
9/21/2024 3:16,76.6,20.39
9/21/2024 3:26,75.9,20.35
9/21/2024 3:36,78,20.31
9/21/2024 3:46,78.2,20.28
9/21/2024 3:56,77,20.24
9/21/2024 4:06,77.2,20.19
9/21/2024 4:16,76.2,20.16
9/21/2024 4:26,77,20.12
9/21/2024 4:36,78,20.08
9/21/2024 4:46,77.4,20.04
9/21/2024 4:56,77,19.99
9/21/2024 5:06,75.9,19.95
9/21/2024 5:16,77.3,19.92
9/21/2024 5:26,78,19.88
9/21/2024 5:36,77,19.83
9/21/2024 5:46,77.5,19.79
9/21/2024 5:56,77.8,19.75
9/21/2024 6:06,78.5,19.7
9/21/2024 6:16,79.3,19.66
9/21/2024 6:26,77,19.63
9/21/2024 6:36,77.6,19.59
9/21/2024 6:46,78.3,19.56
9/21/2024 6:56,77.2,19.52
9/21/2024 7:06,77.7,19.49
9/21/2024 7:16,76.9,19.46
9/21/2024 7:26,76.8,19.43
9/21/2024 7:36,76,19.4
9/21/2024 7:46,77.4,19.38
9/21/2024 7:56,77.3,19.36
9/21/2024 8:06,79,19.35
9/21/2024 8:16,76.8,19.33
9/21/2024 8:26,78.6,19.31
9/21/2024 8:36,78,19.31
9/21/2024 8:46,77.6,19.31
9/21/2024 8:56,76.3,19.31
9/21/2024 9:06,78.3,19.31
9/21/2024 9:16,77.5,19.32
9/21/2024 9:26,76.8,19.32
9/21/2024 9:36,76.1,19.33
9/21/2024 9:46,76.1,19.35
9/21/2024 9:56,76.9,19.37
9/21/2024 10:06,75.7,19.39
9/21/2024 10:16,76.2,19.4
9/21/2024 10:26,76.8,19.42
9/21/2024 10:36,75.6,19.44
9/21/2024 10:46,76.3,19.46
9/21/2024 10:56,75.9,19.48
9/21/2024 11:06,76.2,19.51
9/21/2024 11:16,76.4,19.54
9/21/2024 11:26,74.6,19.58
9/21/2024 11:36,74.1,19.64
9/21/2024 11:46,75.6,19.7
9/21/2024 11:56,75.6,19.77
9/21/2024 12:06,75.8,19.85
9/21/2024 12:16,76.2,19.94
9/21/2024 12:26,74.4,20.02
9/21/2024 12:36,75.3,20.09
9/21/2024 12:46,76.1,20.15
9/21/2024 12:56,75.3,20.21
9/21/2024 13:06,75,20.26
9/21/2024 13:16,74,20.32
9/21/2024 13:26,74.3,20.36
9/21/2024 13:36,73.4,20.4
9/21/2024 13:46,74.4,20.43
9/21/2024 13:56,74.6,20.45
9/21/2024 14:06,74.7,20.46
9/21/2024 14:16,74.2,20.47
9/21/2024 14:26,75.5,20.48
9/21/2024 14:36,74.6,20.48
9/21/2024 14:46,75.3,20.49
9/21/2024 14:56,75.3,20.49
9/21/2024 15:06,76.1,20.5
9/21/2024 15:16,75.8,20.5
9/21/2024 15:26,75.4,20.5
9/21/2024 15:36,74.9,20.5
9/21/2024 15:46,75,20.5
9/21/2024 15:56,75.7,20.5
9/21/2024 16:06,77.6,20.52
9/21/2024 16:16,77.2,20.53
9/21/2024 16:26,76,20.55
9/21/2024 16:36,75.1,20.58
9/21/2024 16:46,76.9,20.63
9/21/2024 16:56,75,20.68
9/21/2024 17:06,76,20.73
9/21/2024 17:16,77.1,20.78
9/21/2024 17:26,78.1,20.84
9/21/2024 17:36,76.1,20.89
9/21/2024 17:46,77.6,20.95
9/21/2024 17:56,77,21
9/21/2024 18:06,76.6,21.06
9/21/2024 18:16,76.9,21.12
9/21/2024 18:26,76.9,21.18
9/21/2024 18:36,77.2,21.24
9/21/2024 18:46,77.3,21.29
9/21/2024 18:56,78.1,21.35
9/21/2024 19:06,77.1,21.4
9/21/2024 19:16,74.9,21.46
9/21/2024 19:26,75.8,21.51
9/21/2024 19:36,77.2,21.56
9/21/2024 19:46,76.7,21.61
9/21/2024 19:56,75,21.65
9/21/2024 20:06,76.5,21.7
9/21/2024 20:16,75.8,21.74
9/21/2024 20:26,76,21.78
9/21/2024 20:36,75.9,21.81
9/21/2024 20:46,76,21.85
9/21/2024 20:56,75.9,21.88
9/21/2024 21:06,77.1,21.91
9/21/2024 21:16,75.7,21.94
9/21/2024 21:26,74.7,21.96
9/21/2024 21:36,75.1,21.98
9/21/2024 21:46,75.7,22.01
9/21/2024 21:56,75.5,22.02
9/21/2024 22:06,75.2,22.04
9/21/2024 22:16,75.3,22.06
9/21/2024 22:26,76,22.06
9/21/2024 22:36,76.7,22.08
9/21/2024 22:46,77.1,22.09
9/21/2024 22:56,76.4,22.09
9/21/2024 23:06,76.1,22.08
9/21/2024 23:16,76.3,22.09
9/21/2024 23:26,76.2,22.08
9/21/2024 23:36,75.2,22.08
9/21/2024 23:46,76.7,22.07
9/21/2024 23:56,75.4,22.06
9/22/2024 0:06,76.9,22.05
9/22/2024 0:16,76.8,22.03
9/22/2024 0:26,75.3,22.01
9/22/2024 0:36,76.2,21.99
9/22/2024 0:46,77,21.95
9/22/2024 0:56,76.7,21.93
9/22/2024 1:06,76.7,21.9
9/22/2024 1:16,78.2,21.86
9/22/2024 1:26,77.9,21.84
9/22/2024 1:36,76.1,21.8
9/22/2024 1:46,78.5,21.75
9/22/2024 1:56,77.9,21.71
9/22/2024 2:06,77.7,21.67
9/22/2024 2:16,77,21.63
9/22/2024 2:26,77.8,21.59
9/22/2024 2:36,78.4,21.54
9/22/2024 2:46,77.7,21.51
9/22/2024 2:56,78.9,21.47
9/22/2024 3:06,78.4,21.43
9/22/2024 3:16,77.7,21.4
9/22/2024 3:26,77.9,21.36
9/22/2024 3:36,78.7,21.32
9/22/2024 3:46,79,21.3
9/22/2024 3:56,79.8,21.27
9/22/2024 4:06,78,21.23
9/22/2024 4:16,78.7,21.2
9/22/2024 4:26,79.3,21.16
9/22/2024 4:36,78.6,21.13
9/22/2024 4:46,78.3,21.09
9/22/2024 4:56,79.2,21.06
9/22/2024 5:06,79.5,21.02
9/22/2024 5:16,77.9,20.99
9/22/2024 5:26,78.4,20.95
9/22/2024 5:36,78.8,20.91
9/22/2024 5:46,77.9,20.87
9/22/2024 5:56,78.4,20.83
9/22/2024 6:06,78.9,20.8
9/22/2024 6:16,79.4,20.76
9/22/2024 6:26,77.5,20.72
9/22/2024 6:36,77.1,20.69
9/22/2024 6:46,79.1,20.65
9/22/2024 6:56,79,20.6
9/22/2024 7:06,78.2,20.57
9/22/2024 7:16,78.9,20.53
9/22/2024 7:26,77.5,20.5
9/22/2024 7:36,77,20.47
9/22/2024 7:46,79.3,20.44
9/22/2024 7:56,78,20.39
9/22/2024 8:06,79.1,20.36
9/22/2024 8:16,79.5,20.34
9/22/2024 8:26,78.2,20.32
9/22/2024 8:36,77.3,20.29
9/22/2024 8:46,79.2,20.26
9/22/2024 8:56,78.9,20.24
9/22/2024 9:06,77.8,20.22
9/22/2024 9:16,77.8,20.21
9/22/2024 9:26,78.3,20.2
9/22/2024 9:36,79.2,20.19
9/22/2024 9:46,77,20.19
9/22/2024 9:56,79.1,20.19
9/22/2024 10:06,79.6,20.19
9/22/2024 10:16,78.2,20.19
9/22/2024 10:26,78,20.21
9/22/2024 10:36,76.7,20.23
9/22/2024 10:46,78.9,20.24
9/22/2024 10:56,76,20.25
9/22/2024 11:06,76.3,20.28
9/22/2024 11:16,76.5,20.32
9/22/2024 11:26,76.1,20.36
9/22/2024 11:36,76.4,20.4
9/22/2024 11:46,75.5,20.46
9/22/2024 11:56,76,20.54
9/22/2024 12:06,75.8,20.62
9/22/2024 12:16,75.5,20.71
9/22/2024 12:26,74.1,20.8
9/22/2024 12:36,75,20.88
9/22/2024 12:46,75.4,20.97
9/22/2024 12:56,75.8,21.06
9/22/2024 13:06,75,21.14
9/22/2024 13:16,74,21.21
9/22/2024 13:26,74.2,21.27
9/22/2024 13:36,75.1,21.33
9/22/2024 13:46,73.6,21.37
9/22/2024 13:56,74.8,21.42
9/22/2024 14:06,73.6,21.46
9/22/2024 14:16,75.5,21.48
9/22/2024 14:26,74,21.49
9/22/2024 14:36,75,21.49
9/22/2024 14:46,75,21.48
9/22/2024 14:56,75.6,21.47
9/22/2024 15:06,74.9,21.47
9/22/2024 15:16,75.7,21.47
9/22/2024 15:26,76,21.47
9/22/2024 15:36,74.5,21.46
9/22/2024 15:46,75.8,21.46
9/22/2024 15:56,74.2,21.45
9/22/2024 16:06,75.2,21.45
9/22/2024 16:16,75.8,21.44
9/22/2024 16:26,75.3,21.45
9/22/2024 16:36,75.2,21.47
9/22/2024 16:46,73.5,21.49
9/22/2024 16:56,74.4,21.51
9/22/2024 17:06,72.9,21.53
9/22/2024 17:16,74.3,21.56
9/22/2024 17:26,74.6,21.58
9/22/2024 17:36,73,21.62
9/22/2024 17:46,72.5,21.66
9/22/2024 17:56,74.6,21.69
9/22/2024 18:06,74.1,21.73
9/22/2024 18:16,71.9,21.77
9/22/2024 18:26,73.7,21.8
9/22/2024 18:36,73.3,21.84
9/22/2024 18:46,73.4,21.85
9/22/2024 18:56,72.9,21.89
9/22/2024 19:06,73.3,21.92
9/22/2024 19:16,72.7,21.95
9/22/2024 19:26,72.8,21.99
9/22/2024 19:36,73.2,22.03
9/22/2024 19:46,72.4,22.07
9/22/2024 19:56,73.4,22.11
9/22/2024 20:06,73.1,22.14
9/22/2024 20:16,72.3,22.18
9/22/2024 20:26,74.6,22.21
9/22/2024 20:36,74.1,22.24
9/22/2024 20:46,74.5,22.28
9/22/2024 20:56,72.3,22.3
9/22/2024 21:06,72.6,22.33
9/22/2024 21:16,72.8,22.35
9/22/2024 21:26,73.4,22.37
9/22/2024 21:36,72.5,22.39
9/22/2024 21:46,71.7,22.41
9/22/2024 21:56,71.9,22.42
9/22/2024 22:06,71.8,22.44
9/22/2024 22:16,71.3,22.46
9/22/2024 22:26,73.3,22.46
9/22/2024 22:36,71.6,22.48
9/22/2024 22:46,73.4,22.49
9/22/2024 22:56,72.7,22.49
9/22/2024 23:06,73.3,22.5
9/22/2024 23:16,72.5,22.51
9/22/2024 23:26,73.4,22.51
9/22/2024 23:36,72.8,22.51
9/22/2024 23:46,73.2,22.51
9/22/2024 23:56,73.2,22.51
9/23/2024 0:06,74,22.51
9/23/2024 0:16,72.4,22.5
9/23/2024 0:26,74.6,22.5
9/23/2024 0:36,73.9,22.49
9/23/2024 0:46,71.3,22.48
9/23/2024 0:56,73.6,22.47
9/23/2024 1:06,72.6,22.46
9/23/2024 1:16,72.3,22.45
9/23/2024 1:26,71.7,22.44
9/23/2024 1:36,72.8,22.42
9/23/2024 1:46,72.2,22.4
9/23/2024 1:56,72.7,22.38
9/23/2024 2:06,73.8,22.35
9/23/2024 2:16,74.7,22.33
9/23/2024 2:26,74.8,22.3
9/23/2024 2:36,73.7,22.26
9/23/2024 2:46,75,22.23
9/23/2024 2:56,73.4,22.2
9/23/2024 3:06,74.7,22.17
9/23/2024 3:16,74.2,22.14
9/23/2024 3:26,74.9,22.1
9/23/2024 3:36,75.6,22.07
9/23/2024 3:46,74.7,22.03
9/23/2024 3:56,75.9,21.99
9/23/2024 4:06,76,21.95
9/23/2024 4:16,74.8,21.91
9/23/2024 4:26,76.5,21.87
9/23/2024 4:36,74.9,21.82
9/23/2024 4:46,74.6,21.78
9/23/2024 4:56,74.9,21.73
9/23/2024 5:06,74.1,21.69
9/23/2024 5:16,75.9,21.65
9/23/2024 5:26,76,21.6
9/23/2024 5:36,75.8,21.56
9/23/2024 5:46,76.9,21.52
9/23/2024 5:56,76.1,21.47
9/23/2024 6:06,75.8,21.42
9/23/2024 6:16,76,21.39
9/23/2024 6:26,74.7,21.34
9/23/2024 6:36,74.5,21.3
9/23/2024 6:46,75.6,21.26
9/23/2024 6:56,75.4,21.22
9/23/2024 7:06,74.8,21.17
9/23/2024 7:16,75.8,21.14
9/23/2024 7:26,75.9,21.1
9/23/2024 7:36,75.6,21.06
9/23/2024 7:46,75.5,21.03
9/23/2024 7:56,76.1,20.99
9/23/2024 8:06,76.6,20.96
9/23/2024 8:16,75.5,20.92
9/23/2024 8:26,75.5,20.89
9/23/2024 8:36,75.9,20.87
9/23/2024 8:46,76,20.84
9/23/2024 8:56,75.5,20.81
9/23/2024 9:06,75,20.79
9/23/2024 9:16,75.4,20.77
9/23/2024 9:26,77.1,20.75
9/23/2024 9:36,77,20.74
9/23/2024 9:46,76.2,20.72
9/23/2024 9:56,75.5,20.72
9/23/2024 10:06,76.8,20.72
9/23/2024 10:16,74.7,20.72
9/23/2024 10:26,75.7,20.73
9/23/2024 10:36,77.7,20.75
9/23/2024 10:46,75.3,20.76
9/23/2024 10:56,74.9,20.78
9/23/2024 11:06,74.6,20.81
9/23/2024 11:16,74,20.84
9/23/2024 11:26,74.7,20.88
9/23/2024 11:36,74.7,20.92
9/23/2024 11:46,75.4,20.98
9/23/2024 12:06,74.9,21.12
9/23/2024 12:16,73.8,21.21
9/23/2024 12:26,74,21.29
9/23/2024 12:36,75.1,21.37
9/23/2024 12:46,73.6,21.45
9/23/2024 12:56,73.9,21.53
9/23/2024 13:06,74.4,21.6
9/23/2024 13:16,74.6,21.66
9/23/2024 13:26,72.5,21.72
9/23/2024 13:36,74.7,21.77
9/23/2024 13:46,73.5,21.82
9/23/2024 13:56,73.1,21.86
9/23/2024 14:06,73.5,21.9
9/23/2024 14:16,75.2,21.92
9/23/2024 14:26,72.7,21.94
9/23/2024 14:36,72.7,21.95
9/23/2024 14:46,72.7,21.95
9/23/2024 14:56,73.2,21.95
9/23/2024 15:06,74.5,21.95
9/23/2024 15:16,74.5,21.95
9/23/2024 15:26,73,21.95
9/23/2024 15:36,73.9,21.94
9/23/2024 15:46,73.7,21.94
9/23/2024 15:56,74.8,21.93
9/23/2024 16:06,73.9,21.94
9/23/2024 16:16,73.1,21.95
9/23/2024 16:26,73.9,21.96
9/23/2024 16:36,74.3,21.98
9/23/2024 16:46,72.9,22
9/23/2024 16:56,73.8,22.03
9/23/2024 17:06,73.1,22.05
9/23/2024 17:16,72.4,22.08
9/23/2024 17:26,74.1,22.11
9/23/2024 17:36,74,22.15
9/23/2024 17:46,73.9,22.19
9/23/2024 17:56,72.8,22.23
9/23/2024 18:06,71.1,22.27
9/23/2024 18:16,74,22.3
9/23/2024 18:26,72.6,22.34
9/23/2024 18:36,73.2,22.37
9/23/2024 18:46,71.8,22.4
9/23/2024 18:56,73.2,22.43
9/23/2024 19:06,72.6,22.46
9/23/2024 19:16,73.4,22.49
9/23/2024 19:26,73.6,22.53
9/23/2024 19:36,72.1,22.57
9/23/2024 19:46,73.2,22.61
9/23/2024 19:56,73.4,22.65
9/23/2024 20:06,72.3,22.68
9/23/2024 20:16,71.1,22.72
9/23/2024 20:26,72.3,22.75
9/23/2024 20:36,73.4,22.78
9/23/2024 20:46,72.5,22.82
9/23/2024 20:56,72.4,22.84
9/23/2024 21:06,74.2,22.87
9/23/2024 21:16,73.3,22.89
9/23/2024 21:26,71.9,22.92
9/23/2024 21:36,72.5,22.94
9/23/2024 21:46,72.8,22.96
9/23/2024 21:56,71,22.97
9/23/2024 22:06,71.5,22.99
9/23/2024 22:16,71.5,23.01
9/23/2024 22:26,71.6,23.03
9/23/2024 22:36,71.1,23.05
9/23/2024 22:46,72.5,23.06
9/23/2024 22:56,70.8,23.08
9/23/2024 23:06,73.4,23.09
9/23/2024 23:16,72.6,23.11
9/23/2024 23:26,71.1,23.12
9/23/2024 23:36,72.2,23.13
9/23/2024 23:46,73,23.14
9/23/2024 23:56,71.7,23.14
9/24/2024 0:06,73.1,23.14
9/24/2024 0:16,72.9,23.14
9/24/2024 0:26,72.1,23.13
9/24/2024 0:36,72.2,23.13
9/24/2024 0:46,74,23.12
9/24/2024 0:56,73.1,23.11
9/24/2024 1:06,70.6,23.09
9/24/2024 1:16,72,23.07
9/24/2024 1:26,73.5,23.04
9/24/2024 1:36,73.7,23.01
9/24/2024 1:46,74.5,22.97
9/24/2024 1:56,75,22.94
9/24/2024 2:06,73.7,22.9
9/24/2024 2:16,74.9,22.87
9/24/2024 2:26,74.3,22.82
9/24/2024 2:36,75.3,22.77
9/24/2024 2:46,73.8,22.72
9/24/2024 2:56,74.8,22.68
9/24/2024 3:06,74.9,22.64
9/24/2024 3:16,74.7,22.59
9/24/2024 3:26,74.5,22.55
9/24/2024 3:36,76.3,22.5
9/24/2024 3:46,74.6,22.45
9/24/2024 3:56,75.5,22.41
9/24/2024 4:06,75.7,22.37
9/24/2024 4:16,74.6,22.33
9/24/2024 4:26,75.7,22.28
9/24/2024 4:36,77.5,22.23
9/24/2024 4:46,75.1,22.18
9/24/2024 4:56,77.2,22.14
9/24/2024 5:06,76.7,22.09
9/24/2024 5:16,74.5,22.04
9/24/2024 5:26,75.1,22
9/24/2024 5:36,73.3,21.96
9/24/2024 5:46,74.7,21.92
9/24/2024 5:56,76,21.87
9/24/2024 6:06,75.6,21.83
9/24/2024 6:16,76.1,21.8
9/24/2024 6:26,75.3,21.75
9/24/2024 6:36,76.2,21.72
9/24/2024 6:46,76.2,21.68
9/24/2024 6:56,75.8,21.64
9/24/2024 7:06,75.4,21.6
9/24/2024 7:16,76.2,21.56
9/24/2024 7:26,76.5,21.53
9/24/2024 7:36,75.2,21.49
9/24/2024 7:46,76.5,21.46
9/24/2024 7:56,75.3,21.43
9/24/2024 8:06,75.7,21.4
9/24/2024 8:16,76,21.37
9/24/2024 8:26,75.9,21.35
9/24/2024 8:36,76.1,21.33
9/24/2024 8:46,76.2,21.31
9/24/2024 8:56,74.3,21.29
9/24/2024 9:06,74.2,21.28
9/24/2024 9:16,75.3,21.27
9/24/2024 9:26,75.2,21.27
9/24/2024 9:36,74.4,21.25
9/24/2024 9:46,77.1,21.25
9/24/2024 9:56,77.5,21.25
9/24/2024 10:06,74.3,21.25
9/24/2024 10:16,73.6,21.26
9/24/2024 10:26,73.9,21.26
9/24/2024 10:36,74.9,21.27
9/24/2024 10:46,74.3,21.28
9/24/2024 10:56,73.5,21.29
9/24/2024 11:06,73.7,21.31
9/24/2024 11:16,75.1,21.33
9/24/2024 11:26,74.6,21.36
9/24/2024 11:36,74,21.4
9/24/2024 11:46,74.9,21.46
9/24/2024 11:56,73.2,21.52
9/24/2024 12:06,74.1,21.59
9/24/2024 12:16,73.7,21.66
9/24/2024 12:26,74.6,21.73
9/24/2024 12:36,73.5,21.8
9/24/2024 12:46,74.1,21.87
9/24/2024 12:56,72.3,21.94
9/24/2024 13:06,74.1,22
9/24/2024 13:16,75,22.06
9/24/2024 13:26,74.5,22.11
9/24/2024 13:36,73,22.15
9/24/2024 13:46,72,22.19
9/24/2024 13:56,72,22.22
9/24/2024 14:06,73.1,22.25
9/24/2024 14:16,72.9,22.27
9/24/2024 14:26,72.1,22.28
9/24/2024 14:36,72,22.29
9/24/2024 14:46,72.6,22.29
9/24/2024 14:56,72.5,22.29
9/24/2024 15:06,72.8,22.29
9/24/2024 15:16,74.7,22.29
9/24/2024 15:26,72.6,22.29
9/24/2024 15:36,73.8,22.29
9/24/2024 15:46,72.8,22.29
9/24/2024 15:56,74,22.29
9/24/2024 16:06,74,22.3
9/24/2024 16:16,74.8,22.3
9/24/2024 16:26,73.8,22.31
9/24/2024 16:36,73.4,22.33
9/24/2024 16:46,72.1,22.35
9/24/2024 16:56,71.5,22.37
9/24/2024 17:06,73.1,22.39
9/24/2024 17:16,73.5,22.42
9/24/2024 17:26,74.1,22.44
9/24/2024 17:36,72.3,22.47
9/24/2024 17:46,71.5,22.49
9/24/2024 17:56,73.5,22.52
9/24/2024 18:06,72.8,22.55
9/24/2024 18:16,71.3,22.58
9/24/2024 18:26,74,22.6
9/24/2024 18:36,73.3,22.62
9/24/2024 18:46,72.6,22.64
9/24/2024 18:56,73.7,22.66
9/24/2024 19:06,73.8,22.69
9/24/2024 19:16,72.1,22.72
9/24/2024 19:26,73.3,22.75
9/24/2024 19:36,73.4,22.78
9/24/2024 19:46,73.2,22.81
9/24/2024 19:56,73.6,22.84
9/24/2024 20:06,71.8,22.87
9/24/2024 20:16,72.1,22.9
9/24/2024 20:26,72.6,22.93
9/24/2024 20:36,72.6,22.95
9/24/2024 20:46,72.4,22.96
9/24/2024 20:56,72.7,22.98
9/24/2024 21:06,73,22.99
9/24/2024 21:16,72.4,23
9/24/2024 21:26,73.6,23.01
9/24/2024 21:36,73.6,23.02
9/24/2024 21:46,72.1,23.03
9/24/2024 21:56,75.3,23.03
9/24/2024 22:06,72.5,23.04
9/24/2024 22:16,72.8,23.04
9/24/2024 22:26,74,23.05
9/24/2024 22:36,73.1,23.05
9/24/2024 22:46,73.1,23.06
9/24/2024 22:56,72.9,23.06
9/24/2024 23:06,74.1,23.07
9/24/2024 23:16,79.5,23.08
9/24/2024 23:26,72.8,23.08
9/24/2024 23:36,71.2,23.09
9/24/2024 23:46,73.4,23.1
9/24/2024 23:56,72.4,23.1
9/25/2024 0:06,73.3,23.09
9/25/2024 0:16,74.8,23.09
9/25/2024 0:26,73.4,23.09
9/25/2024 0:36,73,23.08
9/25/2024 0:46,74,23.07
9/25/2024 0:56,72.8,23.07
9/25/2024 1:06,73,23.06
9/25/2024 1:16,72.1,23.05
9/25/2024 1:26,73.4,23.03
9/25/2024 1:36,73.6,23
9/25/2024 1:46,73.3,22.97
9/25/2024 1:56,73.9,22.95
9/25/2024 2:06,73.6,22.92
9/25/2024 2:16,73.9,22.87
9/25/2024 2:26,75.7,22.83
9/25/2024 2:36,74.4,22.79
9/25/2024 2:46,74.4,22.76
9/25/2024 2:56,75.3,22.73
9/25/2024 3:06,75.1,22.69
9/25/2024 3:16,76.7,22.64
9/25/2024 3:26,75.4,22.6
9/25/2024 3:36,75,22.56
9/25/2024 3:46,75.1,22.51
9/25/2024 3:56,74.1,22.47
9/25/2024 4:06,75,22.43
9/25/2024 4:16,74.5,22.38
9/25/2024 4:26,75.3,22.33
9/25/2024 4:36,74.9,22.29
9/25/2024 4:46,75.7,22.24
9/25/2024 4:56,75.1,22.19
9/25/2024 5:06,75,22.14
9/25/2024 5:16,75.1,22.1
9/25/2024 5:26,75,22.05
9/25/2024 5:36,76.9,22.01
9/25/2024 5:46,76,21.95
9/25/2024 5:56,75.7,21.91
9/25/2024 6:06,74.4,21.86
9/25/2024 6:16,76.2,21.82
9/25/2024 6:26,74.7,21.78
9/25/2024 6:36,75.5,21.74
9/25/2024 6:46,73,21.69
9/25/2024 6:56,75.9,21.65
9/25/2024 7:06,76.2,21.61
9/25/2024 7:16,74.1,21.57
9/25/2024 7:26,75,21.53
9/25/2024 7:36,74.9,21.49
9/25/2024 7:46,75.6,21.45
9/25/2024 7:56,74.8,21.42
9/25/2024 8:06,74.4,21.39
9/25/2024 8:16,75.2,21.35
9/25/2024 8:26,76.3,21.32
9/25/2024 8:36,77.2,21.3
9/25/2024 8:46,75.2,21.26
9/25/2024 8:56,74.3,21.24
9/25/2024 9:06,75.8,21.21
9/25/2024 9:16,76,21.19
9/25/2024 9:26,76.2,21.17
9/25/2024 9:36,75.2,21.15
9/25/2024 9:46,74.5,21.14
9/25/2024 9:56,75.4,21.13
9/25/2024 10:06,76.5,21.12
9/25/2024 10:16,77.2,21.11
9/25/2024 10:26,75.8,21.1
9/25/2024 10:36,76.4,21.1
9/25/2024 10:46,76.1,21.11
9/25/2024 10:56,74.4,21.13
9/25/2024 11:06,73.3,21.15
9/25/2024 11:16,75.4,21.17
9/25/2024 11:26,74.5,21.21
9/25/2024 11:36,74.9,21.26
9/25/2024 11:46,75.6,21.31
9/25/2024 11:56,74.6,21.37
9/25/2024 12:06,75.5,21.43
9/25/2024 12:16,74.3,21.5
9/25/2024 12:26,73.6,21.56
9/25/2024 12:36,74.7,21.62
9/25/2024 12:46,75.4,21.67
9/25/2024 12:56,73.8,21.73
9/25/2024 13:06,75.7,21.78
9/25/2024 13:16,74,21.82
9/25/2024 13:26,74.4,21.86
9/25/2024 13:36,73.5,21.89
9/25/2024 13:46,73.5,21.91
9/25/2024 13:56,74.1,21.93
9/25/2024 14:06,74.3,21.93
9/25/2024 14:16,74.3,21.93
9/25/2024 14:26,74.7,21.92
9/25/2024 14:36,75.1,21.9
9/25/2024 14:46,74.5,21.88
9/25/2024 14:56,72.5,21.86
9/25/2024 15:06,74.8,21.83
9/25/2024 15:16,74.9,21.82
9/25/2024 15:26,75.2,21.8
9/25/2024 15:36,74.4,21.78
9/25/2024 15:46,74,21.76
9/25/2024 15:56,75.5,21.74
9/25/2024 16:06,74.1,21.73
9/25/2024 16:16,74.2,21.72
9/25/2024 16:26,74.4,21.72
9/25/2024 16:36,74.6,21.73
9/25/2024 16:46,73.7,21.75
9/25/2024 16:56,75.2,21.76
9/25/2024 17:06,75.2,21.78
9/25/2024 17:16,74.3,21.79
9/25/2024 17:26,74.4,21.81
9/25/2024 17:36,73.2,21.82
9/25/2024 17:46,73,21.83
9/25/2024 17:56,74.7,21.84
9/25/2024 18:06,73.7,21.84
9/25/2024 18:16,75.2,21.85
9/25/2024 18:26,73.1,21.85
9/25/2024 18:36,74,21.84
9/25/2024 18:46,73.9,21.84
9/25/2024 18:56,72.7,21.84
9/25/2024 19:06,74.1,21.86
9/25/2024 19:16,74.4,21.88
9/25/2024 19:26,73.5,21.9
9/25/2024 19:36,74.1,21.92
9/25/2024 19:46,75.1,21.94
9/25/2024 19:56,74.1,21.96
9/25/2024 20:06,73.2,21.98
9/25/2024 20:16,73,22
9/25/2024 20:26,72,22.02
9/25/2024 20:36,73.4,22.03
9/25/2024 20:46,72.8,22.04
9/25/2024 20:56,73.8,22.06
9/25/2024 21:06,74,22.07
9/25/2024 21:16,74.9,22.07
9/25/2024 21:26,73.5,22.08
9/25/2024 21:36,74,22.08
9/25/2024 21:46,72.8,22.09
9/25/2024 21:56,73.2,22.1
9/25/2024 22:06,73.3,22.11
9/25/2024 22:16,73.4,22.12
9/25/2024 22:26,73.3,22.12
9/25/2024 22:36,73.5,22.12
9/25/2024 22:46,73.6,22.13
9/25/2024 22:56,73.9,22.14
9/25/2024 23:06,73.6,22.14
9/25/2024 23:16,74.6,22.15
9/25/2024 23:26,73.5,22.16
9/25/2024 23:36,74.4,22.17
9/25/2024 23:46,73.6,22.18
9/25/2024 23:56,73.3,22.19
9/26/2024 0:06,74,22.19
9/26/2024 0:16,74.4,22.2
9/26/2024 0:26,73.8,22.2
9/26/2024 0:36,74.1,22.2
9/26/2024 0:46,75,22.2
9/26/2024 0:56,74,22.2
9/26/2024 1:06,74,22.19
9/26/2024 1:16,73.9,22.19
9/26/2024 1:26,75,22.18
9/26/2024 1:36,74.8,22.16
9/26/2024 1:46,75.5,22.14
9/26/2024 1:56,75.9,22.1
9/26/2024 2:06,74.4,22.06
9/26/2024 2:16,75.8,22.02
9/26/2024 2:26,76.5,21.99
9/26/2024 2:36,76.8,21.96
9/26/2024 2:46,75.8,21.93
9/26/2024 2:56,75.2,21.89
9/26/2024 3:06,76.5,21.85
9/26/2024 3:16,75.7,21.81
9/26/2024 3:26,74.6,21.77
9/26/2024 3:36,75.9,21.73
9/26/2024 3:46,75.4,21.69
9/26/2024 3:56,77.2,21.65
9/26/2024 4:06,76.9,21.6
9/26/2024 4:16,76.4,21.56
9/26/2024 4:26,77.4,21.51
9/26/2024 4:36,75.6,21.47
9/26/2024 4:46,75.2,21.42
9/26/2024 4:56,75.1,21.38
9/26/2024 5:06,76.3,21.34
9/26/2024 5:16,76.5,21.29
9/26/2024 5:26,75.9,21.25
9/26/2024 5:36,75.3,21.21
9/26/2024 5:46,77.4,21.17
9/26/2024 5:56,76.3,21.13
9/26/2024 6:06,76.4,21.09
9/26/2024 6:16,75.7,21.06
9/26/2024 6:26,75.6,21.01
9/26/2024 6:36,77.8,20.99
9/26/2024 6:46,76,20.95
9/26/2024 6:56,75.8,20.92
9/26/2024 7:06,76.1,20.89
9/26/2024 7:16,75.3,20.85
9/26/2024 7:26,76.7,20.83
9/26/2024 7:36,76.1,20.78
9/26/2024 7:46,77.6,20.76
9/26/2024 7:56,75.6,20.72
9/26/2024 8:06,75.1,20.69
9/26/2024 8:16,77.3,20.67
9/26/2024 8:36,76.7,20.62
9/26/2024 8:46,75.4,20.6
9/26/2024 8:56,76,20.58
9/26/2024 9:06,76.4,20.55
9/26/2024 9:16,76.1,20.52
9/26/2024 9:26,77.5,20.5
9/26/2024 9:36,76,20.48
9/26/2024 9:46,76.4,20.47
9/26/2024 9:56,76.1,20.45
9/26/2024 10:06,75.3,20.43
9/26/2024 10:16,76.3,20.41
9/26/2024 10:26,77.5,20.4
9/26/2024 10:36,75.3,20.39
9/26/2024 10:46,75.9,20.39
9/26/2024 10:56,75.5,20.38
9/26/2024 11:06,75.9,20.37
9/26/2024 11:16,76.3,20.37
9/26/2024 11:26,76.3,20.38
9/26/2024 11:36,76.1,20.39
9/26/2024 11:46,76.2,20.42
9/26/2024 11:56,75.4,20.45
9/26/2024 12:06,74.8,20.5
9/26/2024 12:16,76.6,20.54
9/26/2024 12:26,74.8,20.59
9/26/2024 12:36,75.2,20.66
9/26/2024 12:46,75.5,20.71
9/26/2024 12:56,74.7,20.77
9/26/2024 13:06,74.4,20.84
9/26/2024 13:16,75.4,20.9
9/26/2024 13:26,74.4,20.96
9/26/2024 13:36,74.3,21.02
9/26/2024 13:46,73.6,21.06
9/26/2024 13:56,72.6,21.1
9/26/2024 14:06,74,21.14
9/26/2024 14:16,75,21.16
9/26/2024 14:26,73.4,21.1
9/26/2024 14:36,71.4,21.14
9/26/2024 14:46,71.2,21.07
9/26/2024 14:56,69.8,21.03
9/26/2024 15:06,69.6,21.01
9/26/2024 15:16,70.5,20.96
9/26/2024 15:26,68.6,20.89
9/26/2024 15:36,68.6,20.88
9/26/2024 15:46,69.1,20.85
9/26/2024 15:56,71.5,20.76
9/26/2024 16:06,70.9,20.75
9/26/2024 16:16,72.4,20.78
9/26/2024 16:26,70.8,20.82
9/26/2024 16:36,72.5,20.87
9/26/2024 16:46,74.9,20.89
9/26/2024 16:56,73.6,20.92
9/26/2024 17:06,73.3,20.95
9/26/2024 17:16,73.3,20.98
9/26/2024 17:26,74.6,21
9/26/2024 17:36,72.4,21.02
9/26/2024 17:46,74.6,21.04
9/26/2024 17:56,72.3,21.06
9/26/2024 18:06,74,21.07
9/26/2024 18:16,73.3,21.08
9/26/2024 18:26,73.9,21.1
9/26/2024 18:36,73.1,21.11
9/26/2024 18:46,72.1,21.12
9/26/2024 18:56,73.1,21.14
9/26/2024 19:06,74.1,21.16
9/26/2024 19:16,70.9,21.19
9/26/2024 19:26,71.2,21.21
9/26/2024 19:36,72,21.25
9/26/2024 19:46,73.5,21.28
9/26/2024 19:56,72.9,21.32
9/26/2024 20:06,71.6,21.36
9/26/2024 20:16,73.7,21.4
9/26/2024 20:26,72.3,21.43
9/26/2024 20:36,72.3,21.47
9/26/2024 20:46,71.6,21.5
9/26/2024 20:56,72.7,21.53
9/26/2024 21:06,72.1,21.57
9/26/2024 21:16,71.7,21.6
9/26/2024 21:26,71.5,21.63
9/26/2024 21:36,72.5,21.66
9/26/2024 21:46,73.5,21.68
9/26/2024 21:56,71.8,21.7
9/26/2024 22:06,72.4,21.72
9/26/2024 22:16,72.3,21.74
9/26/2024 22:26,72.9,21.76
9/26/2024 22:36,72.7,21.77
9/26/2024 22:46,71.6,21.78
9/26/2024 22:56,74.4,21.8
9/26/2024 23:06,73.3,21.81
9/26/2024 23:16,73,21.82
9/26/2024 23:26,72.5,21.83
9/26/2024 23:36,72,21.83
9/26/2024 23:46,72.7,21.83
9/26/2024 23:56,72.9,21.83
9/27/2024 0:06,73.3,21.82
9/27/2024 0:16,72.7,21.82
9/27/2024 0:26,72.6,21.82
9/27/2024 0:36,74.8,21.81
9/27/2024 0:46,72.6,21.79
9/27/2024 0:56,73.1,21.77
9/27/2024 1:06,72.1,21.75
9/27/2024 1:16,72.3,21.72
9/27/2024 1:26,71.9,21.69
9/27/2024 1:36,73.5,21.66
9/27/2024 1:46,74.2,21.63
9/27/2024 1:56,73.5,21.61
9/27/2024 2:06,74.8,21.57
9/27/2024 2:16,74.6,21.54
9/27/2024 2:26,73.8,21.51
9/27/2024 2:36,75,21.47
9/27/2024 2:46,74.4,21.43
9/27/2024 2:56,74.1,21.4
9/27/2024 3:06,73.6,21.36
9/27/2024 3:16,74.7,21.32
9/27/2024 3:26,72.5,21.27
9/27/2024 3:36,72.8,21.24
9/27/2024 3:46,74.9,21.19
9/27/2024 3:56,73.2,21.16
9/27/2024 4:06,73.5,21.11
9/27/2024 4:16,74.1,21.06
9/27/2024 4:26,74.3,21.02
9/27/2024 4:36,74.2,20.98
9/27/2024 4:46,73.1,20.93
9/27/2024 4:56,74.6,20.89
9/27/2024 5:06,73.9,20.85
9/27/2024 5:16,74.2,20.81
9/27/2024 5:26,74.8,20.77
9/27/2024 5:36,74.3,20.73
9/27/2024 5:46,75.8,20.69
9/27/2024 5:56,74.6,20.65
9/27/2024 6:06,76.6,20.61
9/27/2024 6:16,73.8,20.57
9/27/2024 6:26,74,20.53
9/27/2024 6:36,74,20.5
9/27/2024 6:46,73.9,20.46
9/27/2024 6:56,73.4,20.43
9/27/2024 7:06,74,20.38
9/27/2024 7:16,74.2,20.35
9/27/2024 7:26,75.3,20.33
9/27/2024 7:36,74,20.3
9/27/2024 7:46,73.8,20.27
9/27/2024 7:56,75.3,20.24
9/27/2024 8:06,74.7,20.22
9/27/2024 8:16,74.5,20.19
9/27/2024 8:26,75.6,20.18
9/27/2024 8:36,75.7,20.16
9/27/2024 8:46,75.2,20.14
9/27/2024 8:56,74.7,20.12
9/27/2024 9:06,73.8,20.1
9/27/2024 9:16,75.1,20.08
9/27/2024 9:26,75.1,20.07
9/27/2024 9:36,73.8,20.05
9/27/2024 9:46,73.8,20.04
9/27/2024 9:56,73.9,20.02
9/27/2024 10:06,73.6,20.01
9/27/2024 10:16,74.8,20.01
9/27/2024 10:26,74.7,20
9/27/2024 10:36,75.2,19.99
9/27/2024 10:46,74.4,19.99
9/27/2024 10:56,74.4,19.98
9/27/2024 11:06,75.5,19.98
9/27/2024 11:16,72.2,19.98
9/27/2024 11:26,74.3,19.98
9/27/2024 11:36,75.1,19.99
9/27/2024 11:46,74.5,20
9/27/2024 11:56,75.5,20.01
9/27/2024 12:06,74.7,20.06
9/27/2024 12:16,74.4,20.11
9/27/2024 12:26,74.4,20.18
9/27/2024 12:36,73.1,20.26
9/27/2024 12:46,74.4,20.33
9/27/2024 12:56,72.9,20.39
9/27/2024 13:06,73.3,20.46
9/27/2024 13:16,73.5,20.52
9/27/2024 13:26,73.8,20.58
9/27/2024 13:36,73,20.64
9/27/2024 13:46,73.2,20.68
9/27/2024 13:56,71.2,20.72
9/27/2024 14:06,72.3,20.75
9/27/2024 14:16,73,20.78
9/27/2024 14:26,71,20.8
9/27/2024 14:36,73.4,20.8
9/27/2024 14:46,72.6,20.8
9/27/2024 14:56,71.6,20.79
9/27/2024 15:06,73.5,20.78
9/27/2024 15:16,74.1,20.76
9/27/2024 15:26,73.6,20.76
9/27/2024 15:36,73.4,20.74
9/27/2024 15:46,73.4,20.72
9/27/2024 15:56,74,20.71
9/27/2024 16:06,73.8,20.7
9/27/2024 16:16,73.3,20.7
9/27/2024 16:26,74.5,20.71
9/27/2024 16:36,74.7,20.71
9/27/2024 16:46,73.5,20.73
9/27/2024 16:56,73.6,20.74
9/27/2024 17:06,71.9,20.76
9/27/2024 17:16,71.6,20.77
9/27/2024 17:26,72.3,20.79
9/27/2024 17:36,73.1,20.8
9/27/2024 17:46,73.2,20.83
9/27/2024 17:56,73.8,20.85
9/27/2024 18:06,72.8,20.87
9/27/2024 18:16,72.8,20.89
9/27/2024 18:26,72.7,20.92
9/27/2024 18:36,72,20.94
9/27/2024 18:46,72.1,20.96
9/27/2024 18:56,73.5,20.98
9/27/2024 19:06,73.8,21
9/27/2024 19:16,73.3,21.01
9/27/2024 19:26,73.3,21.04
9/27/2024 19:36,74.3,21.07
9/27/2024 19:46,73.2,21.1
9/27/2024 19:56,72.4,21.12
9/27/2024 20:06,73.2,21.14
9/27/2024 20:16,72.3,21.16
9/27/2024 20:26,73.5,21.18
9/27/2024 20:36,72.5,21.21
9/27/2024 20:46,71.9,21.22
9/27/2024 20:56,73.1,21.24
9/27/2024 21:06,73.5,21.25
9/27/2024 21:16,74.2,21.26
9/27/2024 21:26,73.9,21.27
9/27/2024 21:36,72.9,21.28
9/27/2024 21:46,74,21.29
9/27/2024 21:56,72.9,21.3
9/27/2024 22:06,73.8,21.31
9/27/2024 22:16,74.3,21.32
9/27/2024 22:26,74.2,21.32
9/27/2024 22:36,73.3,21.32
9/27/2024 22:46,73.2,21.33
9/27/2024 22:56,73.8,21.34
9/27/2024 23:06,73,21.34
9/27/2024 23:16,74.3,21.36
9/27/2024 23:26,74.9,21.36
9/27/2024 23:36,72.8,21.37
9/27/2024 23:46,73.9,21.38
9/27/2024 23:56,74.7,21.38
9/28/2024 0:06,73.8,21.38
9/28/2024 0:16,72.7,21.38
9/28/2024 0:26,73.7,21.38
9/28/2024 0:36,75.5,21.38
9/28/2024 0:46,73.9,21.38
9/28/2024 0:56,74.9,21.37
9/28/2024 1:06,74.3,21.36
9/28/2024 1:16,73.8,21.35
9/28/2024 1:26,73.4,21.34
9/28/2024 1:36,75.3,21.33
9/28/2024 1:46,74.5,21.31
9/28/2024 1:56,74.7,21.28
9/28/2024 2:06,73.4,21.27
9/28/2024 2:16,73.8,21.25
9/28/2024 2:26,75.6,21.23
9/28/2024 2:36,74.1,21.2
9/28/2024 2:46,74.1,21.18
9/28/2024 2:56,73.6,21.15
9/28/2024 3:06,73.4,21.12
9/28/2024 3:16,74.6,21.09
9/28/2024 3:26,74.4,21.06
9/28/2024 3:36,73.9,21.02
9/28/2024 3:46,75.7,20.98
9/28/2024 3:56,73,20.95
9/28/2024 4:06,75.4,20.91
9/28/2024 4:16,74.7,20.86
9/28/2024 4:26,74.5,20.82
9/28/2024 4:36,74.3,20.77
9/28/2024 4:46,74.6,20.73
9/28/2024 4:56,74,20.69
9/28/2024 5:06,76.3,20.64
9/28/2024 5:16,74.7,20.6
9/28/2024 5:26,74.7,20.56
9/28/2024 5:36,74.7,20.52
9/28/2024 5:46,73.2,20.48
9/28/2024 5:56,76.3,20.43
9/28/2024 6:06,73.8,20.4
9/28/2024 6:16,75.4,20.36
9/28/2024 6:26,74.7,20.32
9/28/2024 6:36,75,20.28
9/28/2024 6:46,74.7,20.24
9/28/2024 6:56,74.3,20.2
9/28/2024 7:06,74.2,20.15
9/28/2024 7:16,74.1,20.11
9/28/2024 7:26,74.8,20.08
9/28/2024 7:36,73.7,20.05
9/28/2024 7:46,74.8,20.02
9/28/2024 7:56,75.3,19.98
9/28/2024 8:06,74.3,19.95
9/28/2024 8:16,75.9,19.91
9/28/2024 8:26,74.8,19.89
9/28/2024 8:36,72.7,19.86
9/28/2024 8:46,75.1,19.84
9/28/2024 8:56,75.2,19.83
9/28/2024 9:06,74.9,19.82
9/28/2024 9:16,74,19.8
9/28/2024 9:26,74.8,19.8
9/28/2024 9:36,74.6,19.79
9/28/2024 9:46,74.3,19.77
9/28/2024 9:56,73.1,19.78
9/28/2024 10:06,76,19.79
9/28/2024 10:16,75.2,19.8
9/28/2024 10:26,74.3,19.82
9/28/2024 10:36,72.9,19.84
9/28/2024 10:46,72.5,19.86
9/28/2024 10:56,73.3,19.88
9/28/2024 11:06,73.4,19.91
9/28/2024 11:16,73.9,19.93
9/28/2024 11:26,73.2,19.97
9/28/2024 11:36,71.8,20.02
9/28/2024 11:46,72.5,20.08
9/28/2024 11:56,72.9,20.16
9/28/2024 12:06,73.8,20.24
9/28/2024 12:16,73.8,20.32
9/28/2024 12:26,73.7,20.4
9/28/2024 12:36,74.4,20.47
9/28/2024 12:46,74.5,20.55
9/28/2024 12:56,73.3,20.62
9/28/2024 13:06,75.1,20.67
9/28/2024 13:16,72.5,20.73
9/28/2024 13:26,71.1,20.78
9/28/2024 13:36,73.4,20.82
9/28/2024 13:46,73.8,20.85
9/28/2024 13:56,71.7,20.87
9/28/2024 14:06,74.5,20.89
9/28/2024 14:16,73.6,20.88
9/28/2024 14:26,73.9,20.88
9/28/2024 14:36,72.8,20.87
9/28/2024 14:46,74.6,20.87
9/28/2024 14:56,72.8,20.86
9/28/2024 15:06,73.8,20.85
9/28/2024 15:16,74.4,20.85
9/28/2024 15:26,74,20.84
9/28/2024 15:36,73.7,20.83
9/28/2024 15:46,74,20.83
9/28/2024 15:56,74.6,20.83
9/28/2024 16:06,74.2,20.83
9/28/2024 16:16,73.6,20.84
9/28/2024 16:26,74.1,20.86
9/28/2024 16:36,72.6,20.89
9/28/2024 16:46,73.3,20.91
9/28/2024 16:56,73.4,20.95
9/28/2024 17:06,72.8,20.98
9/28/2024 17:16,72.7,21.02
9/28/2024 17:26,74.5,21.06
9/28/2024 17:36,73.7,21.11
9/28/2024 17:46,74,21.16
9/28/2024 17:56,73.7,21.21
9/28/2024 18:06,72.6,21.26
9/28/2024 18:16,72.8,21.29
9/28/2024 18:26,72.1,21.33
9/28/2024 18:36,73,21.37
9/28/2024 18:46,73.4,21.42
9/28/2024 18:56,72.7,21.46
9/28/2024 19:06,73.4,21.5
9/28/2024 19:16,72.1,21.55
9/28/2024 19:26,71.8,21.58
9/28/2024 19:36,73.9,21.61
9/28/2024 19:46,73.3,21.64
9/28/2024 19:56,72.5,21.67
9/28/2024 20:06,73.4,21.69
9/28/2024 20:16,73.6,21.71
9/28/2024 20:26,74.6,21.73
9/28/2024 20:36,73.1,21.75
9/28/2024 20:46,72.1,21.77
9/28/2024 20:56,72.6,21.78
9/28/2024 21:06,74,21.8
9/28/2024 21:16,72.5,21.81
9/28/2024 21:26,73.5,21.82
9/28/2024 21:36,72.3,21.83
9/28/2024 21:46,73.1,21.84
9/28/2024 21:56,73.2,21.84
9/28/2024 22:06,74.4,21.84
9/28/2024 22:16,73.2,21.83
9/28/2024 22:26,73.3,21.83
9/28/2024 22:36,73.7,21.83
9/28/2024 22:46,72.9,21.83
9/28/2024 22:56,75.1,21.82
9/28/2024 23:06,73.2,21.81
9/28/2024 23:16,72.7,21.81
9/28/2024 23:26,74.2,21.8
9/28/2024 23:36,73.9,21.8
9/28/2024 23:46,73.7,21.78
9/28/2024 23:56,72.8,21.76
9/29/2024 0:06,73.9,21.74
9/29/2024 0:16,72.6,21.72
9/29/2024 0:26,72.7,21.69
9/29/2024 0:36,73.4,21.67
9/29/2024 0:46,74.5,21.64
9/29/2024 0:56,73.5,21.61
9/29/2024 1:06,74.6,21.58
9/29/2024 1:16,74.3,21.55
9/29/2024 1:26,74.7,21.52
9/29/2024 1:36,72.9,21.48
9/29/2024 1:46,74.8,21.44
9/29/2024 1:56,75.6,21.4
9/29/2024 2:06,75.1,21.37
9/29/2024 2:16,74.8,21.33
9/29/2024 2:26,75.2,21.29
9/29/2024 2:36,76.5,21.25
9/29/2024 2:46,73.6,21.21
9/29/2024 2:56,76.2,21.18
9/29/2024 3:06,74.8,21.14
9/29/2024 3:16,76.7,21.1
9/29/2024 3:26,75.5,21.07
9/29/2024 3:36,76.4,21.02
9/29/2024 3:46,75.3,20.98
9/29/2024 3:56,75.3,20.95
9/29/2024 4:06,75.3,20.91
9/29/2024 4:16,74.2,20.87
9/29/2024 4:26,75.9,20.82
9/29/2024 4:36,75.9,20.78
9/29/2024 4:46,74.9,20.73
9/29/2024 4:56,76.8,20.69
9/29/2024 5:06,76.4,20.65
9/29/2024 5:16,75.4,20.6
9/29/2024 5:26,76.2,20.56
9/29/2024 5:36,76.1,20.52
9/29/2024 5:46,75.9,20.48
9/29/2024 5:56,76.8,20.44
9/29/2024 6:06,77.3,20.4
9/29/2024 6:16,75.4,20.35
9/29/2024 6:26,73.5,20.32
9/29/2024 6:36,74.3,20.28
9/29/2024 6:46,76.5,20.23
9/29/2024 6:56,74.5,20.19
9/29/2024 7:06,75.9,20.15
9/29/2024 7:16,75.6,20.11
9/29/2024 7:26,75.5,20.07
9/29/2024 7:36,76.4,20.04
9/29/2024 7:46,76.7,20
9/29/2024 7:56,75.1,19.96
9/29/2024 8:06,73.1,19.93
9/29/2024 8:16,76.9,19.9
9/29/2024 8:26,75.4,19.87
9/29/2024 8:36,75.1,19.84
9/29/2024 8:46,74.5,19.81
9/29/2024 8:56,74.4,19.8
9/29/2024 9:06,76.3,19.78
9/29/2024 9:16,74.7,19.77
9/29/2024 9:26,75.5,19.75
9/29/2024 9:36,74.9,19.74
9/29/2024 9:46,75.8,19.74
9/29/2024 9:56,74.9,19.74
9/29/2024 10:06,74.4,19.75
9/29/2024 10:16,73.8,19.75
9/29/2024 10:26,74.8,19.77
9/29/2024 10:36,74.8,19.78
9/29/2024 10:46,75.8,19.8
9/29/2024 10:56,74.2,19.82
9/29/2024 11:06,75.3,19.85
9/29/2024 11:16,74.7,19.89
9/29/2024 11:26,73.6,19.93
9/29/2024 11:36,73.8,19.97
9/29/2024 11:46,74.5,20.04
9/29/2024 11:56,72.7,20.11
9/29/2024 12:06,73.2,20.19
9/29/2024 12:16,72.8,20.28
9/29/2024 12:26,74.8,20.36
9/29/2024 12:36,74.9,20.44
9/29/2024 12:46,74.8,20.51
9/29/2024 12:56,75.4,20.58
9/29/2024 13:06,73.9,20.64
9/29/2024 13:16,72,20.69
9/29/2024 13:26,74.9,20.74
9/29/2024 13:36,74.1,20.78
9/29/2024 13:46,72.6,20.82
9/29/2024 13:56,74.1,20.85
9/29/2024 14:06,74,20.86
9/29/2024 14:16,74.6,20.85
9/29/2024 14:26,72.9,20.84
9/29/2024 14:36,74.1,20.83
9/29/2024 14:46,72.4,20.82
9/29/2024 14:56,73.2,20.81
9/29/2024 15:06,73.4,20.8
9/29/2024 15:16,74.3,20.79
9/29/2024 15:26,73.3,20.78
9/29/2024 15:36,74,20.78
9/29/2024 15:46,72.6,20.78
9/29/2024 15:56,73.6,20.78
9/29/2024 16:06,73,20.8
9/29/2024 16:16,73,20.81
9/29/2024 16:26,72.3,20.82
9/29/2024 16:36,73.1,20.84
9/29/2024 16:46,72.9,20.86
9/29/2024 16:56,73,20.88
9/29/2024 17:06,73.6,20.92
9/29/2024 17:16,72.8,20.95
9/29/2024 17:26,72.7,20.98
9/29/2024 17:36,71.4,21.01
9/29/2024 17:46,72.1,21.04
9/29/2024 17:56,73.1,21.06
9/29/2024 18:06,72.4,21.08
9/29/2024 18:16,72.4,21.1
9/29/2024 18:26,73.5,21.12
9/29/2024 18:36,73.8,21.13
9/29/2024 18:46,72.5,21.14
9/29/2024 18:56,71.4,21.16
9/29/2024 19:06,72.1,21.18
9/29/2024 19:16,71.3,21.21
9/29/2024 19:26,71.3,21.25
9/29/2024 19:36,71.1,21.27
9/29/2024 19:46,71.8,21.3
9/29/2024 19:56,72.6,21.33
9/29/2024 20:06,73.2,21.35
9/29/2024 20:16,70.8,21.37
9/29/2024 20:26,71.5,21.4
9/29/2024 20:36,71.8,21.41
9/29/2024 20:46,70.9,21.43
9/29/2024 20:56,73,21.44
9/29/2024 21:06,73.2,21.45
9/29/2024 21:16,72,21.46
9/29/2024 21:26,72,21.47
9/29/2024 21:36,72.3,21.47
9/29/2024 21:46,72.3,21.48
9/29/2024 21:56,71.2,21.48
9/29/2024 22:06,72,21.48
9/29/2024 22:16,73,21.48
9/29/2024 22:26,72.2,21.47
9/29/2024 22:36,72,21.47
9/29/2024 22:46,70.6,21.45
9/29/2024 22:56,71.9,21.43
9/29/2024 23:06,71.9,21.42
9/29/2024 23:16,72.7,21.4
9/29/2024 23:26,70.6,21.37
9/29/2024 23:36,71.1,21.35
9/29/2024 23:46,70.9,21.33
9/29/2024 23:56,72.5,21.31
9/30/2024 0:06,72.5,21.29
9/30/2024 0:16,71.8,21.26
9/30/2024 0:26,73.5,21.23
9/30/2024 0:36,73.6,21.2
9/30/2024 0:46,71.8,21.17
9/30/2024 0:56,72.8,21.13
9/30/2024 1:06,72.9,21.1
9/30/2024 1:16,71.9,21.06
9/30/2024 1:26,72.3,21.03
9/30/2024 1:36,73.5,21
9/30/2024 1:46,73.3,20.98
9/30/2024 1:56,72.7,20.94
9/30/2024 2:06,71.9,20.92
9/30/2024 2:16,72.1,20.9
9/30/2024 2:26,73.3,20.88
9/30/2024 2:36,74.9,20.86
9/30/2024 2:46,73.9,20.84
9/30/2024 2:56,73.5,20.81
9/30/2024 3:06,73.4,20.79
9/30/2024 3:16,74.1,20.76
9/30/2024 3:26,74.3,20.74
9/30/2024 3:36,73.2,20.71
9/30/2024 3:46,72.9,20.68
9/30/2024 3:56,74,20.65
9/30/2024 4:06,73.1,20.61
9/30/2024 4:16,73.1,20.58
9/30/2024 4:26,74.9,20.54
9/30/2024 4:36,73.5,20.5
9/30/2024 4:46,74.1,20.46
9/30/2024 4:56,74.2,20.42
9/30/2024 5:06,75.5,20.37
9/30/2024 5:16,74.5,20.33
9/30/2024 5:26,73.7,20.28
9/30/2024 5:36,73.7,20.24
9/30/2024 5:46,73.9,20.2
9/30/2024 5:56,75.1,20.15
9/30/2024 6:06,72.8,20.1
9/30/2024 6:16,75.1,20.06
9/30/2024 6:26,73.1,20.02
9/30/2024 6:36,75.7,19.98
9/30/2024 6:46,72.7,19.94
9/30/2024 6:56,73.7,19.89
9/30/2024 7:06,75.1,19.85
9/30/2024 7:16,74,19.8
9/30/2024 7:26,74.1,19.77
9/30/2024 7:36,73.9,19.73
9/30/2024 7:46,74.2,19.69
9/30/2024 7:56,74.6,19.65
9/30/2024 8:06,73.5,19.62
9/30/2024 8:16,74.9,19.59
9/30/2024 8:26,75,19.57
9/30/2024 8:36,73.9,19.55
9/30/2024 8:46,73.8,19.52
9/30/2024 8:56,73.4,19.5
9/30/2024 9:06,73.7,19.49
9/30/2024 9:16,74.8,19.48
9/30/2024 9:26,74.1,19.48
9/30/2024 9:36,76.3,19.47
9/30/2024 9:46,73,19.47
9/30/2024 9:56,74.9,19.47
9/30/2024 10:06,74.8,19.49
9/30/2024 10:16,74.1,19.5
9/30/2024 10:26,73.6,19.52
9/30/2024 10:36,74.5,19.53
9/30/2024 10:46,74.7,19.55
9/30/2024 10:56,74.7,19.56
9/30/2024 11:06,74,19.59
9/30/2024 11:16,73.6,19.62
9/30/2024 11:26,73.8,19.65
9/30/2024 11:36,72.9,19.7
9/30/2024 11:46,72,19.76
9/30/2024 11:56,73.5,19.83
9/30/2024 12:06,73.6,19.9
9/30/2024 12:16,73.8,19.98
9/30/2024 12:26,74.5,20.05
9/30/2024 12:36,74.5,20.12
9/30/2024 12:46,73.4,20.19
9/30/2024 12:56,73.4,20.25
9/30/2024 13:06,72.2,20.31
9/30/2024 13:16,72.5,20.37
9/30/2024 13:26,73.1,20.42
9/30/2024 13:36,72.8,20.47
9/30/2024 13:46,73.4,20.51
9/30/2024 13:56,72.8,20.54
9/30/2024 14:06,73.2,20.57
9/30/2024 14:16,72.8,20.59
9/30/2024 14:26,72.7,20.59
9/30/2024 14:36,72.7,20.61
9/30/2024 14:46,73.5,20.6
9/30/2024 14:56,70.7,20.6
9/30/2024 15:06,73.6,20.59
9/30/2024 15:16,72.7,20.59
9/30/2024 15:26,72.7,20.58
9/30/2024 15:36,73.4,20.56
9/30/2024 15:46,74.9,20.55
9/30/2024 15:56,73.6,20.55
9/30/2024 16:06,73.1,20.55
9/30/2024 16:16,74,20.57
9/30/2024 16:26,72.7,20.58
9/30/2024 16:36,72.6,20.6
9/30/2024 16:46,73,20.61
9/30/2024 16:56,73.4,20.64
9/30/2024 17:06,71.8,20.66
9/30/2024 17:16,72.8,20.68
9/30/2024 17:26,72.1,20.72
9/30/2024 17:36,72.9,20.76
9/30/2024 17:46,72.5,20.8
9/30/2024 17:56,72,20.84
9/30/2024 18:06,72.3,20.88
9/30/2024 18:16,71,20.92
9/30/2024 18:26,72.6,20.96
9/30/2024 18:36,72.3,20.99
9/30/2024 18:46,72.2,21.03
9/30/2024 18:56,72.6,21.07
9/30/2024 19:06,73.5,21.12
9/30/2024 19:16,73.6,21.17
9/30/2024 19:26,73.2,21.22
9/30/2024 19:36,72.7,21.27
9/30/2024 19:46,73.7,21.33
9/30/2024 19:56,73.4,21.38
9/30/2024 20:06,73.8,21.42
9/30/2024 20:16,73.7,21.46
9/30/2024 20:26,73,21.5
9/30/2024 20:36,72.3,21.54
9/30/2024 20:46,71.7,21.58
9/30/2024 20:56,71.7,21.61
9/30/2024 21:06,71.5,21.64
9/30/2024 21:16,71.9,21.66
9/30/2024 21:26,71.1,21.68
9/30/2024 21:36,72,21.7
9/30/2024 21:46,71,21.72
9/30/2024 21:56,72.3,21.73
9/30/2024 22:06,72.3,21.74
9/30/2024 22:16,72.1,21.75
9/30/2024 22:26,70.8,21.75
9/30/2024 22:36,72.4,21.75
9/30/2024 22:46,73.7,21.74
9/30/2024 22:56,72.3,21.74
9/30/2024 23:06,72.9,21.73
9/30/2024 23:16,71.2,21.72
9/30/2024 23:26,72.7,21.72
9/30/2024 23:36,73.4,21.71
9/30/2024 23:46,74.5,21.69
9/30/2024 23:56,73.7,21.68
10/1/2024 0:06,72.8,21.67
10/1/2024 0:16,70.1,21.64
10/1/2024 0:26,71.8,21.62
10/1/2024 0:36,71.4,21.6
10/1/2024 0:46,72.6,21.56
10/1/2024 0:56,72.4,21.53
10/1/2024 1:06,72.1,21.5
10/1/2024 1:16,73.9,21.46
10/1/2024 1:26,72.3,21.43
10/1/2024 1:36,71.8,21.39
10/1/2024 1:46,73.5,21.36
10/1/2024 1:56,73.3,21.32
10/1/2024 2:06,73.8,21.27
10/1/2024 2:16,73.4,21.21
10/1/2024 2:26,73.4,21.18
10/1/2024 2:36,73,21.14
10/1/2024 2:46,73.9,21.1
10/1/2024 2:56,73.6,21.07
10/1/2024 3:06,74.2,21.03
10/1/2024 3:16,73.4,20.99
10/1/2024 3:26,74.1,20.96
10/1/2024 3:36,72.6,20.92
10/1/2024 3:46,73.3,20.89
10/1/2024 3:56,73.1,20.86
10/1/2024 4:06,73.1,20.82
10/1/2024 4:16,73.5,20.78
10/1/2024 4:26,74,20.75
10/1/2024 4:36,73.4,20.71
10/1/2024 4:46,73.1,20.67
10/1/2024 4:56,73.7,20.64
10/1/2024 5:06,73.9,20.6
10/1/2024 5:16,74.2,20.56
10/1/2024 5:26,74.9,20.53
10/1/2024 5:36,71.6,20.49
10/1/2024 5:46,74.5,20.46
10/1/2024 5:56,74.6,20.42
10/1/2024 6:06,75,20.37
10/1/2024 6:16,74.3,20.34
10/1/2024 6:26,75.2,20.3
10/1/2024 6:36,72.8,20.27
10/1/2024 6:46,73.6,20.23
10/1/2024 6:56,74.4,20.19
10/1/2024 7:06,74.6,20.16
10/1/2024 7:16,75.3,20.12
10/1/2024 7:26,74.1,20.09
10/1/2024 7:36,75,20.06
10/1/2024 7:46,74.7,20.03
10/1/2024 7:56,74.1,19.99
10/1/2024 8:06,73.8,19.96
10/1/2024 8:16,74.7,19.94
10/1/2024 8:26,75.7,19.91
10/1/2024 8:36,74.8,19.89
10/1/2024 8:46,74.7,19.87
10/1/2024 8:56,74.9,19.84
10/1/2024 9:06,75.7,19.83
10/1/2024 9:16,75,19.81
10/1/2024 9:26,73.9,19.81
10/1/2024 9:36,75,19.8
10/1/2024 9:46,72.3,19.8
10/1/2024 9:56,74.7,19.81
10/1/2024 10:06,73.1,19.82
10/1/2024 10:16,74,19.84
10/1/2024 10:26,73.6,19.86
10/1/2024 10:36,75.2,19.88
10/1/2024 10:46,73,19.9
10/1/2024 10:56,74.6,19.93
10/1/2024 11:06,73.2,19.96
10/1/2024 11:16,74.7,20
10/1/2024 11:26,74.1,20.04
10/1/2024 11:36,73.8,20.1
10/1/2024 11:46,73.3,20.17
10/1/2024 11:56,73.9,20.25
10/1/2024 12:06,74.6,20.33
10/1/2024 12:16,73.5,20.41
10/1/2024 12:26,72.5,20.48
10/1/2024 12:36,74.1,20.56
10/1/2024 12:46,74.7,20.64
10/1/2024 12:56,72.4,20.71
10/1/2024 13:06,74.8,20.76
10/1/2024 13:16,73,20.83
10/1/2024 13:26,72.7,20.87
10/1/2024 13:36,74.7,20.93
10/1/2024 13:46,74.5,20.96
10/1/2024 13:56,74,21
10/1/2024 14:06,75.2,21.03
10/1/2024 14:16,73.8,21.05
10/1/2024 14:26,72.6,21.07
10/1/2024 14:36,73.7,21.08
10/1/2024 14:46,74,21.09
10/1/2024 14:56,72.9,21.1
10/1/2024 15:06,73.3,21.11
10/1/2024 15:16,73.1,21.12
10/1/2024 15:26,73.3,21.13
10/1/2024 15:36,72.5,21.14
10/1/2024 15:46,73.2,21.15
10/1/2024 15:56,72.4,21.17
10/1/2024 16:06,72.7,21.18
10/1/2024 16:16,73.8,21.21
10/1/2024 16:26,73,21.24
10/1/2024 16:36,74.1,21.28
10/1/2024 16:46,72.7,21.33
10/1/2024 16:56,72,21.38
10/1/2024 17:06,73.5,21.43
10/1/2024 17:16,73.1,21.5
10/1/2024 17:26,73.6,21.55
10/1/2024 17:36,72.3,21.61
10/1/2024 17:46,75.1,21.67
10/1/2024 17:56,72.9,21.74
10/1/2024 18:06,72.8,21.8
10/1/2024 18:16,72.9,21.86
10/1/2024 18:26,72.9,21.91
10/1/2024 18:36,74.3,21.96
10/1/2024 18:46,73.6,22.01
10/1/2024 18:56,73.5,22.06
10/1/2024 19:06,74.7,22.12
10/1/2024 19:16,74.6,22.18
10/1/2024 19:26,73.7,22.24
10/1/2024 19:36,72.9,22.3
10/1/2024 19:46,71.3,22.34
10/1/2024 19:56,74.9,22.39
10/1/2024 20:06,72.4,22.43
10/1/2024 20:16,71.8,22.47
10/1/2024 20:26,72.3,22.51
10/1/2024 20:36,73.7,22.54
10/1/2024 20:46,74.1,22.57
10/1/2024 20:56,73.3,22.59
10/1/2024 21:06,71.3,22.61
10/1/2024 21:16,74.1,22.62
10/1/2024 21:26,73.7,22.64
10/1/2024 21:36,74.2,22.65
10/1/2024 21:46,74.1,22.66
10/1/2024 21:56,74.3,22.66
10/1/2024 22:06,74.8,22.66
10/1/2024 22:16,72.9,22.65
10/1/2024 22:26,73.7,22.65
10/1/2024 22:36,73.1,22.64
10/1/2024 22:46,72.8,22.63
10/1/2024 22:56,73.5,22.62
10/1/2024 23:06,73.2,22.6
10/1/2024 23:16,74.7,22.58
10/1/2024 23:26,73,22.56
10/1/2024 23:36,73.4,22.53
10/1/2024 23:46,74.2,22.5
10/1/2024 23:56,71.7,22.47
10/2/2024 0:06,73.4,22.44
10/2/2024 0:16,74.8,22.41
10/2/2024 0:26,73,22.37
10/2/2024 0:36,73.1,22.34
10/2/2024 0:46,72.7,22.29
10/2/2024 0:56,73.8,22.25
10/2/2024 1:06,72.6,22.2
10/2/2024 1:16,73.4,22.15
10/2/2024 1:26,75.3,22.09
10/2/2024 1:36,74.2,22.05
10/2/2024 1:46,74.8,21.99
10/2/2024 1:56,75.1,21.94
10/2/2024 2:06,74.9,21.88
10/2/2024 2:16,74.2,21.84
10/2/2024 2:26,75,21.78
10/2/2024 2:36,74.6,21.73
10/2/2024 2:46,75.4,21.67
10/2/2024 2:56,73.9,21.62
10/2/2024 3:06,74.3,21.56
10/2/2024 3:16,74.9,21.51
10/2/2024 3:26,75,21.46
10/2/2024 3:36,75.9,21.4
10/2/2024 3:46,74.8,21.34
10/2/2024 3:56,75,21.29
10/2/2024 4:06,75.3,21.24
10/2/2024 4:16,75.3,21.17
10/2/2024 4:26,75.4,21.12
10/2/2024 4:36,75.4,21.06
10/2/2024 4:46,74.5,21.01
10/2/2024 4:56,75.6,20.95
10/2/2024 5:06,76.7,20.9
10/2/2024 5:16,77.2,20.84
10/2/2024 5:26,75.9,20.79
10/2/2024 5:36,76.6,20.74
10/2/2024 5:46,75.8,20.68
10/2/2024 5:56,76.2,20.63
10/2/2024 6:06,76.2,20.58
10/2/2024 6:16,75.7,20.53
10/2/2024 6:26,76.7,20.48
10/2/2024 6:36,75,20.43
10/2/2024 6:46,76.7,20.38
10/2/2024 6:56,76.1,20.33
10/2/2024 7:06,76.7,20.28
10/2/2024 7:16,75.9,20.24
10/2/2024 7:26,75.3,20.18
10/2/2024 7:36,75.4,20.14
10/2/2024 7:46,76.2,20.1
10/2/2024 7:56,76,20.06
10/2/2024 8:06,77.1,20.02
10/2/2024 8:16,74.9,19.99
10/2/2024 8:26,75.3,19.97
10/2/2024 8:36,76.9,19.95
10/2/2024 8:46,76.7,19.93
10/2/2024 8:56,75.4,19.91
10/2/2024 9:06,76,19.91
10/2/2024 9:16,75.1,19.9
10/2/2024 9:26,75.2,19.91
10/2/2024 9:36,75.7,19.92
10/2/2024 9:46,76.6,19.92
10/2/2024 9:56,74.2,19.94
10/2/2024 10:06,74.5,19.96
10/2/2024 10:16,74.3,19.98
10/2/2024 10:26,75.2,20
10/2/2024 10:36,75.3,20.03
10/2/2024 10:46,76.1,20.06
10/2/2024 10:56,75.8,20.09
10/2/2024 11:06,73.6,20.12
10/2/2024 11:16,76.8,20.16
10/2/2024 11:26,72.7,20.2
10/2/2024 11:36,76.4,20.25
10/2/2024 11:46,74.6,20.31
10/2/2024 11:56,75,20.38
10/2/2024 12:06,75.7,20.45
10/2/2024 12:16,75.6,20.53
10/2/2024 12:26,73.4,20.6
10/2/2024 12:36,75.4,20.67
10/2/2024 12:46,75.1,20.73
10/2/2024 12:56,73.3,20.79
10/2/2024 13:06,74.5,20.85
10/2/2024 13:16,74.7,20.9
10/2/2024 13:26,74.2,20.95
10/2/2024 13:36,73.6,21
10/2/2024 13:46,74.2,21.03
10/2/2024 13:56,75.2,21.07
10/2/2024 14:06,72.8,21.1
10/2/2024 14:16,74.5,21.12
10/2/2024 14:26,74.2,21.13
10/2/2024 14:36,75.2,21.14
10/2/2024 14:46,73.3,21.15
10/2/2024 14:56,75.2,21.15
10/2/2024 15:06,74,21.16
10/2/2024 15:16,74,21.17
10/2/2024 15:26,74.5,21.17
10/2/2024 15:36,74.1,21.18
10/2/2024 15:46,73.6,21.19
10/2/2024 15:56,74.5,21.2
10/2/2024 16:06,74.1,21.21
10/2/2024 16:16,74.8,21.23
10/2/2024 16:26,73.6,21.26
10/2/2024 16:36,74.9,21.28
10/2/2024 16:46,73.1,21.32
10/2/2024 16:56,73.4,21.36
10/2/2024 17:06,73,21.41
10/2/2024 17:16,73.8,21.46
10/2/2024 17:26,72.2,21.52
10/2/2024 17:36,75.1,21.58
10/2/2024 17:46,73.1,21.64
10/2/2024 17:56,72.9,21.71
10/2/2024 18:16,73.5,21.84
10/2/2024 18:26,72.2,21.9
10/2/2024 18:36,72.8,21.95
10/2/2024 18:46,73.8,22
10/2/2024 18:56,73.3,22.05
10/2/2024 19:06,72.2,22.1
10/2/2024 19:16,72.4,22.16
10/2/2024 19:26,71.8,22.21
10/2/2024 19:36,73,22.27
10/2/2024 19:46,72.3,22.32
10/2/2024 19:56,72.8,22.37
10/2/2024 20:06,72.3,22.42
10/2/2024 20:16,71.7,22.46
10/2/2024 20:26,71.2,22.5
10/2/2024 20:36,70.8,22.53
10/2/2024 20:46,73,22.56
10/2/2024 20:56,71.3,22.58
10/2/2024 21:06,72.3,22.6
10/2/2024 21:16,73.1,22.62
10/2/2024 21:26,72.9,22.64
10/2/2024 21:36,72.7,22.65
10/2/2024 21:46,73.2,22.65
10/2/2024 21:56,72.7,22.66
10/2/2024 22:06,71.7,22.66
10/2/2024 22:16,72.9,22.66
10/2/2024 22:26,71.9,22.66
10/2/2024 22:36,73.1,22.66
10/2/2024 22:46,72.6,22.66
10/2/2024 22:56,71.8,22.65
10/2/2024 23:06,72.5,22.65
10/2/2024 23:16,72.8,22.65
10/2/2024 23:26,71.8,22.64
10/2/2024 23:36,73.2,22.63
10/2/2024 23:46,72.1,22.61
10/2/2024 23:56,72.9,22.59
10/3/2024 0:06,73.5,22.56
10/3/2024 0:16,72.8,22.53
10/3/2024 0:26,73.5,22.48
10/3/2024 0:36,72.8,22.44
10/3/2024 0:46,72,22.4
10/3/2024 0:56,73.9,22.35
10/3/2024 1:06,72.2,22.31
10/3/2024 1:16,72.8,22.26
10/3/2024 1:26,73.1,22.22
10/3/2024 1:36,74,22.18
10/3/2024 1:46,73.8,22.13
10/3/2024 1:56,73.6,22.09
10/3/2024 2:06,75.4,22.05
10/3/2024 2:16,73,22.01
10/3/2024 2:26,73.7,21.97
10/3/2024 2:36,73,21.93
10/3/2024 2:46,75.7,21.89
10/3/2024 2:56,73.3,21.86
10/3/2024 3:06,73.6,21.81
10/3/2024 3:16,73,21.77
10/3/2024 3:26,72.4,21.73
10/3/2024 3:36,73.9,21.69
10/3/2024 3:46,73.6,21.65
10/3/2024 3:56,73.3,21.6
10/3/2024 4:06,73.7,21.56
10/3/2024 4:16,75.2,21.52
10/3/2024 4:26,74.4,21.47
10/3/2024 4:36,73.7,21.42
10/3/2024 4:46,72.7,21.38
10/3/2024 4:56,73.7,21.34
10/3/2024 5:06,74.7,21.3
10/3/2024 5:16,74.1,21.26
10/3/2024 5:26,74.5,21.22
10/3/2024 5:36,73.4,21.18
10/3/2024 5:46,73.5,21.13
10/3/2024 5:56,74.3,21.1
10/3/2024 6:06,73,21.06
10/3/2024 6:16,74.4,21.02
10/3/2024 6:26,73.8,20.98
10/3/2024 6:36,73.5,20.94
10/3/2024 6:46,73.4,20.9
10/3/2024 6:56,73.8,20.87
10/3/2024 7:06,74.7,20.83
10/3/2024 7:16,73.8,20.8
10/3/2024 7:26,75.3,20.76
10/3/2024 7:36,72.7,20.73
10/3/2024 7:46,75.5,20.7
10/3/2024 7:56,73.9,20.67
10/3/2024 8:06,75.2,20.64
10/3/2024 8:16,73.1,20.61
10/3/2024 8:26,74.8,20.59
10/3/2024 8:36,73.5,20.57
10/3/2024 8:46,74.6,20.54
10/3/2024 8:56,74.3,20.53
10/3/2024 9:06,75.7,20.51
10/3/2024 9:16,74.2,20.49
10/3/2024 9:26,73.7,20.48
10/3/2024 9:36,74.1,20.46
10/3/2024 9:46,74.5,20.45
10/3/2024 9:56,73.9,20.45
10/3/2024 10:06,74.7,20.46
10/3/2024 10:16,73.9,20.46
10/3/2024 10:26,73.5,20.47
10/3/2024 10:36,74.7,20.48
10/3/2024 10:46,74.1,20.49
10/3/2024 10:56,73.6,20.51
10/3/2024 11:06,74.1,20.54
10/3/2024 11:16,73.7,20.57
10/3/2024 11:26,75,20.6
10/3/2024 11:36,73.6,20.65
10/3/2024 11:46,73.9,20.69
10/3/2024 11:56,73.9,20.75
10/3/2024 12:06,73.6,20.82
10/3/2024 12:16,73.1,20.89
10/3/2024 12:26,75.6,20.95
10/3/2024 12:36,74,21.02
10/3/2024 12:46,73.3,21.08
10/3/2024 12:56,75.8,21.13
10/3/2024 13:06,74.7,21.18
10/3/2024 13:16,74.4,21.23
10/3/2024 13:26,72.3,21.26
10/3/2024 13:36,73.5,21.3
10/3/2024 13:46,73.1,21.33
10/3/2024 13:56,72,21.35
10/3/2024 14:06,72.9,21.38
10/3/2024 14:16,75.7,21.39
10/3/2024 14:26,73.1,21.4
10/3/2024 14:36,73.7,21.42
10/3/2024 14:46,74.3,21.43
10/3/2024 14:56,73.4,21.43
10/3/2024 15:06,73.9,21.43
10/3/2024 15:16,73.5,21.43
10/3/2024 15:26,73.6,21.43
10/3/2024 15:36,72.9,21.44
10/3/2024 15:46,73.6,21.46
10/3/2024 15:56,73.4,21.47
10/3/2024 16:06,73.2,21.49
10/3/2024 16:16,72.7,21.52
10/3/2024 16:26,72.6,21.55
10/3/2024 16:36,73.9,21.58
10/3/2024 16:46,72.8,21.64
10/3/2024 16:56,72.7,21.69
10/3/2024 17:06,72,21.74
10/3/2024 17:16,72.1,21.8
10/3/2024 17:26,74.2,21.85
10/3/2024 17:36,73.2,21.9
10/3/2024 17:46,71.4,21.95
10/3/2024 17:56,72.6,22
10/3/2024 18:06,72.3,22.04
10/3/2024 18:16,71.4,22.07
10/3/2024 18:26,71.6,22.09
10/3/2024 18:36,70.9,22.12
10/3/2024 18:46,70.5,22.15
10/3/2024 18:56,71.9,22.17
10/3/2024 19:06,71.9,22.2
10/3/2024 19:16,72.5,22.24
10/3/2024 19:26,74.3,22.27
10/3/2024 19:36,70.8,22.3
10/3/2024 19:46,72,22.33
10/3/2024 19:56,72.1,22.36
10/3/2024 20:06,71.8,22.39
10/3/2024 20:16,70.9,22.42
10/3/2024 20:26,72.4,22.44
10/3/2024 20:36,72.5,22.46
10/3/2024 20:46,72,22.48
10/3/2024 20:56,70.9,22.5
10/3/2024 21:06,72.5,22.52
10/3/2024 21:16,72.8,22.53
10/3/2024 21:26,73.6,22.54
10/3/2024 21:36,71.9,22.55
10/3/2024 21:46,72.4,22.56
10/3/2024 21:56,74.4,22.57
10/3/2024 22:06,72.3,22.58
10/3/2024 22:16,72.9,22.59
10/3/2024 22:26,72.6,22.6
10/3/2024 22:36,73.5,22.6
10/3/2024 22:46,72.8,22.61
10/3/2024 22:56,73.2,22.61
10/3/2024 23:06,71,22.61
10/3/2024 23:16,72.5,22.62
10/3/2024 23:26,71.4,22.62
10/3/2024 23:36,73.7,22.61
10/3/2024 23:46,71.7,22.61
10/3/2024 23:56,73.3,22.6
10/4/2024 0:06,73.4,22.6
10/4/2024 0:16,72.6,22.6
10/4/2024 0:26,72.1,22.59
10/4/2024 0:36,73.4,22.58
10/4/2024 0:46,72.8,22.57
10/4/2024 0:56,73.2,22.55
10/4/2024 1:06,72.3,22.53
10/4/2024 1:16,72.3,22.51
10/4/2024 1:26,73.2,22.48
10/4/2024 1:36,73.4,22.45
10/4/2024 1:46,73,22.42
10/4/2024 1:56,73.2,22.38
10/4/2024 2:06,73,22.34
10/4/2024 2:16,74,22.31
10/4/2024 2:26,73.5,22.27
10/4/2024 2:36,73.6,22.23
10/4/2024 2:46,74.7,22.2
10/4/2024 2:56,73.5,22.16
10/4/2024 3:06,72.6,22.12
10/4/2024 3:16,72.9,22.08
10/4/2024 3:26,74.3,22.04
10/4/2024 3:36,72.9,22
10/4/2024 3:46,73.9,21.96
10/4/2024 3:56,74.7,21.92
10/4/2024 4:06,73.5,21.88
10/4/2024 4:16,72.7,21.84
10/4/2024 4:26,73.7,21.8
10/4/2024 4:36,75.4,21.75
10/4/2024 4:46,73.9,21.7
10/4/2024 4:56,73.8,21.66
10/4/2024 5:06,74.9,21.61
10/4/2024 5:16,74.2,21.57
10/4/2024 5:26,76.2,21.52
10/4/2024 5:36,75.6,21.47
10/4/2024 5:46,74,21.42
10/4/2024 5:56,74.3,21.38
10/4/2024 6:06,74.6,21.33
10/4/2024 6:16,73.2,21.28
10/4/2024 6:26,75.1,21.23
10/4/2024 6:36,74.5,21.18
10/4/2024 6:46,74,21.13
10/4/2024 6:56,74.1,21.08
10/4/2024 7:06,74.6,21.03
10/4/2024 7:16,73.3,20.99
10/4/2024 7:26,74.2,20.95
10/4/2024 7:36,74.9,20.91
10/4/2024 7:46,73,20.88
10/4/2024 7:56,73.6,20.84
10/4/2024 8:06,73.6,20.82
10/4/2024 8:16,74,20.79
10/4/2024 8:26,73.9,20.78
10/4/2024 8:36,74.2,20.76
10/4/2024 8:46,74.8,20.76
10/4/2024 8:56,74.1,20.75
10/4/2024 9:06,74.2,20.74
10/4/2024 9:16,72.7,20.73
10/4/2024 9:26,73.6,20.72
10/4/2024 9:36,74.4,20.71
10/4/2024 9:46,73.3,20.71
10/4/2024 9:56,73.9,20.72
10/4/2024 10:06,73.1,20.72
10/4/2024 10:16,73.3,20.72
10/4/2024 10:26,73.3,20.73
10/4/2024 10:36,73.1,20.74
10/4/2024 10:46,73.8,20.76
10/4/2024 10:56,73.9,20.79
10/4/2024 11:06,73.1,20.8
10/4/2024 11:16,73.5,20.83
10/4/2024 11:26,73.7,20.86
10/4/2024 11:36,72.9,20.9
10/4/2024 11:46,73.2,20.94
10/4/2024 11:56,74.3,20.99
10/4/2024 12:06,72.3,21.05
10/4/2024 12:16,72.8,21.11
10/4/2024 12:26,72.5,21.17
10/4/2024 12:36,73.8,21.23
10/4/2024 12:46,73,21.29
10/4/2024 12:56,71.8,21.34
10/4/2024 13:06,72.9,21.39
10/4/2024 13:16,72,21.43
10/4/2024 13:26,72.8,21.46
10/4/2024 13:36,71.9,21.49
10/4/2024 13:46,73.4,21.51
10/4/2024 13:56,74.2,21.53
10/4/2024 14:06,73.8,21.54
10/4/2024 14:16,73.7,21.54
10/4/2024 14:26,72.4,21.55
10/4/2024 14:36,73.1,21.55
10/4/2024 14:46,72.4,21.55
10/4/2024 14:56,71.4,21.55
10/4/2024 15:06,71.5,21.55
10/4/2024 15:16,72.7,21.56
10/4/2024 15:26,72.2,21.56
10/4/2024 15:36,71.9,21.57
10/4/2024 15:46,72.3,21.57
10/4/2024 15:56,74,21.59
10/4/2024 16:06,73.4,21.61
10/4/2024 16:16,73.4,21.64
10/4/2024 16:26,72.1,21.67
10/4/2024 16:36,71.9,21.71
10/4/2024 16:46,73,21.75
10/4/2024 16:56,74.2,21.8
10/4/2024 17:06,73.3,21.86
10/4/2024 17:16,72.9,21.91
10/4/2024 17:26,73.2,21.97
10/4/2024 17:36,73.1,22.03
10/4/2024 17:46,72.1,22.08
10/4/2024 17:56,72.6,22.13
10/4/2024 18:06,72.2,22.18
10/4/2024 18:16,72.4,22.22
10/4/2024 18:26,72.3,22.25
10/4/2024 18:36,72.5,22.29
10/4/2024 18:46,70.7,22.32
10/4/2024 18:56,72.9,22.35
10/4/2024 19:06,70.7,22.38
10/4/2024 19:16,70.5,22.42
10/4/2024 19:26,70.5,22.45
10/4/2024 19:36,73,22.48
10/4/2024 19:46,72.6,22.51
10/4/2024 19:56,72.4,22.54
10/4/2024 20:06,70.9,22.56
10/4/2024 20:16,71.5,22.59
10/4/2024 20:26,72.1,22.61
10/4/2024 20:36,71.6,22.63
10/4/2024 20:46,72.2,22.64
10/4/2024 20:56,72.1,22.65
10/4/2024 21:06,72.8,22.67
10/4/2024 21:16,70.9,22.67
10/4/2024 21:26,73.4,22.68
10/4/2024 21:36,72.4,22.68
10/4/2024 21:46,73.6,22.69
10/4/2024 21:56,72.3,22.68
10/4/2024 22:06,73.5,22.68
10/4/2024 22:16,73.8,22.68
10/4/2024 22:26,71.7,22.67
10/4/2024 22:36,73,22.67
10/4/2024 22:46,71.8,22.66
10/4/2024 22:56,72.2,22.65
10/4/2024 23:06,72,22.65
10/4/2024 23:16,73.3,22.64
10/4/2024 23:26,73.3,22.63
10/4/2024 23:36,73.3,22.62
10/4/2024 23:46,70.9,22.6
10/4/2024 23:56,73.9,22.58
10/5/2024 0:06,72.5,22.55
10/5/2024 0:16,72.7,22.52
10/5/2024 0:26,73.1,22.48
10/5/2024 0:36,73.8,22.45
10/5/2024 0:46,73.6,22.41
10/5/2024 0:56,72.8,22.36
10/5/2024 1:06,73.5,22.31
10/5/2024 1:16,73.4,22.26
10/5/2024 1:26,71.7,22.21
10/5/2024 1:36,72.6,22.16
10/5/2024 1:46,74,22.12
10/5/2024 1:56,74.1,22.07
10/5/2024 2:06,75.4,22.02
10/5/2024 2:16,73.4,21.96
10/5/2024 2:26,74.4,21.91
10/5/2024 2:36,72.8,21.86
10/5/2024 2:46,73.5,21.8
10/5/2024 2:56,74.6,21.75
10/5/2024 3:06,73.6,21.7
10/5/2024 3:16,72.2,21.65
10/5/2024 3:26,74,21.6
10/5/2024 3:36,74.5,21.55
10/5/2024 3:46,73.9,21.5
10/5/2024 3:56,73.4,21.45
10/5/2024 4:06,72.4,21.41
10/5/2024 4:16,74.3,21.37
10/5/2024 4:26,74.7,21.33
10/5/2024 4:36,74.7,21.3
10/5/2024 4:46,73.7,21.26
10/5/2024 4:56,74.2,21.23
10/5/2024 5:06,74.4,21.2
10/5/2024 5:16,73.8,21.16
10/5/2024 5:26,73.8,21.13
10/5/2024 5:36,75.2,21.1
10/5/2024 5:46,74,21.07
10/5/2024 5:56,73.2,21.03
10/5/2024 6:06,73.1,21
10/5/2024 6:16,72.1,20.97
10/5/2024 6:26,74.1,20.94
10/5/2024 6:36,73.8,20.91
10/5/2024 6:46,72.9,20.88
10/5/2024 6:56,72.8,20.85
10/5/2024 7:06,74.4,20.81
10/5/2024 7:16,74,20.79
10/5/2024 7:26,73.9,20.76
10/5/2024 7:36,73,20.72
10/5/2024 7:46,74.2,20.69
10/5/2024 7:56,74.2,20.66
10/5/2024 8:06,73.9,20.64
10/5/2024 8:16,75,20.61
10/5/2024 8:26,74.6,20.59
10/5/2024 8:36,72.8,20.57
10/5/2024 8:46,74.6,20.55
10/5/2024 8:56,74.2,20.54
10/5/2024 9:06,73.8,20.53
10/5/2024 9:16,73.6,20.52
10/5/2024 9:26,72.8,20.51
10/5/2024 9:36,73.3,20.51
10/5/2024 9:46,72.1,20.51
10/5/2024 9:56,73.1,20.52
10/5/2024 10:06,74,20.52
10/5/2024 10:16,73.5,20.54
10/5/2024 10:26,74,20.55
10/5/2024 10:36,72.6,20.56
10/5/2024 10:46,72.3,20.58
10/5/2024 10:56,73.9,20.59
10/5/2024 11:06,71.7,20.62
10/5/2024 11:16,72.9,20.65
10/5/2024 11:26,72.7,20.68
10/5/2024 11:36,73,20.72
10/5/2024 11:46,73.1,20.76
10/5/2024 11:56,73,20.81
10/5/2024 12:06,72.9,20.87
10/5/2024 12:16,72.7,20.93
10/5/2024 12:26,72.9,20.99
10/5/2024 12:36,73.9,21.04
10/5/2024 12:46,72.8,21.1
10/5/2024 12:56,72.3,21.15
10/5/2024 13:06,73,21.2
10/5/2024 13:16,72.4,21.24
10/5/2024 13:26,72,21.28
10/5/2024 13:36,72.2,21.32
10/5/2024 13:46,71.3,21.35
10/5/2024 13:56,71.6,21.36
10/5/2024 14:06,71.6,21.38
10/5/2024 14:16,73.1,21.38
10/5/2024 14:26,71.3,21.38
10/5/2024 14:36,71.6,21.37
10/5/2024 14:46,71.7,21.36
10/5/2024 14:56,71.2,21.35
10/5/2024 15:06,71.8,21.35
10/5/2024 15:16,71.7,21.35
10/5/2024 15:26,71.2,21.35
10/5/2024 15:36,71.5,21.35
10/5/2024 15:46,70.5,21.36
10/5/2024 15:56,71.7,21.38
10/5/2024 16:06,71.8,21.4
10/5/2024 16:16,71.5,21.42
10/5/2024 16:26,71.6,21.45
10/5/2024 16:36,71.7,21.49
10/5/2024 16:46,71.2,21.53
10/5/2024 16:56,71.3,21.58
10/5/2024 17:16,71.6,21.7
10/5/2024 17:26,71.4,21.75
10/5/2024 17:36,70.1,21.81
10/5/2024 17:46,72.6,21.86
10/5/2024 17:56,70.2,21.91
10/5/2024 18:06,71.2,21.95
10/5/2024 18:16,69.4,21.99
10/5/2024 18:26,71.1,22.04
10/5/2024 18:36,71.1,22.08
10/5/2024 18:46,70,22.12
10/5/2024 18:56,69.7,22.14
10/5/2024 19:06,70.7,22.17
10/5/2024 19:16,70.4,22.2
10/5/2024 19:26,69.6,22.24
10/5/2024 19:36,71.6,22.27
10/5/2024 19:46,71.8,22.3
10/5/2024 19:56,70.2,22.33
10/5/2024 20:06,70.6,22.37
10/5/2024 20:16,71.6,22.4
10/5/2024 20:26,69.5,22.42
10/5/2024 20:36,69.8,22.45
10/5/2024 20:46,70.9,22.47
10/5/2024 20:56,70.6,22.49
10/5/2024 21:06,71.2,22.51
10/5/2024 21:16,68.5,22.52
10/5/2024 21:26,70.1,22.53
10/5/2024 21:36,70,22.54
10/5/2024 21:46,70.7,22.55
10/5/2024 21:56,71.2,22.55
10/5/2024 22:06,70.5,22.56
10/5/2024 22:16,70.9,22.56
10/5/2024 22:26,71.5,22.56
10/5/2024 22:36,70,22.56
10/5/2024 22:46,72.4,22.56
10/5/2024 22:56,70.5,22.56
10/5/2024 23:16,71.4,22.55
10/5/2024 23:26,72.2,22.54
10/5/2024 23:36,71.9,22.54
10/5/2024 23:46,70.8,22.52
10/5/2024 23:56,69.8,22.5
10/6/2024 0:06,72.1,22.47
10/6/2024 0:16,72.5,22.45
10/6/2024 0:26,71.6,22.42
10/6/2024 0:36,70.8,22.39
10/6/2024 0:46,69.7,22.35
10/6/2024 0:56,73.2,22.31
10/6/2024 1:06,72.4,22.27
10/6/2024 1:16,70.5,22.22
10/6/2024 1:26,72.9,22.19
10/6/2024 1:36,73.8,22.15
10/6/2024 1:46,72.1,22.1
10/6/2024 1:56,72.5,22.06
10/6/2024 2:06,73.1,22.02
10/6/2024 2:16,72.7,21.96
10/6/2024 2:26,73.6,21.91
10/6/2024 2:36,73.9,21.86
10/6/2024 2:46,72.6,21.81
10/6/2024 2:56,73.8,21.76
10/6/2024 3:06,72.6,21.72
10/6/2024 3:16,72.8,21.67
10/6/2024 3:26,73.2,21.62
10/6/2024 3:36,72.8,21.58
10/6/2024 3:46,72.3,21.54
10/6/2024 3:56,73.8,21.51
10/6/2024 4:06,71.9,21.47
10/6/2024 4:16,73.4,21.44
10/6/2024 4:26,71.9,21.41
10/6/2024 4:36,73.3,21.38
10/6/2024 4:46,72.6,21.35
10/6/2024 4:56,73.1,21.31
10/6/2024 5:06,71.2,21.28
10/6/2024 5:16,71.7,21.25
10/6/2024 5:26,73.8,21.21
10/6/2024 5:36,74.3,21.18
10/6/2024 5:46,73.3,21.15
10/6/2024 5:56,72.2,21.12
10/6/2024 6:06,72.2,21.08
10/6/2024 6:16,74.1,21.05
10/6/2024 6:26,73.9,21.02
10/6/2024 6:36,73.6,20.98
10/6/2024 6:46,72.8,20.95
10/6/2024 6:56,73.5,20.91
10/6/2024 7:06,73.5,20.88
10/6/2024 7:16,73.1,20.85
10/6/2024 7:26,71.7,20.81
10/6/2024 7:36,72.7,20.78
10/6/2024 7:46,73.1,20.75
10/6/2024 7:56,72.3,20.71
10/6/2024 8:06,73,20.69
10/6/2024 8:16,71.7,20.66
10/6/2024 8:26,72.4,20.64
10/6/2024 8:36,73.7,20.61
10/6/2024 8:46,74.1,20.59
10/6/2024 8:56,72.8,20.57
10/6/2024 9:06,74.6,20.55
10/6/2024 9:16,73.3,20.53
10/6/2024 9:26,73.5,20.51
10/6/2024 9:36,74.1,20.5
10/6/2024 9:46,72.4,20.49
10/6/2024 9:56,72.6,20.49
10/6/2024 10:06,72.7,20.49
10/6/2024 10:16,74.2,20.5
10/6/2024 10:26,72.1,20.51
10/6/2024 10:36,72,20.53
10/6/2024 10:46,73.1,20.55
10/6/2024 10:56,73.6,20.57
10/6/2024 11:06,72.4,20.6
10/6/2024 11:16,72,20.63
10/6/2024 11:26,72.7,20.67
10/6/2024 11:36,73.6,20.71
10/6/2024 11:46,72.1,20.77
10/6/2024 11:56,71.9,20.83
10/6/2024 12:06,71.1,20.91
10/6/2024 12:16,71.3,20.98
10/6/2024 12:26,71.4,21.05
10/6/2024 12:36,72,21.13
10/6/2024 12:46,71.3,21.19
10/6/2024 12:56,70.8,21.26
10/6/2024 13:06,71.6,21.32
10/6/2024 13:16,70.1,21.38
10/6/2024 13:26,70.8,21.43
10/6/2024 13:36,71.5,21.48
10/6/2024 13:46,72.2,21.52
10/6/2024 13:56,72.1,21.56
10/6/2024 14:06,71.1,21.6
10/6/2024 14:16,71.4,21.62
10/6/2024 14:26,70.7,21.64
10/6/2024 14:36,70.8,21.65
10/6/2024 14:46,71.5,21.65
10/6/2024 14:56,70.3,21.65
10/6/2024 15:06,70.9,21.65
10/6/2024 15:16,70.9,21.65
10/6/2024 15:26,71.4,21.64
10/6/2024 15:36,71.3,21.64
10/6/2024 15:46,71.2,21.64
10/6/2024 15:56,71.7,21.65
10/6/2024 16:06,71.2,21.65
10/6/2024 16:16,71.7,21.66
10/6/2024 16:26,71.2,21.68
10/6/2024 16:36,70.6,21.69
10/6/2024 16:46,71.2,21.72
10/6/2024 16:56,71.2,21.75
10/6/2024 17:06,71.8,21.78
10/6/2024 17:16,71,21.82
10/6/2024 17:26,72,21.87
10/6/2024 17:36,69.9,21.91
10/6/2024 17:46,70.1,21.96
10/6/2024 17:56,69.6,22.01
10/6/2024 18:06,70,22.06
10/6/2024 18:16,69.9,22.11
10/6/2024 18:26,71.4,22.15
10/6/2024 18:36,69.6,22.2
10/6/2024 18:46,71.2,22.23
10/6/2024 18:56,68.6,22.27
10/6/2024 19:06,71.1,22.3
10/6/2024 19:16,69,22.33
10/6/2024 19:26,69.6,22.36
10/6/2024 19:36,70.2,22.4
10/6/2024 19:46,69.9,22.43
10/6/2024 19:56,70.7,22.45
10/6/2024 20:06,70.4,22.48
10/6/2024 20:16,69.7,22.5
10/6/2024 20:26,68.7,22.53
10/6/2024 20:36,69,22.55
10/6/2024 20:46,70.1,22.56
10/6/2024 20:56,68.4,22.58
10/6/2024 21:06,70.4,22.59
10/6/2024 21:16,67.9,22.6
10/6/2024 21:26,70.1,22.6
10/6/2024 21:36,69.1,22.6
10/6/2024 21:46,69.5,22.6
10/6/2024 21:56,69.9,22.6
10/6/2024 22:06,69.8,22.6
10/6/2024 22:16,69.9,22.59
10/6/2024 22:26,68.9,22.59
10/6/2024 22:36,70.3,22.58
10/6/2024 22:46,70.7,22.57
10/6/2024 22:56,70,22.56
10/6/2024 23:06,70.9,22.55
10/6/2024 23:16,70,22.53
10/6/2024 23:26,70,22.51
10/6/2024 23:36,69.7,22.49
10/6/2024 23:46,68.9,22.46
10/6/2024 23:56,71.1,22.44
10/7/2024 0:06,70.7,22.41
10/7/2024 0:16,70,22.38
10/7/2024 0:26,70.4,22.35
10/7/2024 0:36,71,22.33
10/7/2024 0:46,72.2,22.3
10/7/2024 0:56,71.1,22.26
10/7/2024 1:06,70.2,22.23
10/7/2024 1:16,71.2,22.2
10/7/2024 1:26,72.3,22.15
10/7/2024 1:36,72.7,22.11
10/7/2024 1:46,71.2,22.07
10/7/2024 1:56,71.2,22.02
10/7/2024 2:06,69.9,21.98
10/7/2024 2:16,71.4,21.93
10/7/2024 2:26,71.2,21.89
10/7/2024 2:36,70.2,21.84
10/7/2024 2:46,71.1,21.79
10/7/2024 2:56,70.2,21.74
10/7/2024 3:06,71.5,21.68
10/7/2024 3:16,72.7,21.63
10/7/2024 3:26,72.2,21.58
10/7/2024 3:36,72.4,21.52
10/7/2024 3:46,73.1,21.47
10/7/2024 3:56,72.2,21.42
10/7/2024 4:06,73.3,21.37
10/7/2024 4:16,71.9,21.32
10/7/2024 4:26,72.2,21.28
10/7/2024 4:36,72.1,21.23
10/7/2024 4:46,71.7,21.19
10/7/2024 4:56,71,21.15
10/7/2024 5:06,72.9,21.1
10/7/2024 5:16,71.3,21.06
10/7/2024 5:26,71.6,21.03
10/7/2024 5:36,70.9,20.99
10/7/2024 5:46,71.2,20.94
10/7/2024 5:56,72.2,20.9
10/7/2024 6:06,72.3,20.86
10/7/2024 6:16,71.9,20.82
10/7/2024 6:26,72.7,20.77
10/7/2024 6:36,71.6,20.74
10/7/2024 6:46,72.2,20.69
10/7/2024 6:56,70.7,20.65
10/7/2024 7:06,73.8,20.6
10/7/2024 7:16,73.1,20.56
10/7/2024 7:26,71.7,20.52
10/7/2024 7:36,72.9,20.48
10/7/2024 7:46,73.3,20.44
10/7/2024 7:56,71.9,20.39
10/7/2024 8:06,73.1,20.36
10/7/2024 8:16,73.4,20.33
10/7/2024 8:26,72.5,20.3
10/7/2024 8:36,72.5,20.27
10/7/2024 8:46,73.3,20.24
10/7/2024 8:56,72.7,20.22
10/7/2024 9:06,72.3,20.21
10/7/2024 9:16,73.3,20.2
10/7/2024 9:26,72.8,20.19
10/7/2024 9:36,73,20.19
10/7/2024 9:46,71.6,20.2
10/7/2024 9:56,71.4,20.21
10/7/2024 10:06,72.4,20.22
10/7/2024 10:16,71.3,20.24
10/7/2024 10:26,73,20.26
10/7/2024 10:36,73,20.29
10/7/2024 10:46,73.2,20.32
10/7/2024 10:56,72.4,20.34
10/7/2024 11:06,71,20.37
10/7/2024 11:16,72.4,20.4
10/7/2024 11:26,70.4,20.45
10/7/2024 11:36,71.6,20.49
10/7/2024 11:46,72,20.53
10/7/2024 11:56,70.9,20.58
